Linguistic,Logical-Mathematical,Spatial,Bodily-Kinesthetic,Musical,Interpersonal,Intrapersonal,Naturalistic,Programming,Data_Analysis,Creativity,Mechanical_Skills,Building_Skills,Communication,Empathy,Writing,Marketing,Design_Skills,Recommended_Career_1,Recommended_Career_2,Recommended_Career_3
52,24,28,50,96,85,99,21,1,0,1,1,0,1,1,1,0,0,Marketing Manager,Architect,Civil Engineer
25,88,42,74,26,59,59,44,1,1,1,0,0,0,1,1,1,0,Financial Analyst,Digital Marketer,Architect
86,41,91,38,20,74,33,53,0,1,1,0,0,0,0,1,0,0,Civil Engineer,Teacher,Data Scientist
49,91,68,94,24,78,85,48,0,1,0,1,1,1,0,1,1,0,Lawyer,Psychologist,Teacher
41,57,67,34,71,90,24,24,1,0,0,1,1,0,0,1,1,1,Digital Marketer,Financial Analyst,Software Developer
90,53,45,70,43,77,69,89,1,1,0,1,1,0,1,1,0,0,Software Developer,Psychologist,Doctor
66,69,40,28,67,70,53,63,1,0,1,1,0,0,1,0,1,1,Data Scientist,Civil Engineer,UX/UI Designer
88,61,63,41,72,68,73,47,1,0,1,0,0,1,1,0,0,0,Graphic Designer,Financial Analyst,Teacher
79,91,45,50,74,58,28,50,1,0,0,1,1,1,1,0,1,0,Content Writer,Psychologist,Architect
51,49,46,56,29,44,77,90,0,1,1,0,1,0,1,0,0,0,Civil Engineer,UX/UI Designer,Data Scientist
85,41,88,57,86,58,34,68,0,0,0,1,1,1,0,0,1,0,UX/UI Designer,Digital Marketer,Graphic Designer
48,76,32,44,31,51,66,89,1,1,1,0,1,0,0,0,0,0,Doctor,Civil Engineer,Psychologist
48,75,90,86,25,28,88,26,0,1,0,0,1,1,0,1,0,0,Software Developer,Data Scientist,Digital Marketer
96,63,57,52,22,34,68,97,1,1,0,0,0,1,1,1,0,0,Civil Engineer,Marketing Manager,Architect
69,20,38,30,22,69,22,29,0,0,0,1,0,0,1,1,1,0,Software Developer,Teacher,Financial Analyst
93,66,73,80,28,95,45,92,1,1,0,1,1,1,1,1,1,0,UX/UI Designer,Marketing Manager,Architect
32,61,61,47,25,93,83,42,0,1,1,0,1,1,0,1,0,0,Teacher,Doctor,Marketing Manager
65,78,35,90,83,47,83,66,1,0,1,0,1,0,1,1,1,0,Marketing Manager,Graphic Designer,Architect
32,20,54,39,29,64,62,37,0,1,1,1,1,0,1,0,0,1,Graphic Designer,Financial Analyst,Doctor
69,99,28,87,72,80,74,70,0,0,1,1,1,0,1,0,1,0,Graphic Designer,Civil Engineer,Lawyer
69,74,87,72,77,53,24,90,0,0,1,1,0,0,0,0,0,0,Digital Marketer,Graphic Designer,Civil Engineer
60,71,37,48,56,73,52,43,0,0,0,1,0,1,1,0,0,1,Lawyer,Mechanical Engineer,Marketing Manager
41,89,64,51,55,65,44,98,0,1,0,1,0,1,0,1,0,1,Data Scientist,Mechanical Engineer,UX/UI Designer
89,90,60,23,36,87,89,73,1,0,0,0,0,1,0,1,1,0,UX/UI Designer,Digital Marketer,Content Writer
88,88,49,71,66,36,41,30,0,1,1,1,0,0,0,0,0,0,Digital Marketer,Lawyer,Content Writer
64,99,40,67,84,29,49,46,1,0,1,1,1,0,1,1,1,0,Doctor,Graphic Designer,UX/UI Designer
62,47,61,58,93,53,56,99,1,0,1,0,0,1,0,1,0,1,Teacher,Software Developer,Digital Marketer
43,34,25,56,71,23,22,65,0,1,1,0,1,1,1,0,1,0,Financial Analyst,Mechanical Engineer,Data Scientist
82,46,52,30,23,62,69,24,1,1,0,1,0,0,1,1,1,1,Data Scientist,Mechanical Engineer,Software Developer
88,29,26,21,34,32,45,67,1,1,0,0,1,0,1,0,1,0,Civil Engineer,Psychologist,Software Developer
70,63,62,86,78,52,21,82,0,0,0,0,1,1,0,1,0,0,Digital Marketer,UX/UI Designer,Graphic Designer
74,85,75,60,79,31,26,74,0,1,1,1,1,1,0,1,1,1,Data Scientist,Teacher,Mechanical Engineer
92,47,44,64,21,67,20,84,0,0,1,0,0,1,0,0,1,1,Lawyer,Doctor,Mechanical Engineer
99,65,81,27,97,63,36,45,1,1,0,0,1,1,1,0,0,1,UX/UI Designer,Doctor,Teacher
83,88,66,93,81,29,41,38,0,0,1,0,1,1,0,1,1,1,Software Developer,Financial Analyst,Architect
64,46,32,86,76,77,79,64,0,0,1,0,0,0,0,0,1,0,Mechanical Engineer,Marketing Manager,Graphic Designer
52,27,31,81,36,51,28,91,0,0,1,0,0,1,1,0,1,0,Mechanical Engineer,Psychologist,Data Scientist
28,51,30,62,65,38,61,28,1,1,1,1,0,0,0,1,1,0,Mechanical Engineer,Architect,Graphic Designer
33,65,79,86,65,38,52,70,0,0,1,1,0,0,0,0,1,0,Architect,Doctor,Graphic Designer
85,24,51,77,72,28,88,37,0,0,1,1,1,1,1,1,1,0,Mechanical Engineer,Civil Engineer,Graphic Designer
100,41,81,78,34,52,61,56,0,0,1,1,0,0,0,0,1,0,Graphic Designer,Psychologist,Teacher
94,68,93,51,90,81,96,52,0,0,1,1,1,0,0,0,0,0,Financial Analyst,Graphic Designer,Mechanical Engineer
70,95,74,52,59,47,26,54,1,1,0,1,1,1,1,0,0,1,Digital Marketer,Mechanical Engineer,Marketing Manager
75,40,48,36,20,98,28,59,0,0,1,0,0,0,0,0,1,1,Marketing Manager,Architect,Data Scientist
31,40,79,97,56,56,74,39,0,1,1,0,0,0,1,1,1,1,Digital Marketer,Graphic Designer,Lawyer
72,37,68,22,99,44,43,63,1,0,1,0,0,1,1,1,1,0,Graphic Designer,Content Writer,Psychologist
71,96,79,73,41,50,84,88,0,0,0,0,0,0,1,0,0,0,Financial Analyst,Data Scientist,Content Writer
63,61,21,66,87,90,47,88,1,0,1,1,0,1,0,1,0,0,Content Writer,Digital Marketer,Software Developer
77,67,92,27,36,72,90,60,1,0,0,0,0,0,1,1,1,0,Financial Analyst,Psychologist,UX/UI Designer
30,83,99,58,45,83,94,61,0,0,1,1,0,0,1,1,0,0,Teacher,Mechanical Engineer,Digital Marketer
92,91,86,55,51,84,56,61,1,0,1,1,1,0,1,0,1,1,Doctor,Mechanical Engineer,Psychologist
89,97,49,56,57,74,36,41,1,1,0,0,0,1,1,1,1,0,Digital Marketer,Software Developer,Content Writer
58,45,77,53,97,52,40,83,1,1,0,0,1,0,0,0,0,1,Financial Analyst,Marketing Manager,Psychologist
45,55,81,32,100,80,21,76,1,0,1,1,1,0,0,0,1,1,UX/UI Designer,Teacher,Data Scientist
81,44,72,44,35,49,67,21,1,0,0,1,1,0,1,0,0,0,Architect,Financial Analyst,Teacher
62,86,96,77,57,90,72,39,1,1,1,0,1,1,1,1,1,1,Financial Analyst,Teacher,Lawyer
78,77,23,51,21,57,100,92,0,1,0,1,0,0,1,1,0,0,Financial Analyst,Digital Marketer,Marketing Manager
79,38,90,43,83,37,75,80,1,0,1,1,0,0,1,0,1,0,Content Writer,Marketing Manager,Architect
93,55,39,88,28,56,54,98,1,0,1,0,1,0,1,0,0,0,Mechanical Engineer,Lawyer,Graphic Designer
26,38,28,20,52,60,70,40,1,0,1,0,0,0,1,0,0,1,Lawyer,Software Developer,Psychologist
47,53,78,88,92,51,87,72,0,1,0,1,0,1,1,0,1,0,Content Writer,Digital Marketer,Doctor
55,71,95,98,66,61,41,36,1,0,1,0,0,1,1,0,1,0,Marketing Manager,Mechanical Engineer,Data Scientist
34,66,63,68,45,98,21,41,1,1,0,1,0,1,1,1,0,1,Digital Marketer,Lawyer,Architect
34,45,94,49,85,57,71,71,0,1,1,0,0,1,0,0,0,1,Digital Marketer,Data Scientist,Financial Analyst
98,94,85,33,50,34,33,87,1,1,1,1,1,0,1,0,1,0,Graphic Designer,Data Scientist,Architect
22,45,43,99,97,98,100,41,0,0,0,1,0,0,1,0,0,0,Mechanical Engineer,Lawyer,Content Writer
31,32,53,90,100,23,92,30,1,1,1,1,1,0,1,0,1,0,Mechanical Engineer,Content Writer,UX/UI Designer
74,87,26,51,33,31,73,52,1,0,0,0,0,0,1,0,1,0,Lawyer,Marketing Manager,Data Scientist
84,25,90,32,65,26,44,65,1,1,1,0,1,0,1,0,0,1,Marketing Manager,UX/UI Designer,Psychologist
67,46,87,39,34,99,23,53,0,1,1,0,0,1,1,1,1,0,Psychologist,Teacher,Content Writer
71,37,72,70,29,40,60,35,0,1,1,1,0,1,0,1,1,0,Civil Engineer,Mechanical Engineer,Teacher
85,57,34,65,68,98,88,20,0,1,1,1,0,1,0,0,1,1,UX/UI Designer,Teacher,Lawyer
26,28,51,24,30,80,92,66,0,0,1,0,1,0,1,1,1,1,Psychologist,Financial Analyst,Content Writer
92,56,52,79,74,34,45,61,0,1,0,1,1,0,0,1,1,0,Teacher,Marketing Manager,Digital Marketer
56,30,97,76,28,94,59,84,0,0,1,1,0,0,0,0,1,1,Content Writer,Financial Analyst,Graphic Designer
94,40,26,82,85,50,43,38,1,1,0,1,1,1,0,0,1,1,Doctor,Graphic Designer,Marketing Manager
67,61,84,56,70,52,40,51,1,0,0,1,1,1,1,0,0,1,Content Writer,Mechanical Engineer,Data Scientist
54,61,86,33,88,75,98,100,0,0,1,1,1,1,1,0,0,0,Financial Analyst,Content Writer,Civil Engineer
68,50,58,29,21,28,30,57,0,0,0,0,0,1,0,0,1,1,Doctor,Architect,Software Developer
50,22,23,93,94,51,69,89,1,0,1,0,1,0,1,1,0,1,Financial Analyst,Lawyer,Software Developer
76,23,69,68,23,70,30,84,1,0,1,1,1,1,0,0,1,0,Civil Engineer,Content Writer,Software Developer
38,25,41,74,44,66,67,26,1,1,0,0,0,1,0,1,0,0,Doctor,Software Developer,Teacher
42,57,76,48,45,27,29,100,0,0,1,0,1,1,0,1,0,1,Graphic Designer,Doctor,Psychologist
42,38,43,34,67,96,47,93,0,0,1,1,1,1,0,0,0,0,Marketing Manager,UX/UI Designer,Lawyer
59,27,100,92,42,56,47,74,1,0,0,0,1,0,0,1,0,1,Mechanical Engineer,Marketing Manager,Architect
99,72,74,43,63,95,28,48,0,1,1,0,1,0,1,1,1,1,Content Writer,Graphic Designer,Architect
54,55,42,26,65,85,20,81,1,1,0,0,0,0,0,0,0,1,Psychologist,Data Scientist,UX/UI Designer
24,86,61,29,80,63,66,77,1,0,1,1,0,0,1,0,0,0,Data Scientist,Content Writer,Teacher
29,54,86,42,93,30,26,60,1,1,0,0,0,1,1,1,0,0,Software Developer,Digital Marketer,UX/UI Designer
56,51,65,100,80,27,65,55,0,0,0,0,0,1,0,1,1,1,Content Writer,Civil Engineer,Psychologist
66,86,53,33,70,92,92,91,1,1,0,0,0,1,0,1,0,0,UX/UI Designer,Graphic Designer,Civil Engineer
44,21,49,98,96,41,35,31,0,0,1,0,0,1,0,1,1,1,Software Developer,Marketing Manager,Teacher
81,76,57,61,31,45,84,26,0,1,1,1,0,1,0,0,1,0,Architect,Software Developer,Content Writer
23,24,78,30,46,55,83,97,0,1,1,0,1,1,1,1,0,1,Doctor,Architect,UX/UI Designer
99,66,42,66,20,31,64,46,0,0,0,0,0,1,1,0,1,1,Mechanical Engineer,Lawyer,Doctor
73,33,90,20,36,63,91,91,0,0,0,1,0,1,1,1,0,1,Content Writer,UX/UI Designer,Graphic Designer
31,55,52,88,39,91,77,27,0,1,1,0,0,1,0,0,1,1,Architect,Marketing Manager,Teacher
56,75,22,91,36,91,74,89,0,1,1,0,1,0,0,0,0,1,Marketing Manager,Doctor,Psychologist
62,85,27,35,50,88,30,95,1,0,0,0,0,1,1,1,0,1,Content Writer,Data Scientist,Financial Analyst
25,42,26,54,52,69,50,85,0,1,0,1,0,0,1,1,1,1,Civil Engineer,Digital Marketer,Doctor
97,21,53,90,44,46,93,53,1,0,1,0,1,0,0,0,1,1,Graphic Designer,Mechanical Engineer,Digital Marketer
41,34,46,46,37,75,72,67,0,0,1,0,0,1,1,0,0,0,Content Writer,Teacher,Graphic Designer
43,46,68,21,91,56,74,76,0,1,1,1,1,1,0,1,1,0,Marketing Manager,Data Scientist,Digital Marketer
42,67,61,28,99,54,62,25,1,1,0,0,1,0,1,1,1,0,Civil Engineer,Architect,Software Developer
42,84,87,54,35,29,57,83,0,0,1,0,1,0,0,0,0,1,Psychologist,Mechanical Engineer,Digital Marketer
41,87,35,96,27,26,26,94,0,1,1,0,0,1,0,0,1,0,Civil Engineer,Doctor,Architect
55,61,96,20,84,55,86,25,0,1,1,1,1,1,1,1,0,1,Lawyer,Mechanical Engineer,Content Writer
49,37,58,54,82,28,97,35,0,0,1,0,1,0,0,0,0,0,Financial Analyst,Civil Engineer,Mechanical Engineer
93,51,32,91,38,45,94,39,1,0,0,1,1,0,1,1,0,0,Financial Analyst,Doctor,UX/UI Designer
39,85,96,74,58,70,76,87,1,0,1,0,1,1,0,0,0,1,Software Developer,Mechanical Engineer,Doctor
79,77,50,26,31,37,62,45,0,0,0,0,0,0,0,0,1,1,Doctor,Teacher,UX/UI Designer
45,46,82,63,67,45,30,20,1,0,0,1,0,1,1,0,0,0,Teacher,Data Scientist,Architect
80,64,23,68,33,25,86,40,0,0,1,0,1,0,0,0,0,0,Graphic Designer,Marketing Manager,Architect
99,91,95,94,74,64,72,90,1,1,0,1,1,1,0,1,0,1,Financial Analyst,Data Scientist,Mechanical Engineer
45,41,23,49,84,42,51,42,0,0,0,0,1,0,1,1,0,0,Teacher,Mechanical Engineer,Architect
96,55,94,71,30,66,78,62,0,1,0,0,0,0,1,1,1,1,Civil Engineer,Content Writer,UX/UI Designer
29,93,59,68,83,81,42,100,0,0,1,1,0,1,0,1,0,0,Architect,Data Scientist,Marketing Manager
21,100,36,21,33,70,49,26,1,0,0,0,0,1,0,0,1,0,Content Writer,Mechanical Engineer,Lawyer
61,42,76,44,35,74,65,46,0,1,0,1,1,0,1,1,0,0,Graphic Designer,Financial Analyst,Data Scientist
50,24,35,94,20,99,49,30,0,0,0,0,0,0,0,0,0,1,Data Scientist,UX/UI Designer,Psychologist
98,26,61,93,44,67,40,59,0,1,1,1,0,0,0,1,0,0,Teacher,Software Developer,Content Writer
56,77,65,86,92,24,73,52,0,1,0,0,0,1,1,0,0,1,Financial Analyst,UX/UI Designer,Architect
60,25,34,27,84,23,45,70,1,1,1,1,1,1,0,1,1,0,Data Scientist,Lawyer,Teacher
75,65,87,77,54,70,33,85,1,0,0,1,0,1,1,0,1,1,Financial Analyst,Software Developer,Graphic Designer
39,27,41,100,92,82,31,51,1,0,0,1,0,0,1,1,1,0,Data Scientist,Civil Engineer,Marketing Manager
29,36,84,44,46,66,77,60,0,1,1,1,0,1,0,1,1,0,Financial Analyst,Psychologist,Doctor
30,24,36,52,58,60,32,94,1,0,1,1,1,0,0,1,1,0,Software Developer,Lawyer,Financial Analyst
92,82,37,78,68,64,85,20,1,0,1,1,0,1,1,1,1,0,Digital Marketer,Psychologist,Marketing Manager
32,38,97,82,70,22,49,87,1,0,1,1,0,1,1,1,0,1,Architect,Content Writer,Doctor
45,78,24,51,73,23,76,83,0,1,1,0,1,0,0,0,0,1,Software Developer,Financial Analyst,Psychologist
89,24,71,48,31,71,94,42,0,1,1,0,1,0,1,0,1,0,Graphic Designer,Teacher,UX/UI Designer
39,73,82,86,30,21,71,52,1,0,0,0,0,0,1,0,0,0,Psychologist,Civil Engineer,Data Scientist
98,91,63,73,60,40,91,59,1,1,1,1,1,0,1,0,1,1,Content Writer,Digital Marketer,Doctor
63,51,25,94,45,24,78,53,1,0,1,1,1,0,0,0,0,1,Digital Marketer,Content Writer,Doctor
87,51,48,63,92,73,30,30,1,0,1,1,0,1,1,1,0,1,Content Writer,Teacher,Mechanical Engineer
83,56,39,94,25,63,26,76,1,0,1,0,1,1,1,0,1,0,Data Scientist,Digital Marketer,Architect
31,99,50,70,47,45,75,78,0,1,0,1,1,1,0,1,1,0,Data Scientist,UX/UI Designer,Graphic Designer
96,48,23,92,89,55,21,20,0,0,1,0,0,0,1,0,0,1,UX/UI Designer,Marketing Manager,Doctor
67,57,87,53,72,33,43,21,1,0,1,0,1,1,0,1,1,1,Marketing Manager,Civil Engineer,Data Scientist
42,32,95,45,59,32,24,70,0,0,1,0,1,0,0,0,1,0,Financial Analyst,Content Writer,Digital Marketer
47,94,33,63,75,37,41,59,1,1,1,1,0,1,1,1,0,0,Content Writer,Graphic Designer,Marketing Manager
93,45,67,50,25,94,62,44,1,1,1,0,1,1,1,1,1,1,Psychologist,Architect,Doctor
33,64,61,67,99,64,99,77,1,1,0,0,1,0,0,0,0,0,Doctor,Teacher,Lawyer
77,76,55,22,69,69,30,44,1,0,0,0,0,0,0,0,1,0,Teacher,Software Developer,Data Scientist
34,43,75,31,88,61,89,29,0,1,0,1,1,1,0,0,0,0,Software Developer,Architect,Graphic Designer
60,54,56,20,39,95,31,91,0,0,0,0,0,0,0,0,1,0,Digital Marketer,Lawyer,Teacher
62,64,33,62,36,67,74,34,1,0,0,1,1,0,0,1,1,1,Financial Analyst,Lawyer,Teacher
36,68,47,54,60,81,27,51,0,0,1,1,1,1,1,0,1,1,Doctor,Graphic Designer,Financial Analyst
74,24,83,52,97,67,58,84,1,0,1,0,0,1,1,1,1,1,Teacher,Mechanical Engineer,Lawyer
23,35,36,88,46,90,88,39,1,0,0,0,0,0,0,0,0,0,Doctor,UX/UI Designer,Civil Engineer
82,45,85,53,31,83,20,26,0,1,1,1,1,1,0,1,1,1,Mechanical Engineer,Lawyer,Civil Engineer
77,63,48,100,99,32,80,63,0,1,1,1,1,1,1,0,1,0,Data Scientist,Architect,Mechanical Engineer
41,72,49,32,31,76,78,88,0,1,1,1,1,1,1,1,0,1,Civil Engineer,Software Developer,Data Scientist
100,98,100,80,50,99,48,87,1,0,1,1,1,1,1,0,1,1,Graphic Designer,Content Writer,Software Developer
75,100,50,71,82,74,51,91,1,0,0,1,0,1,1,0,1,0,Graphic Designer,Civil Engineer,Architect
85,50,65,57,36,25,59,77,1,1,1,0,1,1,1,0,0,0,Teacher,Mechanical Engineer,Graphic Designer
79,24,94,90,65,90,95,51,1,0,0,0,0,0,1,0,1,1,Mechanical Engineer,Lawyer,Data Scientist
44,20,55,84,95,54,93,88,1,0,1,1,1,0,1,1,0,1,Marketing Manager,Architect,Lawyer
22,20,46,70,79,76,83,89,1,1,1,0,1,1,1,1,0,0,Lawyer,Data Scientist,Marketing Manager
84,35,49,88,44,71,74,89,0,0,0,0,0,0,0,0,1,0,Digital Marketer,Doctor,Data Scientist
53,80,73,67,36,22,35,88,1,1,1,0,1,0,0,0,1,0,Civil Engineer,Architect,Lawyer
90,70,59,91,23,48,92,83,0,1,1,0,1,0,1,1,0,0,Software Developer,Financial Analyst,Architect
60,71,64,38,65,29,63,66,0,0,0,0,1,1,0,1,1,1,Data Scientist,Psychologist,Teacher
88,64,59,100,53,69,26,87,0,1,1,0,0,0,1,1,1,1,Software Developer,Digital Marketer,UX/UI Designer
20,93,100,29,97,78,49,50,1,0,0,1,0,1,0,0,0,0,Lawyer,Digital Marketer,Mechanical Engineer
73,51,63,24,86,97,94,92,0,0,0,1,1,1,0,1,0,1,Teacher,Software Developer,UX/UI Designer
57,94,49,81,44,75,35,56,0,1,0,1,0,1,1,0,0,1,Doctor,Financial Analyst,Teacher
78,88,68,59,55,63,62,83,0,0,0,0,0,1,0,1,0,0,Psychologist,Graphic Designer,Digital Marketer
28,33,84,96,45,93,44,93,0,1,1,1,1,1,0,1,0,1,UX/UI Designer,Lawyer,Marketing Manager
73,66,36,58,57,94,71,93,0,1,0,1,1,1,1,1,1,1,Data Scientist,Mechanical Engineer,Lawyer
91,48,80,62,71,32,74,40,1,1,1,1,1,0,0,0,1,1,Psychologist,Mechanical Engineer,Digital Marketer
27,86,30,51,63,52,63,43,0,1,0,1,1,1,1,1,0,1,Architect,Psychologist,Digital Marketer
97,95,42,87,36,36,90,89,1,1,1,1,0,0,0,0,0,1,Doctor,UX/UI Designer,Financial Analyst
33,36,47,56,100,59,57,28,0,0,1,1,1,1,1,0,0,1,Graphic Designer,Architect,UX/UI Designer
62,20,43,25,57,79,91,64,0,0,0,0,0,0,0,1,0,0,Financial Analyst,Content Writer,Mechanical Engineer
88,34,21,29,50,83,37,60,1,1,1,1,0,0,0,1,1,0,Software Developer,Psychologist,Graphic Designer
37,94,85,94,85,68,25,49,1,1,0,0,0,1,1,1,1,1,Data Scientist,Financial Analyst,Graphic Designer
80,68,49,31,68,21,95,22,1,1,0,0,1,1,1,0,1,0,Architect,Teacher,Psychologist
53,48,20,62,67,48,67,52,0,0,0,1,1,1,1,0,0,0,Doctor,Graphic Designer,Mechanical Engineer
61,93,88,36,94,54,77,75,0,1,0,1,0,1,0,0,0,0,Mechanical Engineer,Financial Analyst,Psychologist
59,60,37,75,21,42,63,37,0,1,0,1,0,0,0,0,1,0,Lawyer,Mechanical Engineer,Psychologist
35,73,39,87,57,31,80,54,0,0,0,1,0,0,0,1,0,1,Digital Marketer,Mechanical Engineer,Content Writer
23,44,68,89,52,66,58,20,1,0,0,0,0,0,0,1,0,1,Architect,Data Scientist,Teacher
28,40,85,90,76,69,81,60,1,0,0,1,1,1,1,1,1,0,Architect,Psychologist,UX/UI Designer
74,24,54,44,86,87,56,53,1,0,0,0,1,1,1,1,1,0,UX/UI Designer,Financial Analyst,Content Writer
52,66,66,32,63,78,31,100,1,1,1,1,1,0,1,1,0,1,UX/UI Designer,Architect,Software Developer
95,25,50,37,22,25,85,72,0,1,0,0,0,0,0,1,0,0,Data Scientist,Marketing Manager,Psychologist
33,24,65,42,82,72,27,90,0,1,0,0,1,1,0,1,0,1,Civil Engineer,Architect,Marketing Manager
87,95,24,31,26,96,82,34,1,0,1,0,1,1,1,1,0,0,Doctor,Civil Engineer,Financial Analyst
84,65,88,24,23,76,70,71,1,0,0,0,1,1,1,1,0,1,Graphic Designer,Doctor,Psychologist
50,56,40,95,91,53,28,70,1,1,0,1,1,0,1,0,0,0,UX/UI Designer,Content Writer,Psychologist
49,20,72,35,23,24,66,46,0,1,0,1,1,0,0,0,1,0,Software Developer,UX/UI Designer,Architect
75,60,48,95,80,66,58,53,1,0,0,1,0,0,1,1,0,1,Graphic Designer,Mechanical Engineer,Content Writer
88,75,55,82,91,85,93,71,1,0,0,0,0,0,1,1,0,1,Civil Engineer,Financial Analyst,Mechanical Engineer
48,38,30,28,25,56,67,37,0,1,0,1,0,0,0,1,1,1,Digital Marketer,Psychologist,Lawyer
29,32,70,97,37,79,79,81,1,1,0,1,0,1,0,0,1,1,Marketing Manager,Graphic Designer,Teacher
78,68,82,97,21,67,24,93,0,0,1,0,1,0,1,1,1,0,Mechanical Engineer,Data Scientist,Graphic Designer
67,58,43,71,65,37,76,100,0,1,0,1,1,1,1,1,0,1,Teacher,Digital Marketer,Lawyer
55,74,22,78,89,73,67,100,0,0,0,1,1,0,0,0,0,0,Doctor,Digital Marketer,Graphic Designer
72,50,76,79,39,95,56,88,1,1,1,0,0,1,0,1,1,0,Graphic Designer,Content Writer,Data Scientist
86,75,21,67,65,86,37,88,0,0,0,0,0,0,1,1,1,0,Mechanical Engineer,Psychologist,Digital Marketer
56,70,97,29,95,56,90,39,0,1,1,1,0,1,1,1,0,1,Architect,Lawyer,Marketing Manager
31,99,68,81,84,76,90,74,1,0,0,1,1,0,0,0,1,0,Mechanical Engineer,Data Scientist,Architect
71,92,73,50,34,54,38,79,1,1,0,0,1,1,0,1,1,0,Doctor,Architect,Psychologist
63,61,51,73,82,47,53,30,0,1,1,0,0,1,0,0,1,0,Data Scientist,Doctor,Psychologist
39,94,42,84,39,44,45,40,1,0,1,0,0,1,0,1,1,1,Data Scientist,Graphic Designer,Marketing Manager
31,84,68,27,97,22,60,52,1,0,1,1,0,0,1,0,1,1,Architect,Content Writer,Lawyer
98,36,55,97,50,42,76,73,1,0,1,1,1,1,0,1,1,1,UX/UI Designer,Marketing Manager,Doctor
69,44,22,31,71,21,24,95,1,1,0,1,0,1,1,0,0,0,Marketing Manager,Digital Marketer,Teacher
41,49,69,33,47,71,90,51,1,0,1,0,1,1,1,1,1,0,Lawyer,Civil Engineer,Doctor
56,38,92,57,61,93,45,72,0,1,1,0,0,1,1,1,1,0,Content Writer,Doctor,Psychologist
35,94,95,69,69,49,64,36,0,1,0,1,1,1,1,1,1,0,Psychologist,Architect,Digital Marketer
59,79,41,42,56,93,70,86,0,0,1,1,1,0,0,0,1,1,Financial Analyst,Marketing Manager,Mechanical Engineer
96,78,23,96,35,71,51,76,1,1,1,1,1,0,0,0,0,1,Architect,Marketing Manager,Financial Analyst
44,85,91,52,96,37,69,59,1,1,0,0,0,0,0,1,0,0,Digital Marketer,UX/UI Designer,Content Writer
88,23,60,42,87,29,50,61,1,0,0,0,1,1,1,1,0,1,Doctor,Psychologist,UX/UI Designer
64,90,70,80,52,42,52,71,1,0,0,0,0,1,1,0,0,1,Lawyer,Digital Marketer,Data Scientist
61,72,38,84,35,24,63,45,1,0,1,1,0,0,1,0,0,0,Civil Engineer,Data Scientist,Architect
22,77,81,73,44,76,33,62,0,1,0,0,1,1,0,0,0,0,Doctor,Psychologist,Marketing Manager
77,45,79,47,84,43,61,63,0,1,1,0,0,0,1,1,0,1,Financial Analyst,Doctor,Data Scientist
82,29,78,86,53,65,64,62,1,1,0,1,0,1,1,0,0,1,Lawyer,Data Scientist,Doctor
72,88,73,48,27,95,32,29,1,0,0,0,0,1,1,1,0,0,Graphic Designer,Psychologist,Marketing Manager
60,82,85,91,27,23,44,61,0,1,0,0,1,0,1,0,0,1,Teacher,Civil Engineer,Financial Analyst
54,67,37,92,92,45,75,84,0,0,1,0,1,0,0,1,0,0,Data Scientist,Psychologist,Graphic Designer
94,35,90,100,91,30,65,30,1,0,1,0,0,0,0,0,0,0,Data Scientist,Marketing Manager,Financial Analyst
68,49,42,30,63,42,97,75,1,0,1,1,0,0,0,1,1,0,Content Writer,Marketing Manager,Financial Analyst
75,90,89,70,91,64,99,80,0,1,0,0,0,1,1,1,1,0,Teacher,Software Developer,Content Writer
84,49,65,39,54,64,57,37,1,0,0,0,0,0,0,1,1,1,Psychologist,Financial Analyst,Digital Marketer
36,76,39,62,43,20,57,42,1,1,0,1,0,1,0,0,0,0,Financial Analyst,Digital Marketer,Psychologist
67,25,91,81,74,64,33,60,1,0,0,0,0,1,1,0,1,1,Digital Marketer,Graphic Designer,Financial Analyst
78,100,64,66,50,52,99,35,0,0,0,0,1,1,1,1,0,1,UX/UI Designer,Content Writer,Civil Engineer
91,76,68,41,21,57,50,80,1,1,0,1,0,1,1,1,0,1,Financial Analyst,UX/UI Designer,Civil Engineer
98,58,79,61,21,82,35,66,0,0,0,0,1,0,0,1,0,1,Digital Marketer,Marketing Manager,Graphic Designer
20,64,71,34,61,71,26,55,0,0,0,0,0,1,0,1,0,0,UX/UI Designer,Software Developer,Architect
96,84,96,33,32,50,38,71,1,1,0,1,0,0,1,1,0,0,Architect,Content Writer,Psychologist
100,31,57,36,41,21,89,70,0,1,0,0,0,0,0,1,0,0,Graphic Designer,Marketing Manager,Teacher
27,80,68,88,28,27,31,43,1,0,0,1,1,0,1,1,1,1,Civil Engineer,Data Scientist,Software Developer
100,39,98,22,38,60,39,50,1,0,1,0,0,1,1,1,0,1,Civil Engineer,Graphic Designer,Digital Marketer
90,49,79,27,38,56,42,66,0,0,1,1,0,0,1,0,0,1,Graphic Designer,Architect,UX/UI Designer
89,30,37,21,30,55,36,29,1,0,1,1,1,0,0,0,1,0,Content Writer,Architect,Psychologist
44,56,67,80,25,27,91,39,1,0,0,1,0,1,0,0,1,1,Architect,Doctor,Teacher
96,81,95,81,85,28,71,66,1,1,1,1,1,0,0,1,1,1,Lawyer,Marketing Manager,Architect
85,49,79,51,50,36,92,72,1,1,1,0,1,1,0,1,0,0,Mechanical Engineer,Content Writer,Financial Analyst
40,87,66,64,26,86,73,24,0,1,1,0,0,0,0,1,1,0,Psychologist,UX/UI Designer,Data Scientist
81,60,24,48,89,42,63,21,1,0,0,0,0,0,0,0,1,0,Mechanical Engineer,Architect,Data Scientist
26,97,89,69,74,95,95,70,1,0,1,0,0,0,1,0,1,0,Content Writer,Teacher,Marketing Manager
69,92,94,52,88,29,61,55,1,0,1,0,0,1,1,1,1,0,Content Writer,Teacher,Architect
80,44,86,23,54,54,26,40,0,0,0,1,1,1,1,1,0,0,Content Writer,Graphic Designer,Doctor
78,56,57,38,96,26,60,25,1,0,0,0,1,0,1,0,0,1,Teacher,Mechanical Engineer,UX/UI Designer
39,41,63,93,67,84,51,48,1,0,0,0,0,0,0,1,0,1,UX/UI Designer,Doctor,Digital Marketer
97,85,78,29,42,38,100,88,0,0,0,0,1,1,1,0,0,0,Data Scientist,Digital Marketer,Financial Analyst
87,84,31,22,29,44,86,94,0,1,0,1,1,0,0,0,0,1,Teacher,Software Developer,Doctor
20,62,23,21,37,89,56,90,1,1,0,0,1,0,1,1,0,0,Software Developer,Psychologist,Graphic Designer
54,45,41,67,41,20,29,92,0,0,1,1,0,1,1,1,1,1,UX/UI Designer,Data Scientist,Digital Marketer
29,55,52,38,22,81,66,43,0,1,0,1,0,1,0,0,0,0,Civil Engineer,Marketing Manager,Doctor
54,29,43,28,80,55,64,94,1,0,1,0,0,0,0,0,1,0,Digital Marketer,Teacher,Civil Engineer
33,45,92,85,52,71,90,38,1,0,0,0,0,1,1,1,1,0,Marketing Manager,Doctor,Psychologist
90,55,62,89,40,99,70,83,0,1,1,1,1,1,0,0,1,1,UX/UI Designer,Data Scientist,Lawyer
76,34,44,68,21,91,50,35,1,1,1,1,0,0,1,1,1,1,Digital Marketer,Data Scientist,Graphic Designer
48,73,47,80,50,26,56,77,0,1,1,0,0,1,1,1,1,0,Mechanical Engineer,Software Developer,UX/UI Designer
28,71,53,26,79,72,34,66,0,1,0,1,1,1,0,1,0,0,Content Writer,Digital Marketer,Financial Analyst
40,76,40,84,67,74,65,77,1,0,0,1,1,0,1,1,1,0,Content Writer,Digital Marketer,Data Scientist
63,79,37,66,95,76,97,75,0,1,1,0,1,1,0,1,1,0,Software Developer,Digital Marketer,Lawyer
22,27,38,33,70,23,71,97,0,1,0,1,0,0,1,1,1,1,Doctor,Architect,Teacher
57,63,37,94,25,48,85,85,0,1,0,1,1,0,1,1,0,0,Lawyer,Software Developer,Doctor
64,65,56,67,45,41,71,79,0,0,1,0,0,0,0,1,1,0,Data Scientist,Doctor,Financial Analyst
84,90,26,37,91,48,68,86,1,0,1,1,1,0,0,0,0,1,Civil Engineer,Digital Marketer,Doctor
60,33,89,22,96,61,78,72,1,1,1,1,0,1,1,0,1,1,Doctor,Psychologist,Data Scientist
49,20,32,29,70,20,78,21,0,0,1,1,1,1,1,1,0,1,Mechanical Engineer,Lawyer,Software Developer
68,65,90,26,64,56,94,88,1,0,0,0,1,1,0,1,0,1,Lawyer,Marketing Manager,Mechanical Engineer
69,46,97,31,48,98,71,20,0,0,1,1,1,1,0,0,1,1,Graphic Designer,Lawyer,Software Developer
91,53,24,85,26,71,87,69,1,0,0,0,1,1,1,1,0,0,Data Scientist,Teacher,Marketing Manager
39,85,20,76,41,87,99,22,1,1,1,1,1,0,1,1,0,0,Content Writer,UX/UI Designer,Marketing Manager
36,70,46,78,71,29,79,21,1,1,1,0,1,1,0,1,0,0,Doctor,Psychologist,Lawyer
29,79,45,29,77,72,100,67,0,1,0,1,0,0,1,1,0,0,Financial Analyst,Architect,Digital Marketer
85,34,97,64,76,24,22,24,0,1,0,0,1,1,1,1,1,0,Software Developer,UX/UI Designer,Marketing Manager
50,81,100,27,45,41,74,22,1,0,1,1,1,1,0,1,0,0,Civil Engineer,Architect,Doctor
47,95,46,47,39,36,85,94,0,0,1,1,0,1,1,0,1,0,Financial Analyst,Graphic Designer,Marketing Manager
56,61,32,38,64,67,37,57,1,0,0,1,1,1,0,0,0,1,Civil Engineer,Graphic Designer,Psychologist
44,63,77,22,95,55,61,59,0,1,0,0,1,0,0,1,0,1,Marketing Manager,Doctor,Software Developer
33,73,84,94,31,54,67,80,1,0,0,0,1,1,1,0,1,0,Mechanical Engineer,Doctor,Graphic Designer
63,99,47,95,99,40,48,38,1,0,0,1,1,1,1,0,1,0,Mechanical Engineer,Architect,Software Developer
51,64,88,26,93,31,92,71,1,0,0,1,0,0,1,0,0,1,UX/UI Designer,Civil Engineer,Teacher
41,89,47,58,91,67,48,56,0,0,1,1,1,1,0,1,1,1,Civil Engineer,Digital Marketer,Mechanical Engineer
78,66,44,52,46,41,54,66,1,0,0,1,1,0,0,0,1,1,Lawyer,Financial Analyst,Doctor
46,22,27,26,48,75,29,44,0,1,0,1,1,0,0,1,1,1,Civil Engineer,Teacher,Graphic Designer
27,27,55,63,42,42,88,26,1,0,1,1,0,1,0,1,1,1,Psychologist,Graphic Designer,Content Writer
30,43,73,28,47,22,55,23,1,0,1,0,1,1,1,0,1,1,Software Developer,Marketing Manager,Architect
93,45,80,63,96,66,99,39,1,0,1,1,0,1,1,0,1,1,Marketing Manager,Software Developer,Civil Engineer
25,90,72,22,98,80,78,75,1,0,1,1,0,0,1,1,1,0,Mechanical Engineer,Architect,Data Scientist
80,83,97,92,82,26,38,98,1,0,1,0,0,1,1,1,1,1,Mechanical Engineer,Software Developer,Teacher
82,91,51,61,61,44,89,29,1,0,1,0,0,0,0,1,0,0,Architect,Teacher,Civil Engineer
74,47,51,56,48,32,31,66,0,0,0,0,1,0,1,0,1,0,Data Scientist,Psychologist,Teacher
56,53,77,40,99,30,53,44,0,1,1,0,1,1,0,1,0,0,Data Scientist,Architect,Psychologist
99,41,62,29,84,67,94,80,0,0,1,0,0,0,0,0,1,0,Teacher,Marketing Manager,Psychologist
73,92,100,45,76,35,93,59,1,0,0,0,0,0,0,1,0,0,Financial Analyst,UX/UI Designer,Content Writer
93,92,57,62,54,20,53,45,1,1,0,1,0,1,0,1,0,0,Marketing Manager,Financial Analyst,Software Developer
72,82,30,39,24,97,98,23,0,0,1,1,1,0,0,0,0,1,Content Writer,Psychologist,Financial Analyst
99,94,65,32,30,47,36,41,1,0,0,1,0,1,1,0,0,1,Software Developer,Mechanical Engineer,Content Writer
78,92,91,65,44,78,28,80,0,0,0,0,1,1,1,0,0,0,Digital Marketer,Lawyer,Content Writer
75,94,51,40,87,50,36,99,0,1,0,1,1,1,0,0,0,1,Mechanical Engineer,Marketing Manager,Architect
20,41,52,78,51,80,34,22,1,0,1,0,0,1,1,1,1,1,Psychologist,Teacher,Digital Marketer
58,65,25,73,32,42,85,89,0,0,0,1,0,1,0,1,0,1,Civil Engineer,Graphic Designer,Doctor
56,55,87,66,30,20,25,51,0,0,1,1,0,0,0,1,0,0,Graphic Designer,Mechanical Engineer,Architect
96,91,90,93,53,53,74,90,0,0,0,1,0,0,1,1,0,1,Architect,Graphic Designer,Software Developer
20,56,50,23,49,65,65,24,1,0,1,0,1,0,1,1,1,1,Architect,Data Scientist,Financial Analyst
92,62,53,32,71,100,100,81,0,0,0,1,1,0,0,0,1,0,Architect,Software Developer,Mechanical Engineer
25,56,75,94,39,46,78,85,0,1,0,1,0,1,0,0,0,0,Digital Marketer,Data Scientist,Graphic Designer
39,100,39,49,58,29,74,23,1,1,0,1,0,0,1,0,0,0,Teacher,Software Developer,Marketing Manager
54,74,99,55,84,22,97,51,1,1,0,0,0,0,1,1,1,0,Data Scientist,Architect,Doctor
92,67,62,35,71,98,27,77,0,1,1,1,1,0,1,1,0,1,Doctor,Financial Analyst,UX/UI Designer
41,83,47,83,46,30,38,21,0,1,0,0,0,1,1,0,0,1,Content Writer,Marketing Manager,Architect
23,52,85,51,60,70,59,52,0,1,1,0,1,1,0,1,0,0,Digital Marketer,Lawyer,Graphic Designer
48,51,64,97,31,82,58,72,1,1,1,1,0,0,1,1,1,1,Lawyer,Marketing Manager,Software Developer
97,51,20,79,42,86,23,20,0,1,1,0,1,1,1,1,0,1,Doctor,UX/UI Designer,Mechanical Engineer
55,46,21,51,77,51,69,52,0,1,1,1,0,1,0,1,0,1,Mechanical Engineer,Software Developer,Content Writer
52,36,60,45,62,65,33,85,1,1,1,1,1,0,1,1,0,1,Marketing Manager,Data Scientist,Graphic Designer
65,72,64,41,57,87,60,74,0,0,1,0,1,0,0,0,1,0,Civil Engineer,Psychologist,Teacher
43,68,46,63,54,72,46,65,0,0,0,1,1,0,1,0,0,1,Lawyer,Architect,Civil Engineer
25,97,26,34,56,44,30,35,0,0,1,0,0,1,1,1,1,1,UX/UI Designer,Doctor,Mechanical Engineer
52,85,80,50,62,50,51,50,0,1,0,0,0,1,0,1,1,0,Financial Analyst,Psychologist,Content Writer
27,95,96,57,98,26,35,47,1,0,0,1,1,0,0,1,0,0,Mechanical Engineer,Financial Analyst,UX/UI Designer
90,51,88,68,51,75,54,39,0,0,0,1,0,1,1,0,0,1,Digital Marketer,Doctor,Psychologist
88,88,85,37,47,33,95,54,1,0,0,0,0,0,1,0,0,1,Architect,Civil Engineer,Doctor
98,48,72,22,60,76,93,98,0,1,1,0,0,1,1,1,0,1,Marketing Manager,Architect,UX/UI Designer
35,78,57,55,25,89,82,83,0,1,1,1,0,1,0,0,0,0,Psychologist,Data Scientist,Content Writer
23,84,56,54,21,40,96,78,1,1,0,0,0,1,1,0,1,0,Digital Marketer,Civil Engineer,Content Writer
90,67,56,31,38,60,26,27,1,1,1,0,0,0,1,0,1,1,Architect,Marketing Manager,Graphic Designer
68,71,46,60,83,36,68,59,1,1,0,1,1,0,1,1,0,1,Graphic Designer,Financial Analyst,Psychologist
53,69,67,81,49,83,32,26,1,1,1,1,1,0,0,1,0,0,Lawyer,Marketing Manager,Civil Engineer
98,62,95,99,48,29,39,90,0,0,1,0,0,0,0,0,1,1,Psychologist,Financial Analyst,Software Developer
52,43,31,87,84,39,27,69,1,1,0,0,0,0,0,1,1,1,Psychologist,Content Writer,Mechanical Engineer
23,43,94,28,92,28,21,85,1,0,1,1,0,1,1,0,0,1,Financial Analyst,Doctor,Architect
99,59,58,41,41,68,91,38,0,0,1,1,0,1,0,1,0,1,Mechanical Engineer,Graphic Designer,Data Scientist
33,72,24,78,24,89,43,22,1,0,0,0,0,1,1,1,0,1,Data Scientist,Teacher,Mechanical Engineer
21,33,67,83,58,85,47,48,1,1,1,0,1,0,1,1,1,1,Data Scientist,Marketing Manager,UX/UI Designer
34,58,20,66,91,85,68,57,0,1,1,0,1,1,1,0,0,1,Lawyer,Digital Marketer,Financial Analyst
41,93,27,79,23,92,79,67,1,1,1,1,0,0,1,0,1,0,Teacher,Marketing Manager,Software Developer
77,71,22,56,58,55,69,28,1,0,1,0,1,0,0,1,0,0,Teacher,UX/UI Designer,Civil Engineer
36,41,30,76,20,62,30,56,0,1,1,0,1,1,1,1,1,1,Marketing Manager,Content Writer,Doctor
57,68,29,65,42,75,52,77,1,0,0,0,0,0,0,1,0,0,Architect,Lawyer,Doctor
69,96,67,23,32,100,48,49,1,0,1,1,0,1,0,0,1,1,Civil Engineer,Content Writer,Lawyer
67,31,36,53,84,36,78,48,0,1,0,0,0,0,0,0,1,1,Civil Engineer,UX/UI Designer,Data Scientist
85,64,34,55,88,40,46,83,1,1,0,1,1,1,1,1,0,0,Financial Analyst,Data Scientist,Mechanical Engineer
93,38,98,27,93,94,23,77,0,0,1,1,1,0,1,0,0,1,UX/UI Designer,Content Writer,Software Developer
93,36,32,96,36,69,100,32,0,0,1,0,0,1,0,1,0,1,Psychologist,Lawyer,Graphic Designer
75,25,48,71,42,70,91,50,0,1,1,0,1,0,1,1,1,0,Civil Engineer,UX/UI Designer,Marketing Manager
68,45,100,91,70,89,59,29,1,1,0,1,0,1,0,1,0,1,Lawyer,Psychologist,Data Scientist
51,93,34,55,95,69,73,92,1,1,0,1,0,0,0,0,0,1,Teacher,UX/UI Designer,Mechanical Engineer
62,25,31,75,40,28,63,94,0,0,0,0,0,0,1,0,0,1,UX/UI Designer,Psychologist,Marketing Manager
47,31,46,37,80,30,21,96,1,1,0,0,0,1,1,1,0,1,Marketing Manager,Doctor,Graphic Designer
57,48,48,64,80,92,81,54,0,1,1,0,1,0,0,0,1,1,Content Writer,UX/UI Designer,Software Developer
56,80,29,24,85,51,71,20,0,0,0,1,1,1,1,1,1,1,Graphic Designer,Psychologist,Civil Engineer
24,45,87,80,46,84,68,34,1,1,1,0,0,0,1,1,0,0,Graphic Designer,Data Scientist,Marketing Manager
91,67,47,27,27,24,24,71,1,1,0,0,0,1,1,0,1,0,UX/UI Designer,Content Writer,Marketing Manager
78,25,79,52,82,70,82,72,0,0,1,1,1,1,0,0,1,1,Mechanical Engineer,Doctor,Marketing Manager
22,60,43,60,29,27,75,70,0,1,0,1,1,1,1,1,1,1,Financial Analyst,Digital Marketer,Doctor
96,40,66,100,48,49,87,38,1,0,0,1,0,1,0,0,0,0,Civil Engineer,Graphic Designer,Architect
40,26,61,76,99,90,89,48,0,0,1,1,1,0,0,1,1,0,UX/UI Designer,Mechanical Engineer,Financial Analyst
83,34,55,45,69,53,92,28,0,0,0,1,1,0,1,1,1,1,Architect,UX/UI Designer,Psychologist
45,78,48,75,43,89,67,92,0,0,1,1,1,0,1,1,1,1,Mechanical Engineer,Doctor,Marketing Manager
64,85,59,29,91,84,27,61,0,1,0,1,0,1,0,1,1,0,Architect,Lawyer,UX/UI Designer
74,48,35,92,65,33,38,70,0,0,1,0,0,1,1,1,0,1,Lawyer,UX/UI Designer,Software Developer
67,68,76,37,89,94,40,37,1,0,1,0,0,0,0,1,1,0,Civil Engineer,Software Developer,Financial Analyst
36,81,67,58,81,58,94,52,0,0,0,1,1,0,0,1,1,0,Lawyer,Digital Marketer,Doctor
82,32,45,79,21,31,49,91,0,0,1,0,1,0,0,0,0,0,Content Writer,Teacher,Graphic Designer
97,59,58,66,32,41,64,31,1,1,1,0,1,1,1,0,1,1,Doctor,Teacher,UX/UI Designer
69,88,45,81,59,80,62,30,0,1,1,0,0,1,0,1,0,1,Lawyer,UX/UI Designer,Data Scientist
82,79,71,81,43,28,79,83,0,0,0,1,1,1,1,1,0,0,Marketing Manager,Doctor,Psychologist
63,25,71,30,44,41,74,91,1,0,0,1,1,0,1,1,0,1,Software Developer,Psychologist,Digital Marketer
31,83,64,98,60,96,34,85,1,1,0,0,0,0,0,1,0,1,Psychologist,Graphic Designer,Architect
62,43,42,72,27,53,43,73,1,0,0,1,0,1,0,0,1,1,Data Scientist,Teacher,UX/UI Designer
90,81,100,85,63,40,87,81,1,0,1,1,1,1,1,1,1,0,UX/UI Designer,Psychologist,Architect
20,71,100,86,58,36,86,99,1,0,0,1,1,1,1,1,0,1,UX/UI Designer,Teacher,Lawyer
96,81,36,37,55,64,42,34,1,0,1,1,1,0,1,1,1,1,Content Writer,Psychologist,Lawyer
42,77,30,58,22,91,79,74,1,0,0,0,1,1,1,1,1,0,Content Writer,Financial Analyst,Mechanical Engineer
27,72,37,99,86,93,86,78,0,1,0,1,0,1,1,0,1,1,Doctor,Psychologist,Mechanical Engineer
32,21,87,87,97,83,57,56,1,1,1,0,0,0,0,1,0,0,Lawyer,Software Developer,Marketing Manager
83,73,64,87,87,32,45,36,0,1,0,0,0,1,1,1,1,0,Teacher,Architect,Civil Engineer
50,37,64,25,48,69,70,65,1,1,1,1,1,1,1,1,1,0,Software Developer,Architect,Psychologist
32,35,44,87,25,66,58,72,0,1,0,1,0,0,1,1,0,0,Mechanical Engineer,Psychologist,Software Developer
91,76,22,97,94,26,66,48,1,1,0,0,1,0,1,0,1,1,Graphic Designer,UX/UI Designer,Digital Marketer
59,56,68,59,66,56,40,49,0,0,0,0,0,0,0,0,0,1,Marketing Manager,Teacher,Civil Engineer
78,75,27,20,47,28,37,64,1,0,1,0,0,0,0,0,0,0,Graphic Designer,Content Writer,Lawyer
55,65,59,29,48,40,96,59,0,1,0,1,0,0,1,1,0,1,Software Developer,Mechanical Engineer,Teacher
34,89,52,64,74,90,75,89,1,0,1,0,1,1,1,1,1,0,Software Developer,Data Scientist,Graphic Designer
90,20,22,53,65,34,81,52,0,0,0,1,0,0,1,0,0,0,Content Writer,Doctor,Architect
23,91,80,73,35,65,40,62,0,1,1,1,0,1,1,1,1,1,Psychologist,Doctor,Content Writer
91,83,42,80,32,23,62,84,0,1,0,1,1,1,1,1,0,1,Data Scientist,Architect,Lawyer
86,91,53,21,90,38,61,72,1,1,0,1,0,0,0,1,0,1,Data Scientist,Psychologist,Marketing Manager
86,61,97,67,37,40,66,67,1,0,0,0,1,0,1,0,0,0,Civil Engineer,Lawyer,Graphic Designer
77,57,55,76,25,86,61,97,1,1,1,0,0,1,0,1,0,1,Digital Marketer,Marketing Manager,Financial Analyst
43,34,79,45,51,91,38,54,0,0,1,1,1,0,0,1,1,1,Mechanical Engineer,Marketing Manager,Content Writer
60,65,63,27,20,45,59,43,0,0,0,0,1,1,0,0,1,0,Data Scientist,Digital Marketer,UX/UI Designer
38,85,27,32,96,85,87,37,1,0,0,1,1,0,0,0,0,0,Civil Engineer,Marketing Manager,Architect
83,88,44,47,77,89,81,61,1,1,0,1,0,1,1,1,0,0,Digital Marketer,Content Writer,Architect
52,36,61,62,76,95,36,66,1,0,0,0,1,1,1,1,1,1,Doctor,Teacher,Architect
53,52,47,76,80,46,78,42,0,1,0,0,0,1,1,1,0,0,Data Scientist,Civil Engineer,Psychologist
37,70,71,21,21,92,46,74,0,1,0,1,1,0,0,1,1,1,Lawyer,Psychologist,Architect
80,33,27,71,72,75,73,39,1,0,0,1,0,0,0,1,0,1,Marketing Manager,Digital Marketer,Lawyer
31,30,97,32,100,24,88,69,1,0,1,0,0,1,1,1,0,1,UX/UI Designer,Software Developer,Data Scientist
78,64,20,21,47,30,27,45,0,0,0,1,0,1,1,1,0,0,Doctor,Software Developer,Teacher
29,80,21,66,75,50,20,54,0,1,1,0,1,1,0,0,0,1,UX/UI Designer,Lawyer,Financial Analyst
85,91,62,95,89,100,58,27,0,1,0,1,1,1,1,1,0,1,Mechanical Engineer,Content Writer,Digital Marketer
37,20,67,94,66,59,46,48,1,1,0,0,1,1,0,0,1,1,Teacher,Architect,UX/UI Designer
79,52,26,62,74,50,28,70,1,1,0,0,1,1,0,0,1,0,Lawyer,Mechanical Engineer,Software Developer
67,31,90,42,79,48,46,35,1,0,1,1,1,1,1,0,0,0,Content Writer,Psychologist,Mechanical Engineer
38,50,48,43,76,57,82,36,1,0,0,0,1,1,0,1,0,0,Mechanical Engineer,Marketing Manager,Lawyer
61,46,60,25,23,93,35,91,0,0,0,1,0,0,1,0,0,1,Civil Engineer,Architect,Financial Analyst
21,33,31,88,92,22,27,30,0,1,1,0,1,0,1,1,1,0,Marketing Manager,Lawyer,Graphic Designer
91,87,73,77,64,64,51,92,0,0,0,0,1,0,1,1,0,0,Marketing Manager,Data Scientist,Doctor
25,90,91,57,20,83,68,64,1,0,0,0,0,1,0,1,0,1,Financial Analyst,Digital Marketer,Architect
27,29,47,85,76,56,75,31,1,1,1,0,1,0,0,1,1,0,Doctor,Digital Marketer,UX/UI Designer
83,51,81,93,88,100,95,55,0,1,0,0,0,1,1,0,1,1,Software Developer,Digital Marketer,Psychologist
83,60,53,78,92,78,26,48,0,0,0,0,0,0,0,1,1,1,Architect,Data Scientist,Financial Analyst
75,73,85,100,41,52,24,35,1,1,0,1,1,1,0,0,1,0,Architect,Doctor,UX/UI Designer
72,96,95,26,59,62,20,73,1,1,1,0,0,1,0,1,1,0,Civil Engineer,Architect,Marketing Manager
71,98,77,78,83,87,84,62,1,1,0,0,1,0,0,1,0,0,Financial Analyst,Digital Marketer,Data Scientist
59,62,45,97,32,47,72,54,0,0,1,0,0,0,0,0,1,0,Civil Engineer,Doctor,Marketing Manager
52,47,24,96,58,47,31,57,0,1,0,1,0,0,1,0,1,0,Doctor,Graphic Designer,Teacher
33,47,67,92,66,76,93,92,1,0,0,1,1,1,0,1,1,0,Mechanical Engineer,Graphic Designer,Financial Analyst
53,39,56,74,84,76,37,30,0,1,1,0,0,1,0,1,0,0,Financial Analyst,Psychologist,Software Developer
77,88,52,74,48,96,23,71,1,0,0,0,1,1,0,0,0,1,Doctor,Software Developer,Digital Marketer
35,49,43,69,29,98,30,64,0,1,0,1,1,1,1,0,1,1,Psychologist,Architect,Digital Marketer
74,92,80,75,32,21,64,27,0,0,0,0,1,0,1,0,1,1,Mechanical Engineer,Marketing Manager,Data Scientist
87,27,51,99,84,61,83,81,1,1,1,0,0,0,1,0,0,0,Mechanical Engineer,Doctor,Data Scientist
96,57,38,77,88,93,23,58,1,1,0,0,1,1,0,1,1,0,Graphic Designer,Psychologist,UX/UI Designer
22,48,64,33,98,47,76,45,0,1,1,0,0,0,0,1,1,1,Mechanical Engineer,Data Scientist,Marketing Manager
72,31,31,100,90,21,83,66,1,1,1,1,1,0,0,1,1,0,Lawyer,Marketing Manager,Mechanical Engineer
98,34,91,78,45,99,60,99,0,1,1,0,0,1,0,0,0,0,Architect,Data Scientist,Content Writer
29,73,69,98,50,74,90,54,0,1,0,0,0,0,1,0,1,1,Content Writer,Mechanical Engineer,Lawyer
78,52,69,36,71,59,82,57,0,0,1,0,1,0,0,1,0,0,Software Developer,Marketing Manager,UX/UI Designer
77,38,84,24,84,94,69,22,0,1,0,0,0,0,1,1,1,0,Civil Engineer,Lawyer,Content Writer
90,55,79,67,37,56,29,43,1,1,1,0,1,0,1,0,0,0,UX/UI Designer,Data Scientist,Digital Marketer
75,27,40,78,35,80,37,93,1,0,1,0,0,1,0,1,0,0,Graphic Designer,Civil Engineer,Financial Analyst
95,38,44,50,29,31,46,42,0,1,1,1,0,0,1,1,1,1,Civil Engineer,Marketing Manager,Software Developer
70,71,69,81,79,57,100,22,0,1,0,1,1,0,1,0,0,0,Lawyer,Financial Analyst,UX/UI Designer
25,100,43,49,34,92,21,50,0,0,0,1,1,0,0,0,0,1,Digital Marketer,Data Scientist,Financial Analyst
37,98,61,53,55,63,99,61,1,1,0,0,1,1,1,0,0,1,Content Writer,Mechanical Engineer,Civil Engineer
56,96,69,84,65,34,23,92,0,0,0,1,1,1,1,0,1,0,Financial Analyst,UX/UI Designer,Content Writer
88,61,98,54,89,82,27,65,1,1,0,0,0,0,1,1,0,0,Content Writer,Teacher,Software Developer
28,98,58,53,35,36,52,89,1,1,1,0,1,0,1,0,1,0,Doctor,Marketing Manager,Civil Engineer
91,98,62,93,57,68,47,61,0,1,0,1,1,0,1,0,1,1,Doctor,Graphic Designer,Marketing Manager
85,63,45,23,86,84,58,40,1,0,0,0,1,1,1,1,0,0,Mechanical Engineer,Digital Marketer,Lawyer
48,61,24,50,83,66,90,95,1,1,0,0,1,1,1,1,1,0,Marketing Manager,Graphic Designer,Psychologist
53,92,38,85,78,22,44,20,0,0,0,0,1,0,0,0,1,0,Marketing Manager,Mechanical Engineer,Lawyer
97,21,46,38,36,99,87,44,0,1,0,1,0,1,0,0,1,0,Content Writer,Digital Marketer,Data Scientist
94,45,32,48,99,38,35,42,1,0,0,0,0,0,1,0,1,0,Digital Marketer,Marketing Manager,Psychologist
75,21,49,72,38,97,32,65,0,0,0,0,1,0,1,1,0,0,Psychologist,Marketing Manager,Doctor
71,97,100,27,98,40,51,87,1,0,1,1,1,0,1,0,0,1,Psychologist,Civil Engineer,Content Writer
92,68,83,83,97,66,87,55,1,0,0,1,0,1,0,1,1,1,Architect,Mechanical Engineer,Lawyer
93,24,28,77,37,82,72,27,0,0,1,0,1,1,0,1,0,1,Data Scientist,Marketing Manager,Civil Engineer
77,21,58,86,82,73,81,22,0,0,1,0,0,1,0,1,1,0,Data Scientist,Psychologist,Mechanical Engineer
71,25,52,41,74,42,83,58,0,0,0,1,0,0,0,1,1,1,Marketing Manager,Architect,Content Writer
98,91,23,44,72,97,74,61,1,1,0,1,0,0,1,0,0,1,Lawyer,Financial Analyst,Marketing Manager
85,27,30,86,79,81,86,50,1,0,1,1,1,1,1,0,0,0,Marketing Manager,Doctor,Financial Analyst
77,73,85,68,69,37,45,98,1,0,0,1,0,1,1,1,0,1,Software Developer,Psychologist,Financial Analyst
79,84,54,68,24,37,81,84,0,1,1,0,0,0,0,1,0,1,UX/UI Designer,Mechanical Engineer,Civil Engineer
66,32,30,62,85,79,74,25,0,0,1,1,1,1,1,0,0,0,Doctor,Content Writer,Digital Marketer
35,45,95,76,52,57,62,36,0,0,0,1,0,0,0,0,1,0,Psychologist,Financial Analyst,Mechanical Engineer
67,38,83,76,85,26,24,46,1,0,1,1,0,1,1,0,0,1,Content Writer,Psychologist,Civil Engineer
79,26,22,80,44,90,57,92,1,1,0,0,1,1,0,1,0,1,Architect,Financial Analyst,Civil Engineer
93,90,49,36,21,37,76,32,1,0,1,0,0,0,0,1,0,1,Digital Marketer,Software Developer,Doctor
71,95,82,49,88,36,42,96,1,0,1,0,0,0,0,0,1,1,Data Scientist,Lawyer,Financial Analyst
37,67,25,51,33,72,94,68,0,1,0,1,0,0,0,1,0,0,Psychologist,Data Scientist,Software Developer
50,74,71,88,89,37,52,56,0,0,1,1,1,1,0,1,0,1,Architect,Data Scientist,Digital Marketer
83,58,49,66,59,33,28,65,0,0,0,1,1,0,0,1,1,1,Graphic Designer,Data Scientist,Teacher
59,66,78,53,92,34,77,57,1,1,1,1,1,1,1,0,1,1,Architect,Teacher,Digital Marketer
93,21,84,37,63,88,89,53,1,1,1,0,1,0,1,0,0,0,Lawyer,Architect,Civil Engineer
88,67,39,76,72,77,20,57,0,1,0,0,1,1,1,0,1,0,Teacher,Lawyer,UX/UI Designer
77,38,44,27,94,85,47,28,0,1,1,0,1,0,0,0,1,1,Doctor,Civil Engineer,Teacher
69,61,81,40,45,99,39,22,0,0,1,0,0,1,0,1,1,0,Digital Marketer,Teacher,Financial Analyst
46,41,83,69,42,81,68,87,0,1,0,0,0,0,0,0,1,1,Mechanical Engineer,UX/UI Designer,Content Writer
80,55,43,28,92,36,32,42,0,0,1,0,0,1,0,0,1,1,Architect,Mechanical Engineer,Lawyer
55,99,75,45,74,42,39,26,0,1,0,1,0,0,0,0,1,0,Civil Engineer,Content Writer,Architect
60,62,88,36,27,52,89,41,0,1,1,0,0,0,0,1,1,0,Psychologist,Data Scientist,Doctor
23,29,69,64,63,76,38,21,0,1,1,1,0,1,0,0,0,0,Doctor,Financial Analyst,UX/UI Designer
32,35,88,45,67,48,94,48,1,0,0,1,0,1,0,0,1,0,Data Scientist,Content Writer,Lawyer
72,45,25,96,27,39,50,65,0,0,1,0,0,1,1,1,0,0,Financial Analyst,Marketing Manager,Mechanical Engineer
63,42,84,23,44,68,37,40,1,1,0,1,1,1,0,1,1,0,Data Scientist,Teacher,Software Developer
92,84,41,25,80,81,31,49,1,1,1,1,0,0,1,1,0,1,Graphic Designer,Mechanical Engineer,Marketing Manager
42,92,90,77,73,36,70,68,0,1,1,0,1,0,0,0,1,1,Marketing Manager,Graphic Designer,Financial Analyst
20,63,84,59,83,98,40,58,1,1,1,0,1,1,0,0,0,0,Financial Analyst,Lawyer,Software Developer
28,98,65,41,24,55,60,73,0,0,1,0,1,0,1,1,1,0,Financial Analyst,Lawyer,Data Scientist
27,21,95,33,22,89,98,92,0,1,0,1,0,0,1,1,0,0,Teacher,Data Scientist,Content Writer
62,45,77,32,57,75,42,39,1,0,0,1,1,0,0,0,1,0,Software Developer,Content Writer,Mechanical Engineer
63,21,27,78,100,58,85,27,1,0,1,1,1,1,1,0,1,0,Lawyer,Digital Marketer,Content Writer
38,45,67,41,44,20,93,99,1,0,0,0,0,0,0,0,0,1,Architect,Digital Marketer,Lawyer
52,30,50,57,65,96,99,92,1,1,1,1,0,0,1,1,0,1,Software Developer,Architect,Mechanical Engineer
37,55,57,21,47,49,51,48,0,1,0,0,0,0,0,0,0,1,Mechanical Engineer,UX/UI Designer,Data Scientist
84,42,21,77,26,32,65,98,0,0,1,1,0,0,1,1,1,0,Lawyer,Software Developer,Marketing Manager
85,51,56,56,28,91,70,70,1,0,0,1,0,1,1,1,1,0,Teacher,Mechanical Engineer,Marketing Manager
89,92,70,20,93,99,83,93,1,1,1,1,0,1,1,1,1,0,Financial Analyst,Lawyer,Marketing Manager
48,54,90,33,88,37,49,98,1,0,0,0,0,0,0,1,1,1,Mechanical Engineer,Teacher,Architect
47,84,22,77,46,64,20,29,0,0,0,1,1,0,1,0,1,1,Software Developer,UX/UI Designer,Teacher
94,80,43,68,56,95,47,73,0,0,1,0,0,1,1,0,0,1,Civil Engineer,Marketing Manager,Doctor
64,73,29,74,39,54,71,58,1,1,0,1,1,1,1,0,0,0,Teacher,Digital Marketer,Content Writer
42,35,66,97,94,27,57,44,1,1,1,1,0,0,1,1,0,0,Teacher,Civil Engineer,Graphic Designer
45,26,23,78,51,24,55,39,1,0,0,1,1,1,1,0,0,0,Mechanical Engineer,Psychologist,Marketing Manager
20,30,44,29,70,82,99,45,1,0,0,1,0,1,0,0,0,1,Marketing Manager,Graphic Designer,Mechanical Engineer
69,65,21,78,61,29,45,94,0,0,0,0,0,0,0,1,0,1,Mechanical Engineer,Financial Analyst,Software Developer
61,58,30,71,42,44,22,20,0,1,1,0,1,1,0,1,0,1,Teacher,Graphic Designer,Software Developer
93,44,94,58,90,65,28,36,0,1,0,0,0,0,0,1,1,1,Civil Engineer,Financial Analyst,Doctor
52,38,87,37,60,87,54,65,1,0,1,1,1,1,1,1,0,1,Financial Analyst,UX/UI Designer,Teacher
34,64,75,96,74,95,39,47,1,0,0,0,0,0,0,0,1,0,Digital Marketer,Lawyer,Graphic Designer
21,62,75,100,25,38,35,60,0,0,0,1,1,1,1,1,0,0,Software Developer,Data Scientist,Lawyer
64,97,94,87,68,30,47,71,0,1,1,0,1,0,1,1,1,1,Financial Analyst,Content Writer,Teacher
24,85,76,67,29,92,83,33,1,0,1,0,1,0,0,0,0,1,Financial Analyst,UX/UI Designer,Content Writer
75,77,50,27,63,96,42,97,0,0,1,0,0,0,0,0,0,0,Graphic Designer,Marketing Manager,Lawyer
66,61,81,25,40,64,55,61,0,0,1,1,1,0,0,1,1,0,Civil Engineer,Data Scientist,Architect
91,32,32,31,84,72,41,21,1,0,1,1,1,0,0,1,1,0,Digital Marketer,Mechanical Engineer,Data Scientist
93,54,59,64,50,84,50,27,0,1,1,0,0,1,1,0,0,1,Mechanical Engineer,Lawyer,Psychologist
70,94,91,69,33,21,83,83,0,0,1,0,1,0,1,1,0,0,Lawyer,Psychologist,Financial Analyst
81,29,98,50,23,54,73,26,1,1,1,0,1,1,0,0,1,1,Architect,Marketing Manager,Teacher
73,98,97,58,83,65,61,22,1,1,1,1,1,1,1,0,0,0,UX/UI Designer,Digital Marketer,Mechanical Engineer
70,26,49,44,26,35,59,42,0,1,0,1,1,1,0,1,0,1,Lawyer,Civil Engineer,Graphic Designer
79,60,90,22,39,29,69,47,1,0,1,0,0,1,1,0,1,1,Financial Analyst,Graphic Designer,Teacher
94,71,62,63,26,46,24,75,0,0,1,1,0,0,0,0,1,0,Psychologist,Content Writer,Architect
54,61,89,82,78,100,27,96,1,1,1,1,1,0,1,0,0,1,Content Writer,Financial Analyst,Digital Marketer
76,33,95,53,26,30,70,88,0,1,0,1,1,1,0,0,0,0,Graphic Designer,Software Developer,Doctor
60,20,36,92,40,47,26,46,1,1,1,0,1,0,0,1,1,0,Psychologist,Civil Engineer,Architect
39,93,62,49,22,98,39,79,0,0,1,0,0,0,1,0,1,0,Graphic Designer,Civil Engineer,Doctor
88,37,52,27,85,34,90,29,0,1,1,0,0,0,0,1,1,1,Teacher,Software Developer,Mechanical Engineer
52,42,57,54,92,91,62,31,0,1,1,0,0,0,0,0,0,1,Data Scientist,Content Writer,Marketing Manager
87,85,68,21,69,88,59,26,1,0,0,1,0,1,0,1,0,0,Psychologist,Civil Engineer,Content Writer
68,20,36,45,52,36,96,96,1,0,0,1,1,1,1,0,0,1,Data Scientist,Financial Analyst,Content Writer
98,76,69,93,73,37,35,43,1,0,1,0,0,0,1,0,1,0,Architect,Digital Marketer,Civil Engineer
47,95,22,21,64,86,26,27,1,0,1,1,1,0,0,1,0,0,Graphic Designer,Marketing Manager,Data Scientist
61,38,46,83,42,23,87,77,0,1,1,1,1,0,1,0,1,0,Digital Marketer,Graphic Designer,Mechanical Engineer
72,58,62,41,90,78,99,82,0,1,1,0,0,0,0,1,1,1,Mechanical Engineer,Content Writer,Civil Engineer
28,21,69,79,59,55,79,72,1,1,0,1,0,0,0,0,0,0,Psychologist,Civil Engineer,Software Developer
28,30,81,72,29,56,63,32,0,0,0,0,1,0,1,1,0,1,Digital Marketer,Psychologist,Lawyer
60,41,75,91,58,69,32,26,0,1,0,1,1,1,1,0,0,1,Psychologist,Civil Engineer,Content Writer
87,92,59,50,67,76,28,35,0,0,0,0,0,0,0,1,1,0,Software Developer,Graphic Designer,Financial Analyst
59,70,42,40,20,59,67,78,1,0,0,1,0,0,0,0,1,0,Mechanical Engineer,Software Developer,Teacher
59,91,28,58,38,56,86,76,1,0,0,0,0,0,0,1,0,0,Lawyer,Content Writer,Graphic Designer
61,67,83,57,27,73,64,53,0,1,1,0,1,1,0,0,0,1,Content Writer,Doctor,UX/UI Designer
90,59,24,82,99,97,80,87,0,0,1,0,0,0,1,1,0,1,Psychologist,Data Scientist,Digital Marketer
83,100,78,99,43,75,60,43,1,0,1,0,0,0,0,0,0,0,Doctor,Teacher,Civil Engineer
49,72,36,100,46,52,94,93,1,1,1,0,0,1,1,0,0,0,Psychologist,UX/UI Designer,Data Scientist
73,62,86,52,84,70,53,37,0,0,1,1,1,0,0,0,1,1,Psychologist,Doctor,Software Developer
36,84,64,89,27,64,31,89,0,1,1,0,1,1,1,1,1,0,Mechanical Engineer,Graphic Designer,Teacher
91,98,69,99,39,31,34,71,0,0,0,1,1,1,1,1,0,0,Digital Marketer,Marketing Manager,Content Writer
63,70,87,39,62,21,87,88,0,0,1,1,1,0,1,1,0,0,Lawyer,Teacher,UX/UI Designer
92,74,76,55,50,41,97,36,0,1,1,1,1,1,1,0,1,1,Data Scientist,Marketing Manager,Architect
49,37,31,83,43,37,82,77,0,0,1,0,1,1,0,1,0,0,Teacher,Civil Engineer,Doctor
54,82,88,68,86,29,32,94,1,0,1,1,1,1,1,0,1,1,UX/UI Designer,Doctor,Lawyer
80,91,41,74,22,47,81,100,0,1,1,1,0,1,0,0,1,0,Graphic Designer,Marketing Manager,Software Developer
47,78,61,95,48,33,30,92,1,1,0,0,0,1,0,0,0,1,Psychologist,Marketing Manager,Lawyer
46,39,77,82,33,28,63,50,1,0,1,1,1,0,0,1,1,0,Mechanical Engineer,Graphic Designer,Psychologist
79,67,92,74,72,23,39,100,0,0,1,1,0,0,0,0,0,0,Content Writer,UX/UI Designer,Mechanical Engineer
41,94,70,43,38,89,29,71,1,1,1,0,1,0,1,1,1,1,Architect,Marketing Manager,Graphic Designer
92,48,81,59,69,80,95,63,1,1,1,0,1,1,0,0,1,1,Content Writer,Financial Analyst,Civil Engineer
95,34,34,70,98,65,64,63,0,1,0,1,0,0,1,0,0,0,Civil Engineer,Digital Marketer,Architect
51,20,61,77,35,68,84,86,1,0,1,0,0,0,1,1,1,0,UX/UI Designer,Content Writer,Financial Analyst
82,79,43,81,59,55,91,85,1,1,0,1,0,1,0,1,0,0,Content Writer,Architect,Doctor
58,36,91,86,25,51,44,25,0,1,1,0,1,0,1,1,0,0,Marketing Manager,Financial Analyst,Graphic Designer
83,34,20,42,52,54,73,38,0,0,0,1,0,1,1,1,0,1,Civil Engineer,Architect,Lawyer
23,91,74,91,82,30,68,38,1,1,1,1,1,0,0,0,0,1,UX/UI Designer,Civil Engineer,Psychologist
35,69,74,41,42,45,95,22,0,1,0,0,0,1,0,0,0,0,Psychologist,Software Developer,Civil Engineer
58,71,75,22,25,89,48,20,0,0,1,1,0,1,1,0,1,1,Content Writer,Digital Marketer,Software Developer
91,77,71,35,64,71,73,22,0,0,0,0,1,0,0,0,0,0,Civil Engineer,Data Scientist,UX/UI Designer
73,57,100,100,94,51,66,42,1,0,0,1,1,1,1,0,0,1,UX/UI Designer,Teacher,Psychologist
42,74,99,83,57,51,27,44,0,1,0,1,1,0,1,1,0,0,Financial Analyst,Digital Marketer,Data Scientist
100,35,72,58,30,89,96,31,0,1,0,1,0,1,0,0,0,1,Software Developer,Content Writer,Architect
23,66,99,53,53,78,66,37,1,0,1,1,1,1,1,1,0,0,Data Scientist,Teacher,Content Writer
89,77,73,98,71,49,47,48,1,0,1,0,0,1,1,1,0,0,UX/UI Designer,Content Writer,Mechanical Engineer
63,89,29,25,28,60,53,63,0,0,1,0,0,1,0,1,0,1,Architect,Civil Engineer,Content Writer
100,40,83,73,39,94,45,31,1,0,0,0,1,1,0,0,1,1,Graphic Designer,Doctor,Data Scientist
54,87,44,98,21,84,68,52,1,0,1,0,1,0,1,0,0,1,Software Developer,Data Scientist,Psychologist
50,83,96,34,61,89,27,48,1,0,0,0,1,1,1,0,0,0,Mechanical Engineer,Architect,Marketing Manager
59,86,76,83,31,60,96,73,0,0,0,1,0,0,0,1,0,1,Teacher,Civil Engineer,Content Writer
66,35,75,33,95,71,80,39,1,1,1,1,1,1,1,0,0,1,Graphic Designer,Digital Marketer,Software Developer
46,29,70,67,90,21,41,58,1,1,0,1,0,0,1,0,1,0,Graphic Designer,Content Writer,Lawyer
62,63,93,67,67,71,76,28,1,1,1,1,0,0,1,1,1,0,Teacher,Marketing Manager,Digital Marketer
31,67,68,47,88,39,81,67,0,1,0,1,0,1,1,1,0,0,Civil Engineer,Teacher,Lawyer
98,87,39,60,61,51,94,86,0,0,1,0,1,0,0,0,1,0,Financial Analyst,Doctor,UX/UI Designer
68,89,85,68,39,58,32,79,1,1,1,0,1,1,1,0,1,1,Software Developer,Teacher,Doctor
99,28,54,22,69,87,59,39,1,1,0,1,1,0,0,1,1,1,Civil Engineer,Mechanical Engineer,Software Developer
44,47,33,53,70,64,49,80,1,1,1,1,1,0,1,1,0,1,Marketing Manager,Psychologist,UX/UI Designer
30,49,57,98,84,43,72,83,0,0,0,0,0,0,0,0,1,0,Lawyer,Mechanical Engineer,Graphic Designer
56,35,65,69,91,24,99,22,1,0,0,0,1,0,1,0,1,1,Doctor,Financial Analyst,Graphic Designer
63,93,96,66,66,75,21,41,0,0,0,1,0,0,1,0,0,1,Mechanical Engineer,Architect,Data Scientist
35,73,99,22,74,43,96,31,0,0,1,1,1,1,0,0,0,1,Financial Analyst,Lawyer,Graphic Designer
31,27,27,76,44,61,31,80,0,0,0,1,1,1,1,1,1,1,Marketing Manager,Mechanical Engineer,Teacher
97,55,81,25,43,60,59,62,1,1,0,1,1,1,0,1,1,0,Data Scientist,Graphic Designer,Financial Analyst
57,50,69,55,70,33,71,92,0,1,0,1,0,0,0,0,0,0,Doctor,Teacher,Architect
66,85,96,34,31,36,73,60,1,0,1,1,1,0,1,1,1,0,Digital Marketer,Marketing Manager,Teacher
35,71,92,54,91,38,32,38,1,1,1,1,0,0,0,0,0,0,Content Writer,Architect,UX/UI Designer
43,26,43,22,78,83,32,76,1,0,1,0,0,0,0,1,0,1,Teacher,Digital Marketer,Financial Analyst
25,93,28,41,60,54,27,72,0,0,1,0,0,1,1,0,1,1,Doctor,Architect,Financial Analyst
21,84,82,41,61,73,31,40,0,1,0,1,0,1,0,0,0,1,Data Scientist,Content Writer,Lawyer
88,43,53,61,93,60,78,69,0,1,1,0,1,1,1,0,0,0,Graphic Designer,Data Scientist,Civil Engineer
57,41,50,79,72,28,91,22,1,1,1,0,1,1,0,1,0,0,Software Developer,Content Writer,Civil Engineer
61,63,43,31,62,84,49,61,1,0,0,1,1,0,1,1,0,1,Financial Analyst,Civil Engineer,UX/UI Designer
81,40,31,74,94,31,65,57,0,1,1,1,1,0,1,0,1,1,Software Developer,UX/UI Designer,Mechanical Engineer
29,80,47,27,61,81,98,35,1,0,1,1,0,0,1,1,1,0,Digital Marketer,Marketing Manager,Civil Engineer
71,89,48,89,33,91,83,81,1,0,1,1,1,0,1,0,0,0,Lawyer,UX/UI Designer,Mechanical Engineer
43,70,97,55,26,66,69,37,0,1,0,0,0,1,0,1,1,1,Teacher,Marketing Manager,Financial Analyst
87,85,47,46,58,81,42,52,0,1,1,1,0,0,1,0,1,1,Graphic Designer,Data Scientist,Digital Marketer
73,68,100,42,43,22,79,69,0,0,0,0,1,0,0,1,1,1,Content Writer,Marketing Manager,UX/UI Designer
88,100,93,68,76,31,21,63,1,1,1,0,1,0,1,1,0,0,Mechanical Engineer,Psychologist,Doctor
33,36,49,43,54,48,33,87,1,1,1,1,1,1,0,0,1,0,Digital Marketer,Psychologist,Civil Engineer
52,30,95,36,94,53,53,94,0,1,1,1,0,0,0,1,0,0,Lawyer,Data Scientist,Software Developer
59,96,31,64,59,40,87,34,0,0,0,0,1,0,0,0,1,1,Mechanical Engineer,Financial Analyst,UX/UI Designer
50,47,93,79,99,20,56,46,1,0,1,0,1,1,0,1,1,0,UX/UI Designer,Marketing Manager,Psychologist
82,26,66,56,92,96,31,32,0,1,1,1,0,0,0,0,0,0,Marketing Manager,Financial Analyst,Civil Engineer
84,91,37,62,53,24,67,68,1,0,0,1,1,1,0,0,1,1,Financial Analyst,Architect,Digital Marketer
91,99,57,93,92,34,75,71,1,0,1,1,1,1,0,1,1,0,Mechanical Engineer,Marketing Manager,Data Scientist
71,98,62,100,93,48,52,100,0,1,1,1,1,0,1,0,1,1,Graphic Designer,Psychologist,Digital Marketer
47,84,24,24,98,53,95,71,0,0,1,0,1,1,0,0,0,1,Financial Analyst,Data Scientist,Psychologist
62,45,44,77,25,86,94,68,0,1,0,0,0,1,1,1,0,1,Content Writer,Civil Engineer,Data Scientist
92,94,34,72,92,27,76,37,0,1,0,0,0,0,1,1,0,0,Data Scientist,Architect,Psychologist
46,64,62,78,50,64,68,79,0,0,1,0,1,1,1,1,0,0,Financial Analyst,Marketing Manager,UX/UI Designer
62,60,69,52,40,99,33,94,0,0,1,0,1,0,0,0,0,1,Digital Marketer,Psychologist,Doctor
82,20,23,70,38,98,35,90,0,1,0,1,1,1,1,0,0,1,UX/UI Designer,Teacher,Mechanical Engineer
80,96,94,46,47,44,44,76,1,0,0,0,1,0,0,0,1,1,Mechanical Engineer,Content Writer,Lawyer
91,63,30,92,82,32,83,88,0,1,1,0,0,0,0,1,1,1,Teacher,Digital Marketer,UX/UI Designer
29,94,75,66,21,62,79,70,1,1,0,1,1,1,0,1,0,0,Psychologist,Doctor,Architect
100,37,39,28,99,35,66,28,1,1,1,0,1,0,0,0,1,1,UX/UI Designer,Graphic Designer,Mechanical Engineer
70,54,24,32,69,94,30,93,0,1,1,1,1,1,1,1,1,1,Content Writer,Financial Analyst,Marketing Manager
76,50,33,35,66,93,44,66,0,0,1,0,0,0,1,1,0,1,Lawyer,Software Developer,Civil Engineer
70,33,68,76,56,84,30,88,1,1,1,0,1,1,1,1,0,0,Digital Marketer,Software Developer,Psychologist
39,68,43,76,62,27,39,74,1,1,1,1,1,0,0,0,1,0,Software Developer,Architect,Marketing Manager
72,71,31,97,23,60,43,36,0,0,0,0,0,1,1,0,1,1,Architect,UX/UI Designer,Digital Marketer
65,74,25,86,31,75,20,34,0,0,0,0,0,1,0,0,0,0,UX/UI Designer,Teacher,Civil Engineer
69,81,60,98,67,25,37,39,1,1,1,1,1,0,0,0,1,0,Graphic Designer,Lawyer,Psychologist
67,85,53,60,92,20,42,66,1,0,1,1,0,1,0,1,0,0,Software Developer,Digital Marketer,Lawyer
61,100,50,50,49,80,94,48,0,1,1,1,1,0,1,0,1,0,Marketing Manager,Teacher,Civil Engineer
25,95,81,99,29,98,72,81,0,0,0,1,0,0,0,0,0,1,Doctor,Civil Engineer,Psychologist
79,89,70,20,75,41,37,75,0,0,1,1,0,1,1,1,1,1,Lawyer,Financial Analyst,Marketing Manager
96,100,67,50,94,79,51,49,0,1,1,0,1,1,0,0,0,1,Teacher,Mechanical Engineer,UX/UI Designer
54,67,40,58,97,61,81,48,1,1,1,0,0,1,1,1,0,0,Graphic Designer,Mechanical Engineer,Teacher
43,91,24,59,21,93,50,22,1,1,1,1,1,0,0,1,1,1,Financial Analyst,Civil Engineer,Marketing Manager
64,29,84,21,70,100,53,99,0,0,0,0,1,1,1,1,0,0,Psychologist,Mechanical Engineer,Architect
27,35,35,80,90,46,84,76,0,0,1,1,0,0,1,0,0,1,Digital Marketer,Psychologist,Lawyer
71,46,52,23,99,85,30,27,0,1,0,0,1,0,1,0,0,0,Financial Analyst,Mechanical Engineer,Teacher
21,96,88,83,37,35,37,84,0,1,0,0,1,1,0,1,1,0,Financial Analyst,Psychologist,Content Writer
79,27,36,61,50,57,76,91,1,0,1,0,0,0,0,0,1,1,Civil Engineer,Data Scientist,Content Writer
79,72,96,89,49,29,46,86,0,0,1,0,0,1,1,0,0,1,Mechanical Engineer,Marketing Manager,Psychologist
64,81,76,54,61,48,82,31,1,0,0,1,1,0,1,1,0,1,Architect,Content Writer,Mechanical Engineer
87,83,90,74,69,49,84,71,1,1,0,0,1,0,0,0,0,1,Digital Marketer,Lawyer,Content Writer
90,50,51,50,25,84,27,59,0,1,1,1,1,0,0,0,0,1,Teacher,Civil Engineer,Doctor
88,51,37,75,84,89,70,57,1,1,1,1,1,0,0,1,1,0,Data Scientist,Software Developer,Civil Engineer
25,98,90,87,63,57,49,53,1,0,1,1,1,1,0,0,1,1,Digital Marketer,Content Writer,Doctor
77,43,20,40,96,40,35,37,1,1,1,0,1,1,1,0,0,1,Software Developer,Civil Engineer,Graphic Designer
88,33,77,68,26,20,79,30,0,0,1,1,1,1,1,1,0,1,Data Scientist,Content Writer,Graphic Designer
73,42,53,77,43,50,94,86,1,1,0,0,1,1,0,1,1,0,Psychologist,Architect,Financial Analyst
73,27,48,99,33,98,23,72,0,1,0,1,0,1,0,0,0,1,Doctor,Psychologist,Software Developer
35,45,61,41,47,29,41,72,1,0,0,1,0,1,1,0,0,1,Graphic Designer,Lawyer,Architect
27,37,75,78,47,88,79,99,0,1,1,1,0,0,1,1,1,0,Teacher,Content Writer,Civil Engineer
39,88,71,82,100,59,57,86,0,1,0,1,1,1,1,0,0,1,Financial Analyst,Psychologist,Marketing Manager
87,76,32,50,40,34,40,48,0,1,0,0,0,1,0,1,0,0,Financial Analyst,Lawyer,Data Scientist
71,64,83,59,55,47,61,73,1,1,1,0,1,1,0,0,0,1,Graphic Designer,Software Developer,Marketing Manager
73,86,68,53,52,68,50,70,0,0,1,1,0,1,1,1,1,0,UX/UI Designer,Software Developer,Data Scientist
77,43,44,70,22,59,21,63,1,0,0,1,0,1,1,0,0,1,Data Scientist,Teacher,Financial Analyst
91,39,83,38,76,90,77,96,0,0,1,0,1,0,0,0,1,0,Doctor,Architect,Digital Marketer
59,38,41,76,98,44,80,34,1,1,1,1,1,0,1,1,1,1,Data Scientist,Lawyer,Teacher
55,97,34,51,29,91,43,66,0,0,0,0,0,0,1,1,0,1,Digital Marketer,Financial Analyst,Marketing Manager
42,87,34,92,25,94,36,54,0,0,0,1,1,0,0,0,0,1,UX/UI Designer,Architect,Content Writer
65,89,84,67,86,43,96,76,1,1,0,1,0,1,0,1,1,1,Graphic Designer,Teacher,Civil Engineer
21,57,47,40,23,21,58,29,0,0,1,1,1,0,1,1,0,1,Architect,Content Writer,Financial Analyst
45,72,43,91,25,55,29,73,1,1,1,0,0,0,1,0,1,0,Psychologist,Teacher,Financial Analyst
69,26,42,60,66,30,81,54,0,1,0,1,1,1,0,1,1,0,Lawyer,UX/UI Designer,Architect
35,81,53,42,47,55,86,64,0,0,1,0,1,0,1,0,1,0,Mechanical Engineer,Architect,Software Developer
94,65,70,22,44,97,54,70,0,1,1,1,0,1,1,1,0,1,Civil Engineer,Data Scientist,Marketing Manager
30,84,93,68,85,92,77,44,0,0,1,0,0,1,1,0,1,0,Doctor,UX/UI Designer,Software Developer
43,92,74,21,37,35,65,40,0,1,0,0,0,0,1,0,0,0,Mechanical Engineer,Graphic Designer,Content Writer
77,63,93,39,50,55,29,92,1,1,1,1,1,0,0,0,0,0,Software Developer,Architect,Data Scientist
89,30,20,75,52,37,97,66,1,1,0,0,0,1,1,0,1,0,Digital Marketer,Content Writer,Financial Analyst
32,83,63,60,90,99,51,83,1,1,1,1,0,0,0,1,1,0,Doctor,Architect,Content Writer
100,20,54,29,47,34,56,87,1,0,1,0,0,0,1,1,0,0,Lawyer,Graphic Designer,Architect
25,84,55,92,65,71,81,83,1,1,1,1,0,0,1,0,0,0,Financial Analyst,Data Scientist,Doctor
64,91,79,44,41,56,65,60,1,0,0,0,0,1,0,0,0,0,Psychologist,Teacher,Marketing Manager
33,72,58,95,32,26,26,37,1,1,1,1,1,0,0,1,1,0,Teacher,Doctor,UX/UI Designer
24,54,94,60,38,87,71,60,0,0,0,0,1,1,0,1,0,1,Marketing Manager,Digital Marketer,Financial Analyst
41,32,32,48,78,59,93,74,1,0,0,0,0,1,1,0,0,1,UX/UI Designer,Financial Analyst,Content Writer
55,89,51,91,25,61,85,85,1,1,0,1,1,1,1,1,0,1,Doctor,Graphic Designer,Software Developer
59,24,69,48,65,22,66,70,0,1,0,0,1,1,1,0,0,0,Civil Engineer,Architect,Mechanical Engineer
34,75,33,49,52,86,43,88,0,1,1,1,1,0,0,0,0,0,Software Developer,Architect,Doctor
67,23,63,68,44,95,55,25,1,1,1,1,1,1,0,1,1,0,Lawyer,Civil Engineer,Teacher
61,36,51,93,43,88,99,52,0,1,0,0,1,0,1,1,1,1,Civil Engineer,UX/UI Designer,Marketing Manager
87,41,89,44,94,34,57,65,1,0,1,1,0,1,0,0,1,1,Teacher,Psychologist,Marketing Manager
70,43,79,23,94,99,97,44,0,0,1,0,1,0,0,1,0,1,Data Scientist,Marketing Manager,Graphic Designer
79,21,36,68,32,83,36,52,0,0,0,0,1,0,1,1,1,1,Teacher,Doctor,Psychologist
61,91,27,100,57,29,21,78,1,1,1,0,1,1,0,1,0,0,Architect,Software Developer,Mechanical Engineer
45,58,92,63,51,33,71,61,0,1,1,1,1,0,0,1,1,1,Software Developer,Mechanical Engineer,Architect
34,81,85,20,27,45,56,37,0,0,1,1,0,1,0,1,0,0,Mechanical Engineer,Psychologist,Data Scientist
95,94,44,37,53,22,25,67,1,0,1,0,1,0,0,0,0,0,Teacher,Graphic Designer,Content Writer
46,67,24,74,99,22,41,100,0,1,1,0,0,0,1,0,0,0,Software Developer,Content Writer,UX/UI Designer
53,58,44,37,64,72,58,46,0,1,1,1,0,1,0,1,1,0,Software Developer,Teacher,Lawyer
57,57,34,78,33,64,83,73,0,0,0,0,0,1,1,1,1,0,Data Scientist,Software Developer,Architect
50,55,85,49,68,94,59,59,0,1,0,1,0,1,0,1,1,0,Doctor,Mechanical Engineer,Digital Marketer
78,94,51,61,47,63,61,73,0,1,0,0,1,1,0,1,0,1,Psychologist,Architect,Content Writer
98,92,69,73,85,22,91,77,1,0,1,0,0,0,1,0,0,0,Software Developer,Lawyer,UX/UI Designer
78,42,28,94,54,28,82,91,1,0,1,0,0,0,0,1,0,1,Software Developer,Content Writer,Data Scientist
81,49,82,49,23,26,84,54,0,1,0,0,0,0,1,0,0,1,Mechanical Engineer,Civil Engineer,Architect
93,63,92,54,80,52,55,88,1,0,0,1,0,1,0,0,0,0,Mechanical Engineer,Lawyer,Graphic Designer
79,87,88,91,43,85,24,74,0,1,1,0,0,1,1,1,1,0,Digital Marketer,Teacher,Marketing Manager
62,24,31,61,95,40,33,60,0,0,0,1,1,0,1,1,1,0,Software Developer,Psychologist,Financial Analyst
72,28,31,56,42,71,49,69,0,0,0,1,1,1,1,0,0,0,Digital Marketer,UX/UI Designer,Graphic Designer
63,57,71,43,39,68,86,37,1,1,1,1,1,1,0,1,0,1,Data Scientist,Teacher,Civil Engineer
76,37,36,27,42,41,64,80,1,0,0,0,1,0,1,1,1,0,Psychologist,Lawyer,Data Scientist
86,43,52,39,97,20,95,86,1,1,1,0,0,0,1,0,0,0,Psychologist,Data Scientist,Graphic Designer
37,87,70,49,45,85,25,33,1,0,0,0,0,1,0,1,0,0,Mechanical Engineer,Digital Marketer,Lawyer
82,32,25,64,56,62,47,56,1,0,1,0,0,1,0,1,1,1,Graphic Designer,Digital Marketer,Marketing Manager
65,77,69,31,22,72,85,43,1,0,1,0,1,1,1,0,1,0,Graphic Designer,Financial Analyst,UX/UI Designer
62,58,58,81,95,26,70,53,0,0,1,0,0,0,0,0,0,0,Marketing Manager,Content Writer,Architect
63,81,91,99,83,75,34,77,1,1,0,0,0,1,1,0,0,0,Teacher,Civil Engineer,Data Scientist
97,85,90,63,33,31,83,20,1,0,1,1,0,0,1,0,0,1,Mechanical Engineer,Civil Engineer,Psychologist
93,68,60,67,54,22,41,87,0,0,1,0,0,1,1,1,1,1,UX/UI Designer,Digital Marketer,Lawyer
40,81,37,66,70,84,58,50,1,0,1,1,1,1,1,0,1,0,Financial Analyst,Mechanical Engineer,Marketing Manager
84,30,23,28,86,96,37,57,0,0,0,1,0,0,0,1,1,1,Marketing Manager,Architect,Data Scientist
85,88,74,27,23,90,43,97,0,1,1,1,0,0,0,1,1,1,Civil Engineer,Doctor,Psychologist
21,61,34,39,60,100,23,80,0,1,0,1,1,0,1,0,0,1,Marketing Manager,Mechanical Engineer,UX/UI Designer
86,94,26,57,68,74,97,25,1,0,1,0,1,1,1,0,1,0,Data Scientist,UX/UI Designer,Architect
99,22,29,34,95,35,68,45,1,0,0,0,1,1,0,1,0,0,Data Scientist,Content Writer,Psychologist
97,59,77,44,54,81,54,26,0,1,1,0,0,1,1,0,0,1,Content Writer,Teacher,Graphic Designer
28,28,65,88,93,23,79,43,1,0,0,1,0,0,0,1,0,0,UX/UI Designer,Data Scientist,Mechanical Engineer
33,32,99,21,42,40,63,34,0,0,0,0,1,1,0,1,1,0,Software Developer,Content Writer,Doctor
46,38,76,75,44,26,72,27,0,0,0,1,1,0,0,1,0,0,Financial Analyst,Software Developer,Psychologist
88,76,40,25,60,67,63,74,1,1,0,0,1,0,1,0,0,1,Graphic Designer,Psychologist,Data Scientist
35,98,50,46,78,63,75,98,1,1,0,0,1,1,1,1,0,0,Marketing Manager,Digital Marketer,Content Writer
56,90,36,75,70,89,65,77,0,1,1,0,0,0,1,1,0,1,Doctor,Data Scientist,Civil Engineer
49,34,42,67,49,72,31,100,1,0,0,0,1,0,1,0,1,0,Mechanical Engineer,Architect,UX/UI Designer
76,89,90,52,29,35,71,36,1,0,0,0,1,0,0,1,1,0,Teacher,Doctor,Software Developer
94,21,20,55,64,25,27,87,1,1,0,0,0,1,0,1,0,1,Financial Analyst,Data Scientist,Digital Marketer
72,76,42,20,50,20,48,52,1,1,0,0,0,0,0,0,0,0,Architect,UX/UI Designer,Mechanical Engineer
22,88,67,97,67,25,82,100,1,1,0,0,1,1,0,1,0,1,Teacher,Digital Marketer,Architect
56,31,67,61,39,83,95,27,0,0,0,0,0,0,1,0,1,0,Mechanical Engineer,Financial Analyst,Architect
46,79,57,44,72,69,73,75,0,0,1,0,0,1,0,0,1,0,Psychologist,Software Developer,Data Scientist
50,89,48,79,90,86,64,34,1,0,0,0,0,0,1,0,0,1,UX/UI Designer,Teacher,Digital Marketer
67,87,45,86,85,71,61,75,1,1,1,1,1,0,1,1,0,0,Marketing Manager,UX/UI Designer,Mechanical Engineer
69,34,68,82,83,29,49,68,1,0,1,1,1,1,0,0,0,0,Financial Analyst,Civil Engineer,Lawyer
87,36,49,95,65,78,39,96,1,0,0,0,1,1,1,1,1,1,Doctor,Psychologist,Mechanical Engineer
51,58,64,33,33,78,84,34,0,0,0,1,1,1,0,0,1,0,Lawyer,Teacher,Content Writer
100,38,100,95,31,50,54,61,1,0,0,0,0,1,1,0,0,1,Financial Analyst,Lawyer,Content Writer
52,81,48,63,38,49,33,56,1,1,0,0,0,0,1,1,0,1,Marketing Manager,Digital Marketer,Architect
52,92,22,56,100,46,74,100,0,1,1,1,1,0,0,0,1,1,Mechanical Engineer,Civil Engineer,Psychologist
95,28,58,85,30,32,58,81,1,0,1,1,0,0,1,1,1,1,Teacher,Content Writer,Civil Engineer
94,24,62,52,24,77,94,73,1,0,0,1,0,0,0,0,0,0,Financial Analyst,Psychologist,Civil Engineer
73,98,23,48,45,32,32,44,0,0,1,0,1,1,1,1,1,1,Digital Marketer,Software Developer,Marketing Manager
25,63,23,32,84,91,89,20,1,0,0,1,1,1,1,1,0,1,Software Developer,Civil Engineer,Mechanical Engineer
23,30,44,23,40,33,38,45,1,0,0,1,1,0,1,1,1,1,Lawyer,Civil Engineer,Digital Marketer
36,56,40,54,64,35,62,70,0,0,0,0,1,1,1,0,0,0,Data Scientist,Architect,Financial Analyst
34,51,63,58,48,68,39,67,1,1,0,1,0,0,1,1,1,1,Mechanical Engineer,Civil Engineer,Architect
78,80,42,50,39,77,96,31,0,0,0,1,0,1,1,0,1,0,Teacher,Psychologist,Digital Marketer
23,60,39,24,27,55,40,93,1,0,0,0,1,0,0,1,0,1,Digital Marketer,Architect,Content Writer
27,90,47,41,53,77,80,22,1,1,1,0,1,0,1,0,1,1,Civil Engineer,Doctor,Digital Marketer
79,51,58,98,32,40,39,95,0,1,0,0,0,0,1,1,0,0,Teacher,Civil Engineer,Data Scientist
81,55,30,93,26,53,20,75,1,0,1,0,1,0,0,0,1,1,Graphic Designer,Software Developer,Teacher
27,86,58,82,30,63,74,100,1,0,1,1,1,1,1,0,0,0,Psychologist,Financial Analyst,Architect
43,86,34,54,50,33,39,27,1,0,0,1,0,0,0,1,0,1,Software Developer,Lawyer,Psychologist
85,38,76,51,58,93,63,50,0,0,0,1,0,1,1,0,0,0,Doctor,Teacher,Software Developer
24,23,20,85,89,42,67,22,1,0,1,0,1,0,0,0,1,0,Software Developer,Digital Marketer,Teacher
30,44,57,79,34,73,37,84,0,0,1,0,1,1,1,1,1,1,Software Developer,Financial Analyst,Psychologist
34,38,74,62,38,60,70,52,1,1,0,0,1,1,0,1,1,1,Software Developer,Marketing Manager,Digital Marketer
52,27,25,68,51,24,54,76,1,1,1,1,0,1,1,1,1,1,Data Scientist,Architect,Software Developer
91,78,30,94,91,56,39,79,0,1,1,0,0,1,0,1,1,0,Architect,Graphic Designer,Doctor
82,45,56,95,72,88,53,60,1,1,1,1,1,1,0,1,0,1,Data Scientist,Digital Marketer,Software Developer
31,85,92,49,63,22,22,41,0,0,1,0,1,1,1,0,0,0,Software Developer,Financial Analyst,Civil Engineer
76,58,78,64,83,97,88,62,0,0,0,0,1,1,0,0,1,0,Lawyer,UX/UI Designer,Mechanical Engineer
62,86,52,25,62,96,67,44,0,0,1,1,0,0,1,1,0,0,Lawyer,Marketing Manager,Civil Engineer
49,90,66,28,91,36,53,38,1,1,0,1,0,0,1,1,1,0,Graphic Designer,Civil Engineer,UX/UI Designer
51,79,81,64,58,81,27,22,0,1,0,0,0,1,1,0,0,1,Digital Marketer,Architect,Content Writer
35,20,42,44,84,20,38,60,0,1,1,1,0,0,1,0,0,0,Digital Marketer,Marketing Manager,Mechanical Engineer
83,35,38,97,79,28,78,60,0,0,1,1,1,1,0,1,1,0,Architect,UX/UI Designer,Graphic Designer
81,67,74,91,21,46,76,24,0,0,1,1,1,0,0,1,0,0,Financial Analyst,Psychologist,Architect
65,69,29,54,45,95,76,85,0,1,1,0,0,1,1,0,1,0,Doctor,Marketing Manager,Psychologist
36,71,89,90,96,57,46,29,1,1,1,1,1,1,1,0,0,1,Mechanical Engineer,Teacher,Marketing Manager
63,32,60,83,64,67,55,52,0,1,1,0,1,1,0,1,1,1,Doctor,Civil Engineer,Software Developer
92,71,36,98,58,81,85,39,1,1,0,0,1,1,1,0,1,1,Teacher,Doctor,UX/UI Designer
35,68,75,58,45,63,69,31,1,1,0,1,0,1,0,1,1,1,Financial Analyst,Civil Engineer,Software Developer
26,57,59,67,21,29,61,23,1,0,0,1,1,0,0,0,0,0,Mechanical Engineer,Content Writer,Marketing Manager
82,84,26,79,70,34,32,62,0,1,1,1,0,0,0,0,1,1,Graphic Designer,UX/UI Designer,Civil Engineer
26,49,70,79,62,71,83,74,0,0,0,1,0,1,1,0,1,0,Marketing Manager,Content Writer,UX/UI Designer
85,69,74,26,61,21,87,65,1,1,1,1,0,0,1,0,0,0,Software Developer,Graphic Designer,Architect
50,78,58,32,55,24,37,36,1,0,0,1,1,0,1,0,0,0,Content Writer,Lawyer,UX/UI Designer
25,91,98,46,85,25,45,49,0,1,1,0,1,1,1,1,1,0,Software Developer,Content Writer,Digital Marketer
79,93,81,40,30,68,100,49,0,0,0,1,0,1,1,1,1,1,Psychologist,UX/UI Designer,Data Scientist
100,40,64,32,86,64,34,59,0,0,1,1,0,0,1,0,1,1,Doctor,Lawyer,Graphic Designer
88,89,73,24,87,64,44,72,1,1,0,1,0,0,1,1,1,0,Software Developer,Psychologist,Data Scientist
69,23,32,53,30,39,43,75,1,1,1,1,0,0,0,1,1,0,Marketing Manager,Graphic Designer,Lawyer
58,42,53,52,89,25,93,84,1,0,0,1,0,1,0,1,1,1,UX/UI Designer,Architect,Content Writer
32,68,87,36,54,78,64,29,1,0,1,1,0,0,0,1,0,1,Mechanical Engineer,Doctor,UX/UI Designer
42,41,56,67,47,64,24,61,1,0,1,1,1,0,0,0,0,1,Architect,Software Developer,Financial Analyst
73,96,86,48,62,95,34,55,1,0,0,0,1,0,1,0,1,0,Graphic Designer,Data Scientist,Marketing Manager
75,52,64,24,28,85,25,94,0,1,1,0,0,1,1,0,1,1,Architect,Marketing Manager,Content Writer
83,89,87,58,95,66,98,40,0,0,0,1,0,1,1,1,0,0,Doctor,Architect,Software Developer
41,35,48,65,24,83,58,98,1,0,1,0,0,0,0,1,0,1,UX/UI Designer,Lawyer,Financial Analyst
35,65,69,68,35,81,76,67,0,0,1,1,0,0,0,0,0,1,Content Writer,Marketing Manager,Graphic Designer
75,23,36,70,47,22,25,70,0,0,1,0,1,1,1,0,0,1,Marketing Manager,Software Developer,UX/UI Designer
44,48,24,69,26,79,53,95,0,1,0,1,1,0,0,1,0,0,Graphic Designer,Digital Marketer,Content Writer
23,70,45,39,72,68,88,41,1,0,1,1,1,1,0,0,1,1,Marketing Manager,Graphic Designer,Civil Engineer
45,86,64,74,70,62,47,64,1,1,0,1,1,0,1,1,1,1,Civil Engineer,Marketing Manager,Psychologist
38,72,72,88,46,73,49,68,0,0,1,0,1,1,1,1,0,0,Content Writer,Software Developer,Teacher
76,88,27,75,69,73,56,58,0,1,1,0,0,0,1,0,1,0,Financial Analyst,Teacher,Graphic Designer
95,26,75,89,55,38,77,53,0,1,0,0,1,1,0,1,0,1,Digital Marketer,UX/UI Designer,Content Writer
58,40,73,63,41,65,85,49,0,0,0,1,0,0,1,0,0,0,Digital Marketer,UX/UI Designer,Doctor
33,20,31,79,68,85,70,60,1,0,1,0,1,0,0,0,1,0,Content Writer,Doctor,Graphic Designer
71,55,38,89,87,92,43,20,0,0,1,1,1,1,1,0,1,0,Content Writer,Software Developer,Lawyer
87,87,34,47,70,49,34,36,0,0,1,1,0,1,0,1,0,0,Marketing Manager,Graphic Designer,Software Developer
31,58,90,57,75,51,84,31,1,0,1,1,1,0,1,1,1,1,Civil Engineer,Architect,Doctor
83,72,41,33,43,65,54,46,1,0,0,0,1,1,0,0,0,1,Lawyer,UX/UI Designer,Civil Engineer
29,99,49,99,45,27,22,48,1,1,1,1,0,1,0,1,0,1,Financial Analyst,UX/UI Designer,Architect
52,72,66,71,56,64,72,79,0,0,0,0,1,0,0,0,1,0,Mechanical Engineer,Architect,Data Scientist
80,45,46,96,48,60,46,75,0,0,0,1,0,0,1,0,0,0,Marketing Manager,UX/UI Designer,Doctor
52,92,38,35,100,28,33,85,1,1,0,0,1,1,1,0,1,1,UX/UI Designer,Software Developer,Architect
87,72,61,91,38,98,41,61,1,1,1,0,1,0,1,0,1,0,Marketing Manager,Data Scientist,Architect
69,38,94,26,89,88,91,20,1,0,1,0,0,1,0,1,0,0,Teacher,Content Writer,Civil Engineer
91,52,77,30,50,53,86,58,1,1,1,1,0,0,0,0,0,0,Doctor,Civil Engineer,Marketing Manager
99,23,89,45,59,69,55,20,0,0,0,0,0,1,0,0,1,0,Software Developer,Graphic Designer,Digital Marketer
86,45,40,87,39,91,75,84,0,1,0,1,1,1,1,1,1,1,Lawyer,Psychologist,Teacher
96,61,70,99,98,41,64,64,0,0,1,1,1,0,1,0,1,1,Financial Analyst,Mechanical Engineer,UX/UI Designer
78,32,89,62,64,71,71,30,1,0,1,0,1,0,0,0,0,0,Mechanical Engineer,Teacher,Doctor
85,76,61,59,67,74,46,88,1,1,0,0,1,1,0,1,0,1,UX/UI Designer,Graphic Designer,Data Scientist
55,97,84,92,78,24,86,23,0,1,0,1,1,0,1,1,0,0,Teacher,Software Developer,Lawyer
48,77,33,24,75,86,100,49,0,1,0,0,0,0,0,1,1,0,Digital Marketer,Marketing Manager,Financial Analyst
41,64,69,22,36,99,92,74,1,0,0,0,1,1,1,1,1,1,Teacher,Data Scientist,Mechanical Engineer
52,76,68,84,84,43,26,68,0,0,0,0,0,1,1,1,0,0,Software Developer,Psychologist,Content Writer
73,28,83,29,98,64,83,48,0,1,0,1,0,1,1,1,1,0,Digital Marketer,Civil Engineer,Doctor
48,66,38,41,40,60,42,51,0,1,0,0,0,1,0,1,1,1,Graphic Designer,Financial Analyst,Content Writer
82,39,50,68,46,54,75,78,0,1,0,1,1,1,1,0,0,0,Financial Analyst,Psychologist,Software Developer
68,67,25,31,38,30,99,32,0,0,0,1,0,1,0,0,1,1,Digital Marketer,Mechanical Engineer,Doctor
61,20,52,22,21,82,81,44,0,0,1,1,1,1,0,1,0,1,Data Scientist,Financial Analyst,Lawyer
22,65,43,58,54,100,75,81,0,1,0,1,0,1,1,1,0,0,Digital Marketer,Mechanical Engineer,Graphic Designer
67,82,77,75,62,43,99,85,0,0,0,1,1,0,1,0,0,0,Data Scientist,Lawyer,Financial Analyst
66,25,53,50,64,68,23,69,0,1,1,1,1,1,1,1,1,1,Mechanical Engineer,Civil Engineer,Digital Marketer
61,24,21,56,27,44,44,97,1,0,1,0,1,0,0,0,0,1,Digital Marketer,UX/UI Designer,Lawyer
32,82,87,99,67,82,92,53,1,0,0,0,1,0,0,1,0,0,Graphic Designer,Lawyer,Data Scientist
23,54,43,51,79,36,52,60,0,0,0,0,0,0,1,0,1,1,Graphic Designer,Mechanical Engineer,Doctor
20,76,70,100,36,33,46,90,0,0,1,0,0,1,1,1,1,0,Content Writer,Graphic Designer,Mechanical Engineer
74,50,78,73,62,51,48,43,1,0,1,0,0,1,1,1,1,1,Financial Analyst,Data Scientist,Marketing Manager
73,55,29,47,43,63,84,27,1,1,1,1,1,0,1,1,1,1,Financial Analyst,Mechanical Engineer,Teacher
46,33,81,70,66,37,89,72,0,0,1,1,0,0,1,0,0,1,Psychologist,Digital Marketer,Teacher
85,48,34,79,37,49,29,54,1,0,1,0,0,1,0,1,1,1,Architect,Marketing Manager,UX/UI Designer
62,47,58,68,51,96,73,60,0,1,1,0,0,1,0,0,0,0,Software Developer,UX/UI Designer,Doctor
49,85,88,56,75,83,68,66,1,1,1,0,0,1,1,0,0,0,Mechanical Engineer,Content Writer,Digital Marketer
64,76,66,45,81,74,99,87,1,1,0,0,1,0,1,0,0,0,Mechanical Engineer,Digital Marketer,Software Developer
58,41,56,41,23,43,34,96,1,1,0,0,0,0,0,1,1,0,Architect,Lawyer,Data Scientist
99,45,49,80,83,31,44,31,1,1,0,0,1,0,1,0,1,0,Marketing Manager,Lawyer,Civil Engineer
35,33,57,65,41,20,36,74,1,0,0,1,1,1,1,1,0,0,UX/UI Designer,Doctor,Mechanical Engineer
46,96,78,45,59,83,93,78,0,0,0,1,1,0,0,1,0,0,Software Developer,UX/UI Designer,Marketing Manager
60,40,23,92,83,33,44,92,1,1,1,1,1,1,0,1,1,1,Software Developer,Teacher,Civil Engineer
34,62,98,93,34,88,90,38,1,0,1,0,0,1,0,0,1,0,Civil Engineer,Financial Analyst,Architect
42,63,34,65,95,99,83,42,0,0,1,1,0,1,0,0,0,1,Civil Engineer,Content Writer,Psychologist
23,38,63,50,37,71,78,92,1,1,1,0,0,1,1,1,0,1,Software Developer,Doctor,Digital Marketer
37,100,94,74,68,23,77,83,0,1,0,1,1,0,1,0,0,0,Content Writer,Doctor,Digital Marketer
75,93,74,85,85,39,21,72,1,0,0,0,0,1,0,0,0,1,UX/UI Designer,Financial Analyst,Lawyer
24,60,92,47,31,76,70,95,1,0,0,1,1,0,0,0,1,1,Marketing Manager,Civil Engineer,UX/UI Designer
75,53,85,80,89,25,40,35,1,1,1,1,0,1,0,0,0,1,Graphic Designer,UX/UI Designer,Civil Engineer
20,47,59,55,98,98,44,65,0,1,1,1,0,0,1,0,1,1,Software Developer,Digital Marketer,Civil Engineer
34,22,85,49,94,65,34,46,0,0,1,1,0,0,0,1,1,0,Mechanical Engineer,Lawyer,Data Scientist
22,97,90,85,58,28,44,23,1,0,0,0,1,1,0,0,0,1,Teacher,Lawyer,Data Scientist
20,40,79,66,36,95,29,28,0,1,1,0,0,0,0,1,1,1,Content Writer,Psychologist,Lawyer
35,52,69,50,69,63,88,55,0,0,0,1,1,0,0,1,1,0,Graphic Designer,Data Scientist,Teacher
22,71,30,89,30,55,28,57,1,0,0,1,0,0,1,0,0,0,Content Writer,Digital Marketer,Architect
91,77,95,79,34,20,82,77,0,0,0,1,1,0,0,0,0,1,UX/UI Designer,Marketing Manager,Software Developer
55,36,43,64,37,76,43,46,0,1,1,1,1,0,0,0,1,1,Doctor,Teacher,Mechanical Engineer
72,20,20,87,32,42,47,70,0,0,0,1,0,0,1,1,1,1,UX/UI Designer,Marketing Manager,Doctor
71,58,77,57,63,50,62,35,1,1,1,1,1,0,1,0,1,0,Mechanical Engineer,UX/UI Designer,Psychologist
90,98,31,60,70,84,37,52,0,0,0,1,0,1,1,0,1,1,Civil Engineer,Architect,Content Writer
65,23,90,85,50,28,61,34,1,1,0,0,1,1,1,1,0,1,Financial Analyst,Marketing Manager,Doctor
26,86,79,27,27,82,28,54,0,1,0,0,0,1,0,1,0,0,Financial Analyst,Graphic Designer,Marketing Manager
70,75,38,63,97,65,74,21,0,1,1,1,1,1,1,1,0,0,Content Writer,Mechanical Engineer,Marketing Manager
51,81,31,45,54,34,88,45,0,1,1,0,0,1,1,1,0,0,Financial Analyst,Software Developer,Content Writer
26,57,49,39,97,41,64,100,1,1,1,1,1,1,0,1,1,0,Lawyer,Teacher,Doctor
50,41,61,41,71,24,93,58,1,1,1,0,0,1,0,1,0,1,Financial Analyst,Doctor,Software Developer
71,25,47,52,20,81,60,77,1,0,1,0,0,0,1,1,0,1,Mechanical Engineer,Financial Analyst,Civil Engineer
96,42,32,54,45,93,73,95,1,1,0,0,0,1,0,0,0,1,Teacher,Software Developer,Graphic Designer
82,63,24,71,58,33,91,29,0,0,0,0,0,1,1,0,1,0,UX/UI Designer,Mechanical Engineer,Doctor
21,35,98,51,56,70,33,71,1,1,0,0,0,1,0,0,1,1,Data Scientist,Civil Engineer,Marketing Manager
57,80,44,74,77,46,44,39,1,0,1,1,1,1,0,0,0,1,Doctor,Financial Analyst,Software Developer
76,59,73,50,54,37,77,33,1,1,1,1,0,0,1,0,1,1,Teacher,Marketing Manager,Data Scientist
65,57,20,78,52,36,92,25,0,0,0,0,0,0,0,1,1,1,Mechanical Engineer,Teacher,Lawyer
48,75,100,91,66,56,46,22,0,0,0,1,0,1,0,1,0,0,Civil Engineer,Software Developer,UX/UI Designer
34,96,88,99,34,65,22,67,1,0,0,0,1,1,1,1,0,1,Content Writer,Doctor,Financial Analyst
39,77,78,62,32,85,88,40,1,1,1,1,0,0,0,1,0,1,Financial Analyst,Lawyer,Psychologist
25,50,78,57,50,41,45,40,1,1,0,0,1,0,1,1,0,0,Financial Analyst,Architect,Marketing Manager
20,59,86,70,81,23,28,49,1,1,0,1,1,1,1,0,1,1,Teacher,Software Developer,Marketing Manager
52,99,92,72,95,94,24,90,0,0,1,1,0,0,1,1,1,0,Data Scientist,Teacher,Civil Engineer
22,57,53,70,53,84,28,95,0,1,0,1,0,0,0,0,0,0,Lawyer,Software Developer,Financial Analyst
40,68,70,78,57,97,71,46,1,1,1,0,0,1,0,0,0,1,Content Writer,Psychologist,Marketing Manager
32,20,88,81,69,88,77,27,1,1,1,0,0,1,0,0,0,0,Doctor,Lawyer,Graphic Designer
21,53,49,51,27,95,92,59,0,1,0,1,1,1,1,1,1,1,UX/UI Designer,Civil Engineer,Software Developer
85,78,35,51,69,87,29,37,1,0,1,0,0,0,1,0,0,1,Marketing Manager,Doctor,Software Developer
84,50,55,20,91,92,56,79,0,0,1,1,1,1,1,1,0,1,Graphic Designer,Teacher,Financial Analyst
90,87,89,74,96,36,76,95,1,0,0,0,0,1,0,1,0,0,Civil Engineer,Graphic Designer,Digital Marketer
26,84,53,100,55,51,95,70,0,1,0,0,1,0,0,1,0,1,Graphic Designer,Content Writer,Financial Analyst
90,33,39,33,83,83,39,32,0,0,1,1,0,0,1,1,0,0,Financial Analyst,Architect,Software Developer
58,38,45,23,56,81,52,62,0,0,0,1,1,1,0,1,1,0,Content Writer,Data Scientist,Financial Analyst
76,31,98,70,77,67,33,46,1,1,1,1,1,0,1,1,0,1,UX/UI Designer,Teacher,Graphic Designer
48,87,74,40,100,44,32,54,1,0,0,0,0,1,0,1,0,0,Architect,Civil Engineer,Financial Analyst
31,76,72,35,28,73,48,80,0,0,1,0,1,0,1,1,0,1,Architect,Psychologist,Lawyer
35,41,85,37,84,84,25,21,0,0,0,1,1,0,0,0,0,0,Graphic Designer,Mechanical Engineer,Software Developer
36,61,66,94,95,54,23,95,0,1,1,1,0,0,1,0,1,1,Data Scientist,Graphic Designer,Digital Marketer
44,62,90,33,93,21,49,58,1,1,1,1,1,1,1,1,1,1,Psychologist,Lawyer,Doctor
83,66,51,36,95,61,26,31,1,1,0,1,1,1,1,1,0,1,Data Scientist,Software Developer,UX/UI Designer
52,72,85,22,29,61,78,96,1,1,0,1,0,0,0,1,0,0,Financial Analyst,Software Developer,Content Writer
70,20,99,24,61,60,47,48,1,1,1,0,0,0,0,1,1,0,Lawyer,Marketing Manager,Civil Engineer
80,74,91,86,42,71,31,41,0,0,0,1,1,1,1,1,1,1,Marketing Manager,Lawyer,Mechanical Engineer
51,49,58,77,53,31,25,71,0,0,1,1,1,1,0,0,1,0,Lawyer,Digital Marketer,Teacher
96,32,23,87,26,97,57,78,0,1,1,1,1,1,0,1,0,0,Marketing Manager,Teacher,Financial Analyst
73,29,62,56,52,98,100,47,1,0,1,1,1,0,1,1,0,1,Teacher,UX/UI Designer,Civil Engineer
48,70,73,31,61,56,58,88,0,1,1,1,0,1,0,0,0,1,Financial Analyst,Lawyer,Digital Marketer
43,31,83,77,99,100,66,26,0,0,1,0,1,1,1,0,1,1,Psychologist,Software Developer,Graphic Designer
46,69,27,100,49,79,81,36,0,0,1,0,1,0,0,0,0,1,Civil Engineer,Digital Marketer,Psychologist
40,93,72,28,48,58,97,31,1,0,1,0,1,1,0,0,0,1,Marketing Manager,Graphic Designer,Digital Marketer
42,60,55,40,67,60,25,48,0,0,1,0,1,0,0,0,1,1,Psychologist,Graphic Designer,UX/UI Designer
72,98,56,37,81,98,20,91,1,1,0,0,1,0,1,0,1,0,Digital Marketer,Lawyer,Mechanical Engineer
23,71,27,45,69,74,82,28,1,0,0,1,0,1,1,1,1,1,Digital Marketer,Doctor,Marketing Manager
54,91,61,69,87,51,72,28,1,0,1,1,0,0,1,1,0,1,Mechanical Engineer,Graphic Designer,Content Writer
30,87,70,54,27,20,89,52,0,0,1,1,1,0,1,0,1,0,Graphic Designer,Teacher,Software Developer
90,44,72,89,42,81,55,49,0,1,1,0,0,1,1,1,0,0,Doctor,Mechanical Engineer,Lawyer
24,65,49,20,74,98,58,28,0,1,1,0,1,0,0,1,0,0,Civil Engineer,Graphic Designer,Architect
51,74,76,65,47,29,35,76,0,0,0,1,0,0,0,1,0,0,Architect,Software Developer,Mechanical Engineer
49,58,65,31,96,81,20,57,0,1,0,0,0,0,0,1,1,0,Mechanical Engineer,UX/UI Designer,Architect
87,69,95,39,66,25,49,62,0,0,0,0,1,1,0,0,0,0,Financial Analyst,Marketing Manager,Architect
42,60,57,64,71,26,76,21,1,0,0,1,0,0,1,1,0,1,Civil Engineer,Architect,Lawyer
56,70,35,40,36,66,27,44,1,0,0,0,1,1,1,0,1,1,Doctor,Mechanical Engineer,Psychologist
29,85,49,85,32,95,85,64,1,0,1,0,0,0,0,0,0,1,Data Scientist,Doctor,Civil Engineer
80,54,65,98,51,99,85,20,0,1,1,1,0,0,1,1,1,0,Teacher,Mechanical Engineer,Doctor
26,93,98,68,21,77,42,26,1,1,0,1,0,0,1,1,1,1,Doctor,Financial Analyst,UX/UI Designer
39,76,45,95,26,68,89,23,0,0,0,1,1,0,1,1,0,1,Content Writer,Civil Engineer,Psychologist
20,61,99,91,41,63,93,48,0,0,0,0,0,1,1,1,1,1,Software Developer,Psychologist,Lawyer
38,57,84,24,93,35,56,45,0,1,1,0,0,1,1,1,0,1,Mechanical Engineer,Lawyer,Civil Engineer
34,33,81,48,72,20,94,46,1,1,0,1,0,0,1,1,1,1,Content Writer,Architect,Lawyer
47,61,29,87,47,30,48,21,0,1,0,0,1,0,0,0,0,1,Architect,Digital Marketer,Software Developer
82,66,90,56,42,65,62,51,1,1,1,0,1,1,0,1,0,1,Digital Marketer,Financial Analyst,Mechanical Engineer
54,74,25,79,81,47,69,24,1,0,1,0,0,0,0,1,0,0,Financial Analyst,Digital Marketer,UX/UI Designer
37,56,22,57,100,37,53,60,0,1,1,0,0,0,0,0,1,1,Graphic Designer,Lawyer,Mechanical Engineer
86,75,20,22,24,76,94,69,0,0,1,0,0,1,0,0,1,1,Marketing Manager,Digital Marketer,Teacher
98,29,71,100,33,61,48,29,0,1,0,1,1,1,1,1,1,0,UX/UI Designer,Digital Marketer,Architect
100,70,98,82,78,29,67,98,0,1,1,0,0,1,1,0,0,1,Data Scientist,Civil Engineer,Financial Analyst
68,58,22,73,60,83,36,64,1,0,1,1,0,1,1,1,1,0,Content Writer,Digital Marketer,UX/UI Designer
29,61,49,44,55,67,33,87,1,1,0,1,1,0,1,1,0,1,Lawyer,Doctor,Civil Engineer
34,35,36,96,61,98,58,21,0,0,0,1,1,0,0,0,1,1,Teacher,Marketing Manager,Financial Analyst
54,32,87,50,82,94,31,23,1,1,0,1,0,1,1,0,0,0,Financial Analyst,Software Developer,Content Writer
88,24,83,100,91,53,79,44,1,0,1,0,0,0,1,1,1,1,Data Scientist,Graphic Designer,Lawyer
67,32,36,27,62,98,56,50,1,1,1,1,1,1,0,0,0,1,UX/UI Designer,Mechanical Engineer,Data Scientist
27,81,40,53,96,76,48,98,1,1,0,0,0,1,1,0,0,0,Doctor,Graphic Designer,Civil Engineer
67,66,79,37,64,41,79,45,1,1,1,0,1,1,1,1,0,0,Graphic Designer,Financial Analyst,Teacher
85,22,56,23,34,54,60,75,0,1,1,1,1,1,1,1,0,0,Data Scientist,Graphic Designer,Doctor
47,43,34,57,41,30,56,63,1,1,0,0,0,0,0,1,0,1,Digital Marketer,Software Developer,Doctor
35,31,92,57,94,43,22,23,0,0,0,0,0,0,1,0,0,1,Mechanical Engineer,Teacher,Software Developer
93,73,73,93,28,40,69,83,0,1,1,1,1,0,1,1,0,0,Data Scientist,Digital Marketer,Lawyer
86,27,37,62,51,41,49,94,0,1,0,1,0,1,0,0,1,1,Financial Analyst,Psychologist,Teacher
99,46,62,24,23,81,82,54,1,0,0,1,1,0,1,1,1,0,Data Scientist,Civil Engineer,Financial Analyst
54,47,85,60,73,82,24,94,0,0,1,0,0,0,1,1,1,1,Architect,Psychologist,Graphic Designer
100,33,91,66,96,77,25,34,1,1,1,0,1,1,1,0,1,0,Doctor,Data Scientist,Civil Engineer
74,75,22,42,62,44,36,41,0,1,1,1,0,1,1,1,0,0,Psychologist,Software Developer,Data Scientist
89,55,95,89,62,52,31,26,0,0,0,0,0,1,0,0,0,1,Mechanical Engineer,Lawyer,Financial Analyst
20,36,43,63,29,55,41,38,0,1,0,0,1,1,0,1,0,1,Architect,UX/UI Designer,Lawyer
29,70,42,65,34,76,92,26,0,0,1,0,0,0,0,0,0,1,Content Writer,Marketing Manager,Financial Analyst
78,26,77,53,95,99,66,37,1,0,1,1,1,1,0,1,1,1,Doctor,Mechanical Engineer,Psychologist
81,41,85,73,47,36,89,96,0,0,0,0,1,0,0,1,0,1,Marketing Manager,Civil Engineer,Architect
67,66,65,55,34,63,46,62,1,1,0,0,0,1,0,1,1,0,Content Writer,Civil Engineer,Architect
61,34,96,43,71,93,36,25,0,0,0,0,0,1,0,1,1,1,Psychologist,Data Scientist,Doctor
58,57,42,76,43,23,85,53,0,0,1,0,0,0,0,1,0,1,Software Developer,Marketing Manager,Financial Analyst
100,71,89,46,93,87,60,22,1,0,0,0,0,0,0,1,1,0,Architect,Data Scientist,UX/UI Designer
40,85,60,77,63,79,42,50,0,0,0,0,1,1,1,1,0,1,Marketing Manager,Graphic Designer,Mechanical Engineer
46,38,25,89,30,33,53,31,0,0,0,0,0,0,0,0,1,0,Digital Marketer,Data Scientist,Architect
75,68,81,83,88,57,47,41,0,0,0,1,1,1,1,0,0,0,Financial Analyst,Lawyer,Teacher
64,29,61,21,51,65,87,98,0,0,0,0,1,1,0,1,0,0,Civil Engineer,Digital Marketer,Graphic Designer
50,46,27,67,39,31,51,65,1,0,1,0,1,1,0,1,1,1,Teacher,Marketing Manager,Graphic Designer
52,54,67,59,81,26,92,22,1,1,1,1,1,1,1,0,1,0,Civil Engineer,Lawyer,Doctor
80,64,37,34,56,88,83,49,0,0,0,0,0,0,0,0,0,0,Financial Analyst,Lawyer,Content Writer
39,47,20,90,64,55,30,55,1,1,0,0,0,0,0,0,1,1,Doctor,Digital Marketer,UX/UI Designer
47,28,95,33,26,46,27,47,0,0,0,0,1,0,1,0,0,1,Lawyer,Marketing Manager,Doctor
73,27,49,44,40,44,29,32,1,0,1,0,1,1,1,1,1,0,Mechanical Engineer,Financial Analyst,Digital Marketer
36,51,30,80,28,24,26,93,1,1,0,1,1,1,1,1,0,1,Lawyer,Data Scientist,Digital Marketer
94,71,43,29,72,74,29,20,0,1,0,0,0,0,1,0,0,1,Graphic Designer,Mechanical Engineer,Digital Marketer
51,91,89,94,75,36,41,58,1,0,1,1,1,0,1,0,1,1,Psychologist,Marketing Manager,Financial Analyst
84,41,98,79,71,100,28,44,0,1,1,0,1,0,0,0,1,0,UX/UI Designer,Content Writer,Lawyer
74,95,72,78,93,38,89,92,0,1,0,1,0,0,1,1,1,1,Graphic Designer,Lawyer,Software Developer
48,61,43,90,67,83,28,64,1,1,1,0,1,1,1,0,1,0,Software Developer,Digital Marketer,Lawyer
54,90,82,94,70,99,55,27,1,0,0,1,0,1,1,0,0,0,Marketing Manager,Teacher,Data Scientist
28,39,21,64,30,23,30,88,0,0,1,1,0,0,0,1,1,0,Lawyer,Content Writer,Software Developer
91,47,64,26,93,44,23,53,1,1,1,0,0,0,0,1,1,1,Lawyer,Teacher,Financial Analyst
52,87,47,43,23,36,69,70,0,0,1,0,1,1,0,1,1,1,Psychologist,Lawyer,Software Developer
70,20,47,40,25,85,91,74,1,1,1,1,1,0,0,1,1,1,Civil Engineer,Marketing Manager,Graphic Designer
75,71,85,27,93,96,80,87,1,0,0,1,1,0,0,0,0,0,Civil Engineer,Digital Marketer,Teacher
68,46,97,34,85,73,74,51,1,1,1,1,1,1,1,1,1,0,Digital Marketer,Doctor,Lawyer
77,36,62,34,97,62,40,87,0,0,1,0,1,1,0,1,0,1,Digital Marketer,Mechanical Engineer,Lawyer
68,79,31,33,28,83,70,42,0,0,1,1,0,0,0,0,1,0,Data Scientist,Psychologist,Mechanical Engineer
92,67,74,57,38,46,26,65,0,0,0,0,1,1,1,0,1,1,Architect,Software Developer,Content Writer
34,54,77,78,40,83,43,88,1,0,1,0,1,0,1,0,1,0,UX/UI Designer,Lawyer,Psychologist
95,31,100,71,69,100,93,45,1,1,1,0,0,0,1,1,1,0,Teacher,Lawyer,Financial Analyst
61,59,100,95,65,59,84,70,0,1,1,0,0,0,1,1,0,1,Data Scientist,Software Developer,Teacher
61,95,40,57,45,53,91,28,0,1,1,1,1,1,0,0,0,0,Lawyer,Psychologist,Graphic Designer
62,20,81,20,38,99,84,69,0,1,0,0,1,1,0,0,0,1,Doctor,Architect,Teacher
31,34,59,61,62,62,95,61,0,0,1,1,1,1,0,1,1,1,Psychologist,Software Developer,Architect
81,34,37,74,84,36,82,65,1,0,0,1,1,0,1,1,0,1,Digital Marketer,Software Developer,Marketing Manager
69,59,98,23,89,40,76,69,0,1,1,0,1,0,1,0,1,0,UX/UI Designer,Teacher,Digital Marketer
90,80,90,48,24,39,41,87,1,0,0,0,0,1,0,0,0,1,Digital Marketer,Financial Analyst,Teacher
20,82,37,32,20,87,57,22,1,1,1,0,0,1,1,1,0,1,Psychologist,Content Writer,UX/UI Designer
29,34,84,34,30,98,35,72,0,1,0,1,1,1,0,0,1,1,Psychologist,Marketing Manager,Graphic Designer
32,50,74,36,95,84,62,59,1,0,1,1,1,1,1,0,0,1,Teacher,Graphic Designer,Software Developer
68,89,30,47,65,24,47,39,1,0,0,0,1,1,1,0,0,0,Architect,Psychologist,Content Writer
90,26,98,47,34,79,54,91,1,1,1,1,0,1,0,1,0,1,Graphic Designer,Lawyer,Psychologist
72,63,96,48,79,51,29,68,1,0,0,1,1,0,1,1,0,0,Mechanical Engineer,Psychologist,Software Developer
94,34,49,98,99,26,64,39,1,0,0,0,0,0,1,1,1,0,Financial Analyst,Civil Engineer,Doctor
84,65,61,74,69,72,66,99,1,1,0,1,0,1,1,1,0,0,Content Writer,Marketing Manager,Financial Analyst
48,65,70,29,75,74,41,64,0,1,0,0,1,1,1,1,1,0,Graphic Designer,Teacher,Marketing Manager
83,48,56,59,34,44,35,47,0,0,1,1,0,0,0,0,1,1,Financial Analyst,Lawyer,Teacher
96,48,79,96,30,30,21,91,0,1,1,0,1,0,0,0,1,1,Teacher,Financial Analyst,Lawyer
34,38,24,72,68,94,70,66,1,1,0,1,1,1,0,0,0,0,Doctor,Civil Engineer,Data Scientist
34,89,34,85,78,71,60,87,1,0,0,1,1,0,0,1,0,1,Lawyer,Data Scientist,Mechanical Engineer
68,34,48,23,84,88,67,76,1,0,1,1,0,0,0,1,0,1,Teacher,Digital Marketer,Mechanical Engineer
86,63,93,88,30,72,61,28,0,0,1,1,0,0,0,1,0,1,Content Writer,Mechanical Engineer,Graphic Designer
87,23,50,27,26,31,85,46,1,0,1,0,0,0,0,0,0,1,Data Scientist,Software Developer,Architect
35,68,36,65,81,28,30,56,0,1,1,0,1,0,1,0,1,0,Psychologist,Data Scientist,Architect
25,53,38,83,84,47,28,52,0,1,1,0,1,1,0,0,0,0,Marketing Manager,Data Scientist,Mechanical Engineer
60,46,65,73,84,89,68,21,0,1,0,1,1,1,0,0,0,1,Financial Analyst,Psychologist,Architect
53,63,23,89,53,89,74,30,1,1,1,1,0,0,0,1,1,1,Civil Engineer,Software Developer,Digital Marketer
58,24,87,20,31,71,59,92,1,1,1,1,0,1,0,0,1,0,Marketing Manager,Doctor,Content Writer
95,67,82,81,56,69,99,91,0,1,0,1,1,1,0,0,1,0,Graphic Designer,Architect,UX/UI Designer
96,31,52,77,86,63,38,27,0,1,0,1,1,0,0,0,1,1,Digital Marketer,Financial Analyst,UX/UI Designer
92,89,36,49,59,75,60,27,0,1,0,1,0,1,0,1,1,0,Content Writer,Psychologist,Marketing Manager
70,35,67,62,91,90,72,81,1,0,0,1,0,0,0,1,1,1,Graphic Designer,Data Scientist,Psychologist
50,23,56,83,23,27,60,27,0,1,0,1,1,0,1,1,1,1,Digital Marketer,Mechanical Engineer,Architect
73,20,30,46,21,29,54,100,1,1,0,1,1,1,0,1,1,0,Marketing Manager,Digital Marketer,Architect
69,50,96,62,67,99,91,51,0,0,0,1,0,0,0,0,0,1,Software Developer,Doctor,Content Writer
23,29,46,54,48,32,29,59,1,0,0,1,0,1,1,1,0,0,Psychologist,Mechanical Engineer,Lawyer
38,48,76,72,36,59,48,97,1,1,1,0,0,0,1,1,0,1,Civil Engineer,Doctor,Lawyer
61,28,87,30,55,79,95,26,0,0,0,0,0,0,1,1,0,1,Teacher,Architect,UX/UI Designer
40,50,85,71,24,22,85,91,1,1,1,0,0,0,1,0,0,1,Marketing Manager,Architect,Content Writer
81,44,61,21,92,77,34,91,1,1,1,1,1,1,0,1,1,0,UX/UI Designer,Psychologist,Financial Analyst
47,29,23,91,100,27,80,81,0,0,0,0,1,0,0,1,1,1,Software Developer,Digital Marketer,UX/UI Designer
86,64,78,83,74,36,91,53,0,0,1,1,1,1,0,0,0,0,UX/UI Designer,Psychologist,Doctor
88,60,28,53,38,87,36,100,1,0,0,0,0,0,1,0,0,1,Doctor,UX/UI Designer,Data Scientist
86,65,71,58,98,38,86,90,1,0,1,1,1,0,0,1,1,1,Data Scientist,Teacher,Graphic Designer
26,56,88,84,83,76,34,25,1,0,1,1,0,0,1,0,1,0,Doctor,Graphic Designer,Software Developer
45,34,24,77,72,43,51,47,1,0,1,0,0,1,0,1,1,0,Lawyer,Civil Engineer,Data Scientist
87,86,57,51,21,89,87,47,0,0,1,1,1,0,1,1,0,1,Software Developer,Graphic Designer,Marketing Manager
60,59,35,42,81,51,24,39,1,1,1,1,1,1,1,0,1,1,Graphic Designer,Lawyer,Teacher
47,23,42,80,45,26,72,43,0,0,0,1,0,0,0,0,0,1,Marketing Manager,Lawyer,UX/UI Designer
92,81,70,60,64,55,84,49,1,1,1,0,0,1,0,1,0,0,Marketing Manager,Architect,Civil Engineer
90,41,81,24,65,39,84,61,0,0,1,0,1,1,1,1,1,1,Civil Engineer,UX/UI Designer,Lawyer
26,75,36,39,23,90,62,49,0,1,1,1,1,1,1,0,0,1,Civil Engineer,Architect,Lawyer
61,94,32,97,78,71,98,46,1,0,1,0,1,1,0,0,0,1,Doctor,UX/UI Designer,Architect
60,99,47,33,100,36,25,80,0,1,0,0,1,1,0,0,1,0,Financial Analyst,Mechanical Engineer,Software Developer
36,78,95,29,50,21,26,68,1,1,0,1,1,1,1,1,1,1,UX/UI Designer,Financial Analyst,Lawyer
95,68,65,58,69,68,81,55,0,1,1,0,0,0,1,1,1,1,UX/UI Designer,Doctor,Graphic Designer
77,29,33,100,56,73,21,73,0,0,0,1,0,1,1,1,0,0,Civil Engineer,Teacher,Graphic Designer
65,55,36,38,79,100,37,36,1,1,0,1,0,1,1,0,1,1,Doctor,Civil Engineer,Content Writer
79,31,59,89,47,75,38,43,1,0,0,1,1,0,1,1,1,1,Data Scientist,Digital Marketer,Psychologist
32,63,34,74,52,71,93,88,1,0,0,0,0,0,1,1,1,0,Digital Marketer,Marketing Manager,Psychologist
64,40,93,75,71,85,42,26,1,1,1,1,0,1,1,1,0,1,Doctor,Software Developer,Mechanical Engineer
63,91,47,84,42,40,35,37,0,1,1,1,0,0,0,1,1,1,Graphic Designer,Content Writer,Psychologist
51,55,84,40,27,38,71,54,0,1,1,0,0,0,0,0,0,1,Software Developer,Mechanical Engineer,Architect
64,22,46,55,71,52,50,66,1,0,1,1,0,0,1,0,1,1,Data Scientist,Digital Marketer,Graphic Designer
43,61,51,22,29,94,88,40,0,1,1,1,0,1,0,1,1,0,Software Developer,Financial Analyst,Lawyer
78,68,55,89,30,97,37,44,0,0,0,0,0,0,1,0,1,1,Psychologist,Doctor,Digital Marketer
37,21,73,51,58,84,60,51,1,0,1,1,0,1,0,0,0,1,Financial Analyst,Data Scientist,Psychologist
95,88,40,64,87,66,88,32,1,0,0,1,0,1,0,1,0,0,Architect,Civil Engineer,Software Developer
71,92,22,73,46,86,27,25,0,1,0,1,1,1,1,0,1,1,Psychologist,Financial Analyst,UX/UI Designer
52,35,27,71,38,65,35,91,1,1,1,1,1,0,0,1,0,1,Marketing Manager,Civil Engineer,Financial Analyst
75,48,31,22,21,53,39,82,0,1,1,1,0,1,1,0,1,1,Civil Engineer,Content Writer,Mechanical Engineer
97,93,29,85,39,21,65,74,0,0,1,0,1,1,0,1,0,1,Doctor,Psychologist,Architect
22,94,94,24,53,25,81,34,1,0,1,0,0,1,1,0,1,1,Software Developer,Data Scientist,Architect
66,78,88,67,64,97,78,34,0,0,1,0,1,0,1,0,1,1,UX/UI Designer,Software Developer,Lawyer
61,97,63,77,22,97,20,67,0,0,0,0,0,0,0,0,0,0,Data Scientist,Financial Analyst,Doctor
88,53,43,97,29,45,98,35,0,1,0,0,0,1,1,0,0,1,Software Developer,Content Writer,Digital Marketer
59,45,35,26,30,87,44,58,0,0,1,0,1,0,1,0,0,1,Doctor,Civil Engineer,Marketing Manager
30,81,74,73,35,24,54,24,1,1,1,0,1,1,0,0,0,0,Architect,Graphic Designer,Teacher
61,63,75,51,73,63,58,23,1,1,0,1,0,1,1,1,0,0,Mechanical Engineer,Teacher,UX/UI Designer
87,38,46,63,38,47,24,94,0,0,1,1,0,1,1,1,0,1,Teacher,Lawyer,Architect
58,63,69,76,22,32,85,58,0,1,0,0,1,1,0,0,1,1,Software Developer,Doctor,Financial Analyst
39,20,38,97,20,28,41,89,1,0,0,0,1,1,0,0,1,1,UX/UI Designer,Digital Marketer,Financial Analyst
85,40,81,52,61,89,59,43,1,0,0,1,1,0,1,1,1,0,UX/UI Designer,Content Writer,Psychologist
73,44,76,65,52,24,56,50,0,0,1,0,0,1,0,1,0,1,Digital Marketer,Teacher,Civil Engineer
67,31,27,61,37,95,50,80,0,0,1,1,1,0,1,1,1,1,UX/UI Designer,Marketing Manager,Data Scientist
52,61,91,98,83,61,88,21,1,0,1,0,0,0,0,1,1,1,Doctor,Marketing Manager,Lawyer
53,37,79,52,70,44,72,56,0,1,0,1,0,0,1,1,1,1,Civil Engineer,Mechanical Engineer,Content Writer
69,62,97,49,45,88,39,57,0,0,0,1,0,1,0,1,1,0,Digital Marketer,Civil Engineer,Doctor
79,50,55,26,92,82,76,49,0,0,0,0,0,1,0,1,0,1,Financial Analyst,Architect,Software Developer
43,98,22,48,74,71,42,38,1,0,0,0,0,1,0,1,0,0,Software Developer,Civil Engineer,Content Writer
64,85,77,34,34,29,31,56,1,0,0,1,1,0,1,1,0,1,UX/UI Designer,Graphic Designer,Architect
59,89,76,81,23,85,28,56,0,1,0,1,1,1,0,1,1,1,Civil Engineer,Digital Marketer,Content Writer
31,88,36,98,26,60,28,39,0,0,1,0,0,1,1,0,1,0,Civil Engineer,Graphic Designer,Data Scientist
84,32,82,83,60,58,23,42,0,1,1,0,0,1,0,0,0,1,Doctor,Graphic Designer,Content Writer
62,82,33,100,45,65,65,61,0,1,1,1,1,0,1,1,1,0,Software Developer,Civil Engineer,Architect
39,27,99,32,67,59,66,92,1,1,1,1,1,0,0,1,1,1,Teacher,Psychologist,Mechanical Engineer
54,88,97,98,67,43,56,61,1,0,0,0,1,0,0,1,1,0,Teacher,Psychologist,Architect
41,49,73,40,64,57,87,95,0,0,0,0,0,1,1,0,0,1,Marketing Manager,Teacher,Data Scientist
84,94,85,87,30,100,78,71,0,1,0,1,0,1,0,1,1,0,Content Writer,Architect,Graphic Designer
70,27,71,78,55,82,83,92,0,0,0,1,0,1,1,0,0,1,Teacher,Data Scientist,Content Writer
21,89,58,20,86,45,23,66,0,0,1,1,0,0,1,0,0,1,Doctor,Mechanical Engineer,Graphic Designer
47,88,52,48,56,62,32,58,1,1,0,0,0,0,0,1,0,0,Architect,Marketing Manager,Content Writer
49,48,27,94,21,92,66,77,1,1,1,1,1,1,0,0,1,1,Psychologist,Software Developer,Data Scientist
60,54,92,81,98,79,90,33,0,0,0,0,0,0,0,0,0,0,Mechanical Engineer,Software Developer,Content Writer
93,33,83,60,47,95,31,37,0,0,1,0,1,0,0,1,1,1,Graphic Designer,Mechanical Engineer,Doctor
65,44,54,23,53,79,39,55,0,0,0,0,1,1,0,0,0,1,Lawyer,Graphic Designer,Mechanical Engineer
38,50,58,100,64,55,47,87,0,1,0,0,1,1,0,1,1,1,Financial Analyst,Marketing Manager,UX/UI Designer
40,60,22,23,54,22,34,48,1,0,1,0,1,0,1,1,1,0,Civil Engineer,Graphic Designer,Software Developer
75,73,72,43,74,98,55,42,0,0,0,1,0,0,1,0,0,1,Teacher,Data Scientist,Digital Marketer
45,54,41,48,55,79,63,32,1,1,1,1,1,0,0,1,1,1,Psychologist,Marketing Manager,Graphic Designer
91,30,42,28,73,42,23,81,1,1,1,0,1,0,0,0,0,1,Mechanical Engineer,Digital Marketer,Financial Analyst
42,48,22,75,85,36,52,33,1,1,0,1,1,0,0,1,0,0,Doctor,Teacher,Software Developer
63,72,84,100,32,83,25,60,1,1,1,0,0,0,1,0,1,1,Graphic Designer,Doctor,Teacher
29,75,65,72,35,92,47,63,1,1,0,1,1,0,1,0,0,0,Data Scientist,Financial Analyst,Content Writer
22,78,32,57,24,85,20,56,0,0,1,1,0,0,0,0,0,0,Architect,Digital Marketer,Teacher
64,40,33,55,20,81,84,26,0,1,1,0,0,1,0,1,1,0,Digital Marketer,Civil Engineer,Financial Analyst
80,86,49,93,97,55,57,78,1,1,0,0,1,1,0,0,1,1,Mechanical Engineer,Software Developer,Doctor
57,68,50,20,20,67,33,94,1,1,0,0,1,0,0,0,1,0,Financial Analyst,Lawyer,Mechanical Engineer
38,89,65,64,20,49,25,48,0,0,1,1,1,1,1,0,1,1,Graphic Designer,Software Developer,Marketing Manager
31,45,42,60,38,63,42,71,1,0,0,0,0,1,1,0,0,0,Civil Engineer,Architect,Marketing Manager
39,79,97,40,77,73,80,70,0,0,0,0,1,0,0,0,1,1,Data Scientist,Architect,Civil Engineer
20,74,55,55,74,69,79,41,0,0,0,1,1,1,1,1,1,0,Psychologist,Civil Engineer,Architect
33,33,65,49,84,82,48,69,1,0,0,0,0,0,1,1,1,0,Marketing Manager,Lawyer,Digital Marketer
26,44,71,96,52,62,23,62,1,0,0,1,0,1,1,0,0,0,Psychologist,Content Writer,Software Developer
88,55,22,66,76,70,99,53,0,0,1,1,0,0,0,0,1,0,Lawyer,Digital Marketer,Architect
87,74,23,45,48,70,85,91,1,1,1,1,1,0,1,0,0,1,Graphic Designer,Mechanical Engineer,Software Developer
24,62,46,27,22,69,34,84,1,0,1,1,1,0,1,1,0,0,Software Developer,Architect,Financial Analyst
92,32,95,81,27,39,96,84,1,0,1,1,0,0,0,0,0,1,Architect,UX/UI Designer,Digital Marketer
80,21,45,34,66,70,37,68,1,0,0,1,1,0,1,0,1,0,Data Scientist,Doctor,Teacher
77,58,24,84,36,31,41,99,0,0,0,1,1,0,0,0,1,1,Lawyer,UX/UI Designer,Architect
42,91,24,33,59,83,96,66,0,1,0,0,0,0,0,0,1,1,Doctor,Psychologist,Lawyer
68,95,85,31,98,69,50,64,1,1,0,1,1,1,1,0,0,0,Marketing Manager,Lawyer,Financial Analyst
51,77,100,87,36,63,73,52,0,1,1,1,1,1,1,0,1,0,UX/UI Designer,Content Writer,Software Developer
47,45,28,20,73,41,30,52,0,1,1,0,0,1,1,0,1,0,Doctor,Psychologist,Teacher
54,51,99,75,43,97,67,31,0,0,1,1,1,1,1,1,0,0,Marketing Manager,UX/UI Designer,Civil Engineer
91,85,28,51,30,23,93,83,0,1,0,0,0,1,0,1,1,1,UX/UI Designer,Financial Analyst,Digital Marketer
52,94,76,89,70,52,91,88,0,0,0,1,0,0,0,1,1,1,Psychologist,Financial Analyst,Architect
59,77,74,97,98,99,100,51,0,0,0,0,0,0,1,0,0,0,Software Developer,Teacher,Data Scientist
95,92,50,46,96,60,22,95,1,1,0,0,1,1,1,0,0,1,Financial Analyst,Mechanical Engineer,Psychologist
73,60,71,30,69,51,43,72,0,0,0,1,1,0,0,1,0,0,Content Writer,Digital Marketer,Civil Engineer
73,39,44,50,61,20,28,49,1,0,1,1,0,1,1,0,0,0,Lawyer,Teacher,Financial Analyst
83,77,29,24,53,26,32,27,0,0,1,0,0,1,0,0,1,1,Data Scientist,Software Developer,Mechanical Engineer
82,76,30,88,76,46,46,100,1,0,1,0,0,1,0,1,0,1,Doctor,Psychologist,Data Scientist
51,61,30,40,91,20,74,38,0,0,0,1,0,0,1,1,0,0,Psychologist,Graphic Designer,UX/UI Designer
27,96,83,57,23,83,60,32,1,1,1,1,0,1,0,0,1,1,Teacher,Graphic Designer,UX/UI Designer
81,74,37,72,23,27,38,82,0,1,1,0,1,1,1,0,0,1,Psychologist,Data Scientist,Mechanical Engineer
100,99,81,36,71,97,48,32,0,0,0,1,0,0,0,1,1,0,Civil Engineer,Digital Marketer,Content Writer
77,51,20,60,56,23,87,64,1,1,1,0,1,1,1,0,0,1,Financial Analyst,Digital Marketer,Lawyer
27,49,26,45,92,86,75,65,0,0,0,0,1,0,0,1,1,0,Software Developer,Digital Marketer,UX/UI Designer
21,55,38,70,69,20,39,89,0,1,1,0,1,0,0,0,0,1,Teacher,UX/UI Designer,Digital Marketer
33,77,66,20,45,54,60,51,0,0,1,1,0,1,1,0,0,0,Marketing Manager,Mechanical Engineer,Financial Analyst
46,84,70,100,66,21,44,82,1,0,1,1,1,0,1,0,1,0,Architect,Lawyer,Software Developer
71,72,42,43,92,50,22,84,0,0,0,1,1,0,0,1,1,1,Data Scientist,Digital Marketer,Teacher
86,43,60,81,35,47,38,64,1,0,0,0,0,0,0,0,1,0,Content Writer,Digital Marketer,UX/UI Designer
84,41,37,58,55,96,27,40,0,0,0,0,1,0,1,0,0,1,Lawyer,Mechanical Engineer,Graphic Designer
25,56,72,28,46,90,63,48,0,1,0,1,1,0,1,1,0,1,UX/UI Designer,Graphic Designer,Architect
89,53,91,56,77,61,90,94,0,0,1,0,0,0,1,0,0,0,Civil Engineer,Lawyer,Content Writer
83,93,36,22,42,50,62,76,1,0,1,0,0,1,0,0,1,0,Mechanical Engineer,Civil Engineer,Doctor
59,99,79,41,82,56,71,43,1,1,0,1,0,1,0,0,1,1,Psychologist,Graphic Designer,Marketing Manager
51,53,21,82,65,30,63,98,0,0,1,0,0,0,1,0,0,1,Architect,Civil Engineer,Software Developer
54,82,82,70,51,83,74,56,0,1,0,0,1,1,0,1,1,0,Lawyer,Content Writer,Architect
76,56,52,69,52,75,67,58,0,1,1,0,0,1,1,1,0,0,Psychologist,Architect,Data Scientist
94,72,65,84,89,21,92,63,1,1,1,0,0,0,1,0,0,0,Architect,Doctor,Civil Engineer
79,63,89,81,64,25,38,95,0,1,1,0,0,1,1,0,0,0,Architect,Civil Engineer,Marketing Manager
28,66,62,77,28,28,42,57,1,0,0,0,0,0,0,0,0,1,Teacher,Civil Engineer,Mechanical Engineer
100,57,26,22,70,28,50,66,1,1,1,1,0,0,0,1,1,0,Doctor,UX/UI Designer,Data Scientist
62,58,98,97,29,49,46,49,1,1,1,0,1,0,0,1,1,0,Content Writer,Mechanical Engineer,Financial Analyst
65,93,100,68,89,53,100,56,0,1,0,1,1,1,1,0,0,1,Marketing Manager,Data Scientist,Teacher
64,48,28,54,70,23,36,96,0,0,0,1,0,1,0,0,0,1,Financial Analyst,Content Writer,Data Scientist
42,48,97,40,53,66,54,69,0,0,0,0,0,0,0,0,1,1,Financial Analyst,Psychologist,Mechanical Engineer
56,99,52,33,46,97,45,88,0,1,0,1,0,1,1,0,1,1,Content Writer,Architect,Lawyer
83,54,58,50,70,34,71,24,0,0,0,1,1,1,0,1,0,1,Content Writer,Civil Engineer,Software Developer
70,50,31,52,36,43,45,80,1,1,0,1,1,0,1,0,0,0,Software Developer,Psychologist,Civil Engineer
67,32,56,45,46,37,56,68,0,0,1,0,1,0,0,1,0,0,Mechanical Engineer,UX/UI Designer,Doctor
48,43,95,24,65,53,74,21,0,1,0,1,0,1,0,0,1,1,Teacher,Mechanical Engineer,Doctor
47,100,50,49,92,33,67,48,0,1,0,1,1,0,0,0,1,0,Doctor,Teacher,UX/UI Designer
41,100,73,57,32,41,68,37,0,1,1,1,0,1,0,0,1,1,Software Developer,Teacher,Data Scientist
49,36,99,38,27,59,65,22,1,0,0,1,1,0,1,1,0,1,Civil Engineer,Architect,Software Developer
78,53,95,70,60,31,89,36,1,1,0,0,0,0,0,0,1,1,Psychologist,Architect,Graphic Designer
26,80,36,66,44,54,96,40,1,1,1,0,1,0,1,1,1,0,Marketing Manager,Software Developer,Graphic Designer
41,45,22,30,90,78,93,46,0,0,1,0,0,0,1,0,1,1,Lawyer,Digital Marketer,Psychologist
89,49,26,59,50,99,96,88,0,0,0,1,1,1,0,0,1,0,Civil Engineer,Architect,Software Developer
75,77,32,56,76,84,80,95,1,0,0,0,1,0,1,1,0,1,Content Writer,Psychologist,Architect
60,41,54,76,29,34,93,98,0,1,0,0,0,1,1,0,0,0,Doctor,Marketing Manager,Lawyer
30,89,79,44,94,62,89,82,0,0,0,0,1,0,1,0,0,0,Software Developer,Teacher,Data Scientist
94,64,83,85,64,67,39,53,0,0,1,0,0,0,1,1,1,1,Doctor,UX/UI Designer,Content Writer
91,87,30,72,87,59,53,99,0,1,1,1,0,0,0,0,1,1,Software Developer,Marketing Manager,Lawyer
64,38,39,35,82,28,89,75,1,0,0,1,0,0,0,0,0,0,Teacher,Content Writer,Marketing Manager
76,33,66,52,21,70,97,28,1,0,0,1,0,1,0,0,1,0,Civil Engineer,Architect,Data Scientist
59,96,47,40,59,24,85,24,1,1,1,1,0,1,0,1,0,0,Civil Engineer,UX/UI Designer,Data Scientist
99,46,26,62,56,100,66,76,0,1,0,0,0,0,0,1,1,0,Marketing Manager,Digital Marketer,Psychologist
35,25,86,75,67,65,81,77,1,1,0,0,0,0,0,1,1,1,Doctor,Content Writer,Architect
33,46,58,44,83,71,91,89,0,0,0,0,1,1,1,0,0,1,Graphic Designer,Data Scientist,Mechanical Engineer
65,50,31,78,71,99,41,96,0,0,0,1,1,1,0,0,0,1,Civil Engineer,Mechanical Engineer,Content Writer
46,48,68,24,70,81,56,90,1,0,0,0,1,0,0,0,1,0,Financial Analyst,Civil Engineer,Architect
27,100,64,100,55,87,62,99,0,1,0,1,1,1,1,1,0,0,Digital Marketer,Graphic Designer,UX/UI Designer
64,51,61,70,33,69,44,29,1,0,1,1,0,0,1,0,1,0,Software Developer,Graphic Designer,Lawyer
98,70,88,91,57,39,28,65,0,1,1,1,1,0,0,1,0,0,Software Developer,Financial Analyst,UX/UI Designer
47,63,93,81,73,44,66,77,0,1,1,1,0,1,0,1,0,1,Civil Engineer,Software Developer,Doctor
68,89,65,25,27,57,79,69,1,0,1,1,0,0,1,1,1,0,Data Scientist,Teacher,Financial Analyst
79,70,58,41,88,83,56,78,1,0,1,0,1,1,0,1,0,1,Psychologist,Digital Marketer,Graphic Designer
64,49,29,84,84,54,57,89,0,1,0,0,0,1,0,1,0,0,Digital Marketer,Doctor,UX/UI Designer
74,57,96,25,73,42,27,27,0,0,1,0,0,1,0,1,0,0,Teacher,Mechanical Engineer,Graphic Designer
85,25,77,77,53,42,90,55,1,0,0,1,0,1,1,1,0,0,Psychologist,Doctor,Marketing Manager
74,48,70,33,22,78,21,85,0,1,0,1,0,0,1,0,1,0,Civil Engineer,Digital Marketer,Data Scientist
89,25,34,33,91,79,85,87,1,1,1,0,1,0,1,0,0,1,Mechanical Engineer,Financial Analyst,Psychologist
70,75,52,36,33,85,50,54,1,1,1,0,0,0,1,1,0,0,Financial Analyst,Architect,Lawyer
83,81,23,91,28,59,66,99,1,1,1,1,0,1,0,1,1,1,Graphic Designer,Mechanical Engineer,Content Writer
33,54,38,88,81,44,71,26,1,0,1,1,0,0,1,1,0,0,UX/UI Designer,Architect,Graphic Designer
67,57,67,48,87,57,38,93,0,1,0,1,0,1,1,0,1,0,Digital Marketer,Civil Engineer,Mechanical Engineer
46,65,47,55,99,74,97,84,1,0,0,0,0,1,0,0,1,0,Lawyer,Teacher,Graphic Designer
30,85,81,29,29,89,73,100,1,1,1,1,1,0,1,1,0,0,Software Developer,Architect,Data Scientist
74,98,53,41,88,26,25,50,1,1,1,0,0,0,1,0,1,0,Lawyer,Psychologist,Teacher
43,65,43,57,79,68,65,89,0,0,1,1,0,1,1,0,1,1,Financial Analyst,UX/UI Designer,Content Writer
82,64,42,96,67,35,95,91,0,0,0,0,1,1,0,0,0,1,Graphic Designer,Digital Marketer,Civil Engineer
35,36,80,89,20,44,60,42,1,0,1,0,1,0,1,1,1,1,Teacher,Digital Marketer,Doctor
32,58,56,36,61,45,97,94,0,1,0,0,0,0,1,1,1,0,Mechanical Engineer,Architect,Civil Engineer
26,78,20,47,77,86,80,57,1,1,0,0,1,1,0,1,1,1,Psychologist,Civil Engineer,Digital Marketer
90,90,41,72,41,84,36,78,0,1,0,1,0,0,0,1,1,1,Graphic Designer,Mechanical Engineer,Data Scientist
54,79,33,97,37,93,36,54,0,1,0,0,1,0,1,1,0,1,Lawyer,Software Developer,Architect
65,74,74,24,23,44,89,73,0,0,0,0,0,1,0,0,1,0,Doctor,Software Developer,Financial Analyst
87,55,95,76,49,38,82,58,0,1,1,1,1,1,0,1,0,1,Architect,Mechanical Engineer,Financial Analyst
42,64,69,86,30,92,52,81,0,1,1,1,0,1,1,0,0,1,Civil Engineer,Architect,Marketing Manager
70,69,94,41,29,91,27,33,1,1,0,0,1,0,1,1,1,0,Architect,Financial Analyst,Digital Marketer
87,67,61,52,62,72,48,60,0,0,0,0,1,1,0,1,1,0,Lawyer,Digital Marketer,Psychologist
21,77,44,64,83,56,64,51,1,0,1,1,0,1,0,0,1,1,Psychologist,Data Scientist,Architect
31,23,81,82,89,66,71,53,0,0,1,0,1,1,1,0,0,1,Doctor,Digital Marketer,Teacher
49,84,58,26,64,92,42,88,0,0,1,0,1,1,1,0,1,0,Content Writer,Marketing Manager,Architect
79,58,25,95,41,76,80,54,1,0,0,0,0,1,1,0,1,0,Financial Analyst,Digital Marketer,Psychologist
32,75,68,95,50,75,57,39,1,1,0,0,1,0,0,0,1,0,Marketing Manager,Doctor,Data Scientist
69,82,40,76,35,98,52,30,1,0,1,0,1,0,1,1,1,0,Data Scientist,Financial Analyst,Mechanical Engineer
84,20,61,28,65,96,26,62,0,1,0,0,1,0,0,0,1,0,Digital Marketer,Data Scientist,Financial Analyst
71,98,70,30,57,93,28,84,0,0,0,1,1,1,1,0,0,0,Architect,Psychologist,Data Scientist
68,97,79,95,46,48,31,63,1,1,1,1,1,0,1,0,0,1,Content Writer,Marketing Manager,Data Scientist
87,35,69,70,34,22,40,23,0,0,1,1,0,1,1,1,1,1,Civil Engineer,Lawyer,Software Developer
64,60,52,97,60,82,55,60,0,0,0,1,1,1,0,1,1,1,Civil Engineer,Lawyer,Content Writer
55,78,81,24,42,72,36,48,1,0,0,1,1,0,0,0,0,1,Digital Marketer,Content Writer,Lawyer
90,43,91,79,92,93,41,85,1,0,0,1,1,0,1,1,1,0,Content Writer,Financial Analyst,Mechanical Engineer
52,87,100,76,71,84,32,61,0,0,0,1,1,1,0,0,1,0,Architect,Digital Marketer,Mechanical Engineer
94,43,61,50,51,65,53,81,0,1,0,1,0,0,1,0,0,0,Civil Engineer,Graphic Designer,Software Developer
68,82,47,53,82,97,72,23,1,0,1,0,0,1,0,0,0,1,Civil Engineer,Doctor,Psychologist
89,86,59,85,45,99,44,65,0,0,0,1,1,1,0,0,1,1,Financial Analyst,Content Writer,Lawyer
71,78,44,100,53,53,48,43,1,1,0,1,1,1,1,0,0,0,Data Scientist,Architect,Mechanical Engineer
53,93,86,41,89,83,49,27,1,1,1,0,1,1,1,0,0,0,Marketing Manager,Financial Analyst,Psychologist
88,52,43,27,46,88,33,41,1,0,0,0,1,0,0,0,0,1,Architect,Financial Analyst,Digital Marketer
28,23,85,72,78,69,62,88,0,0,1,0,1,1,0,0,0,1,Mechanical Engineer,Architect,Financial Analyst
30,32,81,63,27,72,57,42,0,1,1,0,0,1,1,1,1,0,Psychologist,UX/UI Designer,Architect
72,82,57,83,79,85,93,57,1,0,0,0,1,1,0,1,1,1,Lawyer,Financial Analyst,Doctor
85,48,75,51,32,44,94,89,0,1,1,1,1,0,1,1,1,0,UX/UI Designer,Teacher,Mechanical Engineer
82,91,51,93,77,37,33,56,0,0,0,1,0,0,1,1,1,1,Mechanical Engineer,Software Developer,Digital Marketer
52,71,43,29,37,92,82,57,1,1,0,1,0,0,1,1,1,1,Lawyer,Data Scientist,Psychologist
31,35,39,64,64,39,66,39,1,0,1,1,1,1,0,1,1,0,Lawyer,Psychologist,Graphic Designer
27,37,28,23,63,61,53,49,1,0,0,0,1,0,1,1,0,0,Architect,Graphic Designer,Mechanical Engineer
47,34,23,65,51,50,34,86,1,1,0,1,1,0,0,1,1,1,Psychologist,Teacher,Software Developer
71,27,68,79,59,73,98,59,1,1,0,0,0,1,1,0,0,1,Content Writer,Digital Marketer,Doctor
71,61,56,100,97,61,24,69,1,0,0,0,1,0,0,1,0,1,Teacher,Civil Engineer,Data Scientist
93,68,67,56,45,69,82,75,0,1,0,1,1,0,0,1,0,0,Data Scientist,Doctor,Architect
37,62,73,65,29,88,36,59,0,1,0,0,1,0,0,1,1,0,Software Developer,Doctor,Teacher
22,81,47,93,58,77,45,65,1,1,0,1,1,0,0,0,0,0,Teacher,Doctor,Mechanical Engineer
66,78,96,44,51,96,40,23,1,0,1,1,0,1,0,1,0,0,Mechanical Engineer,Lawyer,Marketing Manager
35,78,86,85,71,89,79,57,0,0,0,0,0,0,1,0,0,1,Teacher,Digital Marketer,Psychologist
59,24,32,94,93,80,61,71,0,1,1,0,0,0,0,0,1,1,Architect,Doctor,Psychologist
79,88,23,68,57,80,75,70,1,1,1,0,0,1,0,0,0,0,Doctor,Psychologist,Content Writer
28,73,39,37,96,99,92,20,1,1,0,0,1,1,1,1,0,1,Financial Analyst,Lawyer,Graphic Designer
73,27,38,43,55,33,72,58,1,1,1,0,0,0,0,1,0,1,Psychologist,Graphic Designer,Content Writer
58,97,96,47,30,35,27,37,0,0,1,0,1,0,0,1,0,1,Mechanical Engineer,Digital Marketer,Architect
23,30,87,82,42,64,56,71,1,0,1,1,1,1,1,1,0,1,Software Developer,Marketing Manager,Lawyer
86,78,43,90,67,73,80,24,0,1,0,0,1,1,1,1,1,0,Doctor,Data Scientist,Architect
85,87,24,34,46,99,86,28,1,1,1,0,1,1,1,0,1,0,Lawyer,Architect,Marketing Manager
66,41,22,84,41,63,35,66,1,0,0,0,1,0,1,1,0,1,Teacher,UX/UI Designer,Architect
60,69,65,98,30,98,65,89,0,0,1,0,0,1,0,1,0,1,Digital Marketer,Graphic Designer,Psychologist
81,58,86,70,89,97,78,42,0,0,0,1,0,1,0,0,1,1,Mechanical Engineer,Lawyer,Architect
99,68,65,76,79,78,23,95,1,1,0,1,1,1,0,1,0,0,UX/UI Designer,Data Scientist,Architect
90,36,64,87,53,48,21,44,0,0,1,1,1,0,0,0,0,0,Marketing Manager,Lawyer,Civil Engineer
65,79,38,89,29,81,73,29,1,1,1,0,0,1,0,1,1,1,Teacher,Mechanical Engineer,Content Writer
96,24,64,49,62,25,84,82,1,0,0,0,1,1,1,1,1,1,Digital Marketer,Doctor,Data Scientist
24,27,31,64,31,92,37,39,1,1,0,0,1,0,0,1,1,0,Teacher,UX/UI Designer,Financial Analyst
69,55,59,30,92,61,55,85,1,1,0,1,0,1,1,1,0,0,Doctor,Mechanical Engineer,UX/UI Designer
45,41,58,66,60,68,75,81,1,0,1,1,1,1,0,0,1,0,Mechanical Engineer,Psychologist,UX/UI Designer
98,61,77,97,54,53,50,95,1,1,0,0,1,0,1,1,0,1,Content Writer,Lawyer,Marketing Manager
49,37,53,46,54,78,80,36,1,1,0,0,1,1,0,1,1,1,Teacher,Lawyer,Psychologist
49,51,37,66,46,91,76,88,0,1,1,1,0,1,1,1,0,0,Teacher,Mechanical Engineer,UX/UI Designer
32,46,22,53,42,30,99,44,1,1,1,0,0,0,1,1,1,1,Graphic Designer,Psychologist,Mechanical Engineer
83,22,34,69,76,54,31,82,1,1,1,0,1,0,0,0,0,1,UX/UI Designer,Content Writer,Software Developer
63,80,47,94,54,39,62,82,0,0,0,1,1,0,1,0,1,1,Doctor,Lawyer,Psychologist
28,32,45,96,54,81,35,80,1,0,1,1,1,1,1,0,1,1,Lawyer,Graphic Designer,Financial Analyst
52,69,46,28,44,46,28,93,0,1,1,0,1,1,1,1,0,1,Data Scientist,UX/UI Designer,Digital Marketer
47,64,97,92,73,67,70,75,1,1,0,0,0,1,1,1,0,0,Architect,Marketing Manager,Software Developer
61,53,78,31,33,50,68,99,0,1,0,1,0,0,1,1,0,1,Psychologist,Architect,Content Writer
32,61,79,98,83,23,69,42,0,1,0,1,1,1,0,0,0,0,Software Developer,Financial Analyst,Marketing Manager
67,87,52,56,48,42,75,23,1,0,0,0,1,1,0,0,1,1,UX/UI Designer,Architect,Civil Engineer
60,36,94,94,71,76,54,46,0,1,1,0,1,0,0,1,1,1,Doctor,Marketing Manager,Content Writer
100,88,99,38,27,99,41,85,1,1,0,0,0,1,0,0,1,0,UX/UI Designer,Data Scientist,Psychologist
41,35,68,96,67,62,95,78,1,1,0,0,0,0,1,0,1,0,Psychologist,Mechanical Engineer,Software Developer
83,58,75,32,85,91,37,46,0,0,0,0,1,0,1,1,0,1,Doctor,Lawyer,Data Scientist
41,57,53,50,66,22,38,100,0,1,0,0,1,1,1,0,1,0,Digital Marketer,Doctor,Mechanical Engineer
27,82,32,28,88,99,54,27,1,0,1,1,0,1,1,0,0,1,Financial Analyst,Data Scientist,Doctor
30,83,88,41,96,38,64,94,1,1,1,1,0,1,1,0,0,1,Data Scientist,Mechanical Engineer,Graphic Designer
40,65,65,39,56,35,86,80,0,1,1,0,0,1,1,1,1,0,Marketing Manager,Lawyer,Civil Engineer
71,85,45,95,65,28,37,80,1,0,0,0,0,0,0,0,1,0,Civil Engineer,Teacher,Lawyer
54,71,95,66,56,84,35,82,0,1,0,1,1,1,1,0,1,0,Civil Engineer,Data Scientist,Doctor
21,73,25,29,84,85,40,77,1,0,1,0,0,1,0,1,1,0,Civil Engineer,Data Scientist,Financial Analyst
96,33,33,97,25,88,44,77,1,0,1,0,0,0,0,1,1,1,Software Developer,Digital Marketer,Psychologist
23,66,42,80,52,70,50,58,1,0,0,0,0,1,1,1,1,1,Digital Marketer,Architect,Lawyer
56,68,62,24,63,93,25,78,1,0,0,1,1,1,0,0,1,0,Software Developer,Doctor,Mechanical Engineer
90,42,35,41,40,47,20,27,1,1,1,0,1,1,1,0,1,0,Doctor,Data Scientist,Civil Engineer
44,35,63,38,99,67,39,48,0,0,0,1,0,1,1,1,1,1,Civil Engineer,Software Developer,Marketing Manager
80,21,22,63,30,48,70,38,1,0,0,1,0,1,0,0,0,1,Doctor,Content Writer,Digital Marketer
90,76,61,99,53,100,29,89,1,1,0,0,1,0,0,1,0,1,Marketing Manager,Data Scientist,Digital Marketer
91,82,37,91,81,49,54,69,0,0,0,1,1,1,0,1,0,0,Lawyer,Marketing Manager,UX/UI Designer
28,80,84,33,98,96,39,57,1,1,1,0,1,1,1,0,0,0,Data Scientist,Content Writer,Civil Engineer
22,64,99,59,73,40,54,78,0,1,0,0,0,1,0,0,0,0,Graphic Designer,Teacher,Marketing Manager
68,86,26,65,27,57,65,42,1,0,1,1,1,0,0,1,0,1,Lawyer,Architect,Software Developer
86,41,45,82,92,50,49,47,1,0,0,1,1,0,1,0,1,1,Lawyer,Civil Engineer,Architect
60,88,21,53,51,72,80,66,0,1,0,0,1,1,0,1,1,1,Software Developer,Marketing Manager,Psychologist
92,28,23,98,40,46,49,51,1,0,1,1,1,1,1,0,0,1,Teacher,Lawyer,Digital Marketer
74,28,44,25,84,52,69,52,0,1,0,1,0,0,1,0,0,1,Data Scientist,Marketing Manager,Architect
98,80,58,45,47,68,97,62,0,0,0,1,1,1,0,1,1,1,Graphic Designer,Architect,Mechanical Engineer
46,73,28,58,80,43,68,63,0,0,1,0,1,1,1,1,1,0,Digital Marketer,Civil Engineer,Doctor
70,48,74,100,92,66,30,30,1,1,1,0,0,0,0,0,1,1,Mechanical Engineer,Marketing Manager,Civil Engineer
94,88,47,97,98,30,21,81,0,0,1,0,1,1,1,1,1,0,Software Developer,Graphic Designer,UX/UI Designer
27,30,43,73,86,20,96,99,0,1,0,0,1,1,1,0,1,0,Graphic Designer,Marketing Manager,Architect
32,78,94,60,34,94,75,26,1,1,1,1,0,0,0,1,1,1,Content Writer,Architect,Marketing Manager
60,27,24,95,87,68,39,93,1,0,0,1,0,0,0,1,1,1,UX/UI Designer,Architect,Doctor
65,60,34,57,74,70,32,58,1,0,1,0,0,1,1,0,0,0,Content Writer,Psychologist,Software Developer
58,98,67,84,56,90,25,22,1,1,1,0,1,0,1,1,1,0,Software Developer,Data Scientist,Graphic Designer
82,39,65,67,67,65,63,76,0,0,0,1,1,1,1,1,1,0,Content Writer,Architect,Digital Marketer
46,56,69,87,22,31,68,80,1,1,1,0,0,1,1,1,0,0,Data Scientist,Digital Marketer,Teacher
89,97,33,87,96,57,62,55,0,1,0,0,1,1,1,0,1,1,Software Developer,Lawyer,Financial Analyst
65,28,80,68,71,73,52,49,0,0,1,1,1,0,1,0,1,1,Teacher,Mechanical Engineer,Civil Engineer
66,58,72,21,91,34,28,92,0,0,1,0,1,0,1,0,0,1,Software Developer,Doctor,Marketing Manager
88,88,44,36,32,23,64,74,1,1,1,1,0,0,1,1,1,0,Software Developer,Mechanical Engineer,Lawyer
62,88,41,100,55,41,26,86,0,1,1,1,1,0,1,0,1,1,Digital Marketer,Graphic Designer,Mechanical Engineer
74,31,81,71,39,68,38,91,1,0,1,1,0,0,0,1,1,0,Software Developer,Digital Marketer,Psychologist
82,37,41,78,53,96,91,97,1,0,1,0,1,0,1,1,0,1,Doctor,Mechanical Engineer,Architect
50,55,38,48,24,34,80,97,1,1,1,0,1,0,1,1,0,0,Financial Analyst,Software Developer,Mechanical Engineer
75,77,69,43,48,63,93,80,0,1,0,0,1,0,1,0,1,1,Mechanical Engineer,Graphic Designer,Civil Engineer
79,50,44,49,66,49,47,41,1,0,1,0,1,1,1,1,1,0,Civil Engineer,Marketing Manager,Graphic Designer
96,22,75,94,60,77,50,59,1,0,1,0,1,0,0,0,1,0,Digital Marketer,Data Scientist,Psychologist
51,30,44,77,44,61,50,31,0,0,0,1,0,0,1,1,0,1,Software Developer,Financial Analyst,Content Writer
22,27,26,76,87,31,56,58,0,1,1,0,1,1,0,0,1,0,Civil Engineer,Marketing Manager,Teacher
37,86,86,87,27,89,31,63,0,0,1,1,1,1,0,1,1,1,Financial Analyst,UX/UI Designer,Architect
28,42,45,68,32,55,68,26,0,1,0,0,1,0,0,0,0,1,Lawyer,Doctor,Graphic Designer
29,86,90,53,46,39,49,95,0,0,0,1,1,0,0,0,0,0,Architect,Doctor,Digital Marketer
83,90,95,78,80,35,22,46,0,1,1,1,1,1,0,1,1,1,Graphic Designer,Digital Marketer,Psychologist
64,90,52,47,39,82,87,74,0,1,1,1,1,1,1,1,0,1,Graphic Designer,Psychologist,Doctor
45,44,39,60,39,51,74,99,0,1,1,0,0,0,0,1,1,0,Content Writer,Doctor,UX/UI Designer
58,91,92,35,83,64,62,86,1,0,0,1,0,1,0,0,1,0,Teacher,Doctor,Marketing Manager
65,79,42,30,54,62,89,71,0,1,1,1,1,1,0,0,1,0,Mechanical Engineer,Graphic Designer,Software Developer
52,74,20,29,67,85,55,62,0,0,1,0,0,1,1,1,1,1,Psychologist,Architect,Mechanical Engineer
52,66,79,45,32,99,79,70,1,0,0,1,0,1,1,0,0,1,Architect,Doctor,Marketing Manager
70,87,86,79,45,77,100,35,1,0,0,0,0,1,1,0,0,0,Civil Engineer,Financial Analyst,Digital Marketer
69,77,87,78,93,42,32,57,0,0,1,0,0,1,0,0,1,1,Marketing Manager,Architect,Psychologist
82,94,100,68,52,23,22,43,0,0,0,1,0,1,0,0,0,1,Graphic Designer,Software Developer,Lawyer
36,95,87,73,22,85,82,61,1,1,1,1,0,1,0,1,1,1,Lawyer,Marketing Manager,Digital Marketer
75,22,58,99,93,39,79,27,1,1,0,0,0,0,0,0,0,1,Software Developer,Marketing Manager,Digital Marketer
51,65,34,85,35,88,50,96,0,1,0,1,0,0,1,1,0,1,Graphic Designer,Doctor,Data Scientist
47,67,40,68,89,56,65,68,0,0,1,1,0,1,1,0,0,1,Mechanical Engineer,Digital Marketer,Teacher
84,75,74,94,66,82,87,63,1,1,1,0,1,1,0,0,1,1,Architect,Mechanical Engineer,Marketing Manager
64,23,44,99,81,46,41,34,0,0,1,1,1,1,0,0,0,0,Marketing Manager,Mechanical Engineer,Teacher
32,56,55,51,34,27,43,42,0,0,1,1,1,0,0,1,0,0,Data Scientist,Mechanical Engineer,Doctor
31,77,86,57,31,85,26,84,0,0,1,0,1,1,1,0,0,1,Teacher,Lawyer,Mechanical Engineer
85,53,39,21,20,74,41,71,0,1,0,1,1,1,1,0,0,0,Financial Analyst,Data Scientist,Teacher
28,61,100,36,48,100,78,63,1,0,1,1,1,1,1,1,1,0,Architect,Doctor,Marketing Manager
79,93,75,51,23,83,36,64,1,0,1,0,0,1,0,1,0,0,Marketing Manager,Mechanical Engineer,Content Writer
29,48,27,51,26,70,53,64,0,1,1,1,0,1,1,0,1,1,Digital Marketer,Graphic Designer,Content Writer
42,33,80,78,38,48,23,58,0,0,1,0,1,0,1,0,0,0,UX/UI Designer,Software Developer,Psychologist
97,51,93,48,74,75,39,64,1,1,1,0,1,0,0,1,0,1,Data Scientist,Teacher,Marketing Manager
28,23,74,59,71,96,47,90,1,0,1,0,1,0,0,0,0,1,Marketing Manager,Architect,Mechanical Engineer
28,81,85,28,47,38,39,92,1,1,1,0,1,1,1,0,1,1,UX/UI Designer,Lawyer,Psychologist
30,28,36,50,35,90,64,73,1,1,1,0,0,0,1,1,0,0,Software Developer,Financial Analyst,Doctor
61,21,49,62,30,80,21,48,1,0,0,0,1,1,0,1,1,1,Graphic Designer,UX/UI Designer,Lawyer
63,90,23,58,21,44,24,25,0,1,1,1,1,1,1,1,1,0,Marketing Manager,Lawyer,Doctor
73,24,90,24,55,34,83,23,1,0,0,0,0,1,1,1,0,1,Psychologist,Graphic Designer,Marketing Manager
75,73,33,23,83,77,100,95,0,1,0,1,1,1,1,0,0,0,Teacher,Architect,Civil Engineer
87,97,27,61,88,42,31,43,1,0,0,0,0,0,1,0,0,1,Psychologist,Content Writer,Architect
77,21,45,20,40,63,23,79,0,1,1,1,1,1,0,0,0,1,Digital Marketer,Mechanical Engineer,Data Scientist
80,62,70,65,51,93,77,85,0,1,1,0,1,0,1,1,1,1,Graphic Designer,Mechanical Engineer,Teacher
40,28,33,58,38,44,34,25,1,1,0,1,1,1,0,0,1,0,Psychologist,Marketing Manager,Financial Analyst
74,61,86,73,84,23,30,75,0,0,1,0,1,0,1,0,0,0,Content Writer,UX/UI Designer,Financial Analyst
76,78,46,53,82,57,70,41,0,1,0,1,1,1,0,1,1,1,Financial Analyst,Psychologist,Civil Engineer
48,69,55,50,52,43,32,75,0,0,1,1,1,1,1,0,1,1,Civil Engineer,Mechanical Engineer,Data Scientist
91,76,64,44,87,24,58,100,0,1,0,0,1,1,1,0,1,0,Psychologist,Digital Marketer,Architect
85,75,74,21,99,39,29,43,0,1,1,0,1,1,0,0,0,1,Psychologist,Civil Engineer,Digital Marketer
72,21,57,26,69,29,25,93,0,0,1,1,0,1,1,0,0,0,Software Developer,Graphic Designer,Teacher
57,86,53,24,44,83,49,45,1,0,0,1,1,0,1,0,0,1,Data Scientist,Content Writer,UX/UI Designer
78,74,89,46,79,54,56,73,0,1,1,0,0,1,1,0,1,0,Teacher,Psychologist,Digital Marketer
67,64,97,100,64,84,69,75,0,1,0,1,0,0,1,1,1,1,Civil Engineer,Digital Marketer,Mechanical Engineer
37,39,92,60,23,64,39,62,1,0,0,0,1,1,0,1,0,0,Doctor,Software Developer,Data Scientist
38,53,97,20,86,98,24,83,0,0,1,1,0,1,1,0,1,1,Graphic Designer,UX/UI Designer,Doctor
58,93,61,45,25,92,44,37,0,1,0,0,0,0,1,1,0,0,UX/UI Designer,Digital Marketer,Marketing Manager
68,95,49,21,98,88,60,81,0,0,0,0,0,0,0,1,1,0,Civil Engineer,Teacher,Marketing Manager
71,60,77,69,61,88,58,37,1,0,1,1,0,1,0,1,0,0,Financial Analyst,Psychologist,Software Developer
40,50,24,92,40,40,82,61,1,1,0,0,1,0,1,0,1,0,Data Scientist,Graphic Designer,Financial Analyst
49,85,91,79,32,23,53,67,1,1,1,1,1,0,0,0,1,1,Civil Engineer,Marketing Manager,Lawyer
59,49,64,38,29,96,92,66,0,0,0,0,0,1,1,1,0,0,Lawyer,Content Writer,Psychologist
71,44,39,89,29,91,74,38,0,0,0,1,1,1,1,1,0,1,Architect,Digital Marketer,Psychologist
23,49,98,67,44,92,41,70,0,1,1,0,1,0,1,1,0,1,Architect,Content Writer,Software Developer
43,39,96,70,88,61,48,75,1,0,0,0,0,0,1,0,1,0,Psychologist,Marketing Manager,Teacher
89,90,45,28,67,58,43,98,0,1,0,1,1,1,1,0,1,1,Software Developer,Mechanical Engineer,Teacher
24,20,20,44,47,48,20,21,1,0,0,1,0,0,1,1,1,0,Data Scientist,Financial Analyst,Mechanical Engineer
80,35,56,60,23,59,28,27,0,1,1,0,0,1,1,0,0,0,Civil Engineer,Financial Analyst,Mechanical Engineer
33,44,91,40,70,92,68,51,0,1,1,1,1,0,0,0,0,0,UX/UI Designer,Content Writer,Architect
88,83,73,39,83,53,81,93,1,1,1,0,1,1,1,1,1,0,Software Developer,Civil Engineer,Financial Analyst
76,85,50,49,81,82,71,96,0,0,1,1,1,0,1,1,0,0,Civil Engineer,Graphic Designer,Content Writer
32,57,33,21,80,73,62,85,1,0,0,0,0,1,0,1,1,1,Marketing Manager,Digital Marketer,Architect
51,21,25,87,68,49,41,60,1,0,0,0,0,0,1,1,1,0,Data Scientist,Lawyer,Psychologist
83,49,44,70,67,32,22,33,0,0,0,0,1,1,1,1,0,1,Psychologist,Graphic Designer,Financial Analyst
80,99,76,63,84,22,58,76,0,0,1,1,1,1,1,1,1,0,UX/UI Designer,Graphic Designer,Marketing Manager
90,54,87,94,30,67,51,23,1,0,1,0,1,0,1,1,1,0,Teacher,Lawyer,Software Developer
33,87,58,53,93,71,24,27,0,0,0,0,1,1,1,1,1,1,Data Scientist,Financial Analyst,Psychologist
44,68,76,58,67,76,96,81,0,0,0,0,1,0,0,1,1,0,Graphic Designer,Data Scientist,Digital Marketer
26,49,45,51,92,43,62,73,0,1,0,0,1,1,1,0,0,1,Doctor,Lawyer,Data Scientist
80,86,42,35,59,52,59,68,0,0,1,0,0,1,1,0,1,0,Lawyer,Doctor,Software Developer
45,87,90,24,90,99,75,40,0,1,0,1,1,1,1,1,0,1,Software Developer,Psychologist,Graphic Designer
76,78,84,97,100,28,34,56,0,1,0,1,1,1,0,0,1,1,Digital Marketer,Data Scientist,Doctor
53,56,70,86,44,70,87,21,0,0,0,0,1,0,1,0,0,0,Lawyer,Teacher,Content Writer
60,40,75,51,59,54,43,72,0,0,1,1,1,1,0,0,1,1,Psychologist,Doctor,Marketing Manager
44,75,80,57,47,100,64,48,1,0,0,1,1,1,0,0,1,1,Teacher,Architect,Financial Analyst
77,90,55,52,91,29,34,83,1,1,1,0,1,0,1,0,1,1,Civil Engineer,Teacher,Marketing Manager
51,63,85,62,24,52,31,24,1,1,1,1,1,0,1,1,1,0,Mechanical Engineer,Teacher,Financial Analyst
55,45,54,38,57,45,82,84,0,0,0,0,1,1,1,0,1,1,Financial Analyst,Teacher,Content Writer
31,21,75,84,60,59,33,98,1,1,1,1,1,0,0,0,1,1,Content Writer,UX/UI Designer,Lawyer
42,85,49,63,87,86,37,35,1,1,0,0,1,1,1,0,1,1,UX/UI Designer,Graphic Designer,Teacher
76,52,58,99,79,42,39,70,1,1,1,0,0,1,1,1,0,1,Content Writer,Lawyer,UX/UI Designer
30,77,41,29,51,53,83,64,0,1,0,1,1,1,0,0,1,0,Digital Marketer,Data Scientist,Architect
99,51,37,77,57,30,70,73,0,0,1,0,0,0,0,1,0,1,Software Developer,Mechanical Engineer,Graphic Designer
79,66,25,70,40,69,36,76,1,1,0,0,1,1,0,0,1,0,Teacher,UX/UI Designer,Content Writer
22,96,70,29,44,62,58,63,0,0,0,1,1,1,1,1,1,1,Content Writer,Lawyer,Civil Engineer
81,99,23,33,21,33,43,85,0,1,0,1,0,1,0,0,0,1,Content Writer,Mechanical Engineer,Digital Marketer
56,99,57,41,78,21,74,80,0,1,1,1,1,0,0,0,0,1,Content Writer,Doctor,Financial Analyst
34,45,73,97,79,71,74,51,0,1,1,1,1,0,1,0,1,0,Architect,Teacher,Content Writer
51,58,20,94,34,66,71,58,0,1,1,1,0,1,1,1,0,0,Teacher,Digital Marketer,Architect
72,91,97,27,45,72,44,87,1,0,1,0,0,0,1,0,0,0,Doctor,Data Scientist,Digital Marketer
84,66,70,93,21,92,81,24,1,1,1,1,0,0,0,0,0,1,Architect,Marketing Manager,Financial Analyst
65,70,72,26,53,81,56,53,1,1,1,0,1,1,0,0,1,1,Civil Engineer,Software Developer,UX/UI Designer
52,41,49,100,38,48,80,33,1,0,0,1,0,0,1,1,0,1,Software Developer,Teacher,Civil Engineer
21,23,51,72,63,64,51,88,0,1,1,1,0,1,0,0,0,0,Mechanical Engineer,Civil Engineer,UX/UI Designer
78,38,37,34,89,52,89,55,1,1,1,1,1,1,1,0,1,0,UX/UI Designer,Doctor,Architect
50,68,80,97,34,75,54,74,1,0,0,0,0,1,0,0,0,0,Teacher,Mechanical Engineer,Data Scientist
87,42,61,41,86,81,52,93,0,1,1,1,1,0,0,1,0,1,Financial Analyst,Civil Engineer,Teacher
58,38,92,41,83,56,27,59,0,0,1,1,0,0,1,0,1,1,Financial Analyst,Architect,Teacher
26,95,33,52,51,54,80,77,1,0,0,1,1,0,0,0,1,1,UX/UI Designer,Doctor,Marketing Manager
36,28,81,62,44,24,34,85,0,1,0,0,0,0,1,0,1,0,Mechanical Engineer,Psychologist,Digital Marketer
21,62,22,92,52,87,29,30,1,1,1,0,0,0,1,0,0,1,Doctor,Psychologist,Financial Analyst
52,21,99,67,37,41,86,72,0,0,1,1,1,1,0,0,1,0,Content Writer,Software Developer,UX/UI Designer
90,49,50,88,61,45,77,82,0,1,0,0,1,0,1,1,0,1,Teacher,Civil Engineer,Architect
61,54,51,42,74,90,42,52,0,1,1,0,0,1,0,1,1,0,Doctor,Content Writer,Digital Marketer
80,93,40,31,58,64,82,84,1,1,1,0,1,1,0,0,1,1,Architect,UX/UI Designer,Mechanical Engineer
60,71,42,30,24,61,29,45,0,0,1,0,1,0,1,1,1,1,Civil Engineer,Data Scientist,Psychologist
76,38,59,48,49,70,70,39,0,1,1,1,0,0,0,1,0,0,Graphic Designer,Content Writer,Civil Engineer
86,53,62,23,53,93,73,72,1,0,1,0,0,0,1,1,1,1,Digital Marketer,UX/UI Designer,Lawyer
61,37,72,97,45,76,93,45,0,0,0,0,1,1,0,1,1,0,Digital Marketer,Doctor,Civil Engineer
32,75,45,23,58,58,87,66,0,0,0,1,1,0,0,0,1,1,Teacher,Mechanical Engineer,Doctor
95,33,50,84,99,20,66,52,1,1,0,1,0,1,1,0,0,1,Civil Engineer,Marketing Manager,Psychologist
60,87,46,36,32,72,90,38,0,1,0,0,0,0,0,0,0,0,Graphic Designer,Teacher,Data Scientist
63,95,22,32,24,43,45,45,0,1,0,0,0,0,0,0,0,1,Data Scientist,Civil Engineer,Financial Analyst
23,95,37,67,96,47,45,85,1,0,0,1,0,0,1,1,0,0,Marketing Manager,UX/UI Designer,Psychologist
53,24,75,96,57,28,23,61,1,0,1,1,0,1,1,1,1,1,Teacher,Software Developer,Marketing Manager
89,47,83,69,88,32,20,87,0,0,1,0,0,0,0,1,0,0,Doctor,Marketing Manager,Teacher
67,56,23,60,100,51,83,52,0,1,1,1,1,0,0,0,1,0,Psychologist,Architect,Content Writer
95,70,59,64,84,41,89,85,1,1,0,1,1,0,0,1,0,0,Mechanical Engineer,Lawyer,Graphic Designer
29,30,35,83,32,49,54,69,0,0,0,0,1,0,1,1,0,1,Mechanical Engineer,Digital Marketer,Architect
25,72,29,39,100,99,59,93,1,0,1,1,0,0,0,0,1,1,Data Scientist,Mechanical Engineer,Software Developer
23,73,83,66,45,96,53,26,1,0,1,0,1,0,0,0,1,1,UX/UI Designer,Software Developer,Teacher
62,90,34,40,30,70,84,75,1,0,0,1,1,0,1,1,0,1,Financial Analyst,Graphic Designer,UX/UI Designer
100,86,75,64,93,35,95,36,0,0,0,0,1,1,1,0,1,1,Graphic Designer,Architect,Doctor
95,86,47,91,73,59,25,72,1,1,1,0,1,0,0,1,0,1,Civil Engineer,Graphic Designer,Content Writer
82,99,59,74,23,40,31,41,0,1,1,1,1,1,0,0,0,1,Lawyer,Architect,UX/UI Designer
75,77,28,69,42,72,45,37,1,1,0,1,1,1,0,1,1,0,Mechanical Engineer,Content Writer,Architect
28,21,95,91,89,21,35,51,0,1,1,0,0,0,0,1,0,1,Content Writer,Mechanical Engineer,Marketing Manager
23,94,95,32,99,47,40,62,0,1,0,0,1,1,0,0,0,1,Data Scientist,Financial Analyst,Architect
75,24,35,90,91,21,58,23,1,1,0,1,0,0,0,0,1,0,Psychologist,Digital Marketer,Marketing Manager
62,43,26,51,63,99,76,84,0,0,0,0,1,1,0,0,0,1,Financial Analyst,Marketing Manager,Psychologist
98,100,49,71,53,60,95,41,0,0,1,0,1,0,0,1,1,0,Digital Marketer,Mechanical Engineer,Data Scientist
78,41,88,59,43,97,48,57,1,1,1,1,0,1,0,0,1,0,Financial Analyst,Teacher,Lawyer
50,88,27,58,41,43,26,20,1,0,0,0,0,1,1,0,0,1,Lawyer,Doctor,Financial Analyst
93,43,92,92,71,93,50,28,0,1,1,1,0,0,0,1,1,1,Doctor,Architect,Digital Marketer
77,25,52,28,46,74,61,20,1,0,0,1,0,0,1,0,1,1,Civil Engineer,Financial Analyst,Architect
71,58,73,47,30,85,61,40,1,1,0,1,1,1,0,1,0,0,Psychologist,Doctor,Software Developer
51,48,65,80,43,89,64,47,0,0,1,0,0,0,1,1,0,1,Data Scientist,Psychologist,Civil Engineer
49,98,32,64,69,91,40,33,1,0,1,0,0,1,0,0,0,1,Financial Analyst,UX/UI Designer,Data Scientist
95,23,86,54,60,23,69,39,0,1,1,0,1,0,0,1,0,1,Mechanical Engineer,Marketing Manager,Data Scientist
86,39,44,51,28,34,95,55,0,1,0,0,0,0,1,0,0,0,Doctor,Content Writer,Digital Marketer
34,45,81,32,67,59,42,40,0,0,1,1,0,0,1,0,1,1,Lawyer,Graphic Designer,Digital Marketer
53,71,62,39,78,28,77,55,0,1,1,0,1,1,0,0,1,1,Architect,Civil Engineer,Graphic Designer
91,29,72,63,21,63,90,54,1,1,0,1,1,0,0,1,0,0,Content Writer,Data Scientist,Architect
91,61,65,65,80,100,63,96,0,1,1,1,1,0,0,0,0,0,Software Developer,Data Scientist,Psychologist
61,73,78,47,56,38,80,56,1,1,0,0,0,0,1,1,0,0,Digital Marketer,Data Scientist,Architect
41,32,47,54,21,47,63,89,0,1,0,1,0,0,0,0,0,0,Teacher,Content Writer,Civil Engineer
34,81,69,60,98,84,68,79,1,0,1,1,1,1,0,1,1,0,Marketing Manager,Lawyer,Financial Analyst
66,79,90,49,21,75,74,88,1,0,0,1,0,0,0,0,0,0,Psychologist,Doctor,Architect
21,98,93,74,89,25,37,66,0,1,0,0,1,1,0,0,0,1,Lawyer,Data Scientist,Civil Engineer
84,29,85,44,99,93,83,88,0,1,0,0,0,1,1,1,1,1,Psychologist,UX/UI Designer,Software Developer
62,76,53,57,42,80,37,99,0,1,1,1,0,0,0,1,0,1,Graphic Designer,Financial Analyst,UX/UI Designer
55,52,42,67,39,53,31,78,0,0,1,1,1,0,0,0,0,1,Doctor,Graphic Designer,Lawyer
36,21,21,95,99,69,53,29,0,0,1,1,0,0,1,1,1,1,Data Scientist,Graphic Designer,Financial Analyst
39,85,20,86,43,50,25,63,0,1,0,0,1,1,0,0,0,1,Doctor,Teacher,Content Writer
41,86,37,43,71,26,27,64,0,0,1,1,0,1,0,0,0,0,Doctor,Data Scientist,Lawyer
45,57,33,82,82,76,28,52,0,0,1,1,1,0,1,0,0,0,Psychologist,Marketing Manager,Software Developer
48,40,80,52,22,43,51,58,1,0,1,0,0,1,0,1,0,0,Lawyer,Doctor,Software Developer
41,30,42,91,81,53,68,66,1,0,0,1,1,1,0,1,1,1,Teacher,Software Developer,Data Scientist
21,57,52,75,100,100,36,64,0,0,0,1,1,0,1,0,1,1,Teacher,Software Developer,UX/UI Designer
57,21,77,62,28,51,34,80,0,0,0,0,0,0,1,1,1,0,Architect,Content Writer,Software Developer
47,67,75,95,88,55,30,79,0,1,1,0,0,0,0,1,1,1,Architect,Teacher,Digital Marketer
93,65,83,26,28,23,37,94,0,0,1,0,1,1,1,0,0,1,Financial Analyst,Architect,Doctor
74,82,43,63,61,87,92,56,1,0,1,1,1,1,0,1,1,1,Mechanical Engineer,Digital Marketer,Marketing Manager
81,71,72,70,79,72,45,34,0,1,1,0,1,1,1,0,0,1,UX/UI Designer,Doctor,Teacher
44,64,48,72,31,92,65,87,1,0,0,0,0,1,0,1,1,0,Digital Marketer,Psychologist,Graphic Designer
47,52,88,61,93,28,54,92,1,1,0,0,1,0,1,1,0,0,Mechanical Engineer,Graphic Designer,Lawyer
40,78,28,40,41,39,26,57,1,0,1,0,0,0,0,0,1,0,Civil Engineer,UX/UI Designer,Marketing Manager
39,44,73,72,32,47,35,31,1,0,0,0,0,1,0,1,1,0,Marketing Manager,Doctor,Content Writer
74,86,94,53,37,89,86,74,1,0,1,1,0,0,1,0,0,1,Data Scientist,Marketing Manager,Psychologist
33,72,30,44,94,52,100,40,0,1,1,0,1,0,0,1,1,0,Financial Analyst,Content Writer,Marketing Manager
79,42,95,75,90,93,74,38,1,1,1,1,1,1,1,0,1,1,Psychologist,Graphic Designer,Teacher
78,59,63,99,28,69,26,27,0,1,1,0,0,0,1,0,0,0,Civil Engineer,Psychologist,Doctor
96,92,76,23,82,59,70,61,0,0,1,0,1,1,1,0,0,1,Software Developer,Teacher,Psychologist
29,78,99,83,39,88,47,43,0,1,1,1,0,1,0,0,0,1,Software Developer,Marketing Manager,Data Scientist
94,32,62,59,71,72,95,48,0,1,1,1,1,1,1,0,1,0,Data Scientist,Graphic Designer,Financial Analyst
67,92,92,82,82,96,49,31,1,0,0,0,0,0,1,0,1,1,Marketing Manager,Lawyer,Content Writer
72,42,60,88,61,83,39,43,0,1,0,0,0,0,1,0,1,0,Graphic Designer,UX/UI Designer,Content Writer
25,81,71,81,99,44,32,49,1,0,1,0,0,0,1,1,1,0,Mechanical Engineer,Data Scientist,Financial Analyst
90,21,40,35,82,96,68,46,1,1,0,1,1,0,0,0,1,1,Marketing Manager,Architect,Financial Analyst
81,99,23,58,21,92,22,64,1,1,0,0,0,0,0,0,1,0,Doctor,Lawyer,Psychologist
42,47,49,23,74,77,73,91,0,1,0,0,1,0,0,1,1,0,Architect,Marketing Manager,Doctor
63,22,43,95,25,56,46,89,0,1,1,1,0,1,0,0,1,0,Marketing Manager,Psychologist,Architect
99,49,85,84,59,57,24,39,1,1,1,1,1,0,1,1,1,1,Content Writer,Doctor,Mechanical Engineer
76,38,99,46,44,55,49,75,1,1,1,1,1,1,0,0,1,1,UX/UI Designer,Lawyer,Doctor
80,48,76,90,28,71,54,92,0,1,0,1,1,1,0,0,1,1,Digital Marketer,UX/UI Designer,Lawyer
93,54,27,74,68,39,27,58,0,0,1,1,1,1,0,0,0,1,Content Writer,Psychologist,Mechanical Engineer
40,20,29,82,71,53,20,84,1,0,1,0,0,1,1,0,1,0,Mechanical Engineer,Content Writer,Financial Analyst
60,60,75,33,58,77,54,44,1,1,1,1,1,1,0,1,0,1,Financial Analyst,Doctor,Graphic Designer
68,88,42,85,80,71,82,84,1,1,0,0,0,1,0,0,0,0,Lawyer,Teacher,Doctor
26,62,56,89,70,20,63,38,1,0,0,0,1,0,1,1,0,1,Lawyer,UX/UI Designer,Data Scientist
41,45,80,23,77,22,58,57,0,0,1,1,1,1,1,1,0,1,Civil Engineer,Financial Analyst,Software Developer
53,97,100,57,53,100,26,100,1,0,0,1,1,1,0,0,0,0,Civil Engineer,Lawyer,Marketing Manager
32,55,98,20,98,82,74,20,0,0,1,0,1,0,0,1,0,0,UX/UI Designer,Content Writer,Psychologist
43,52,48,86,72,54,84,71,1,0,0,0,0,1,1,1,1,1,Software Developer,Psychologist,Digital Marketer
42,84,98,20,29,53,42,86,1,0,0,1,1,0,1,0,0,1,Teacher,Architect,Lawyer
82,63,51,46,94,70,37,91,1,0,1,0,0,1,0,1,1,0,Lawyer,Mechanical Engineer,Financial Analyst
27,73,55,82,96,93,48,66,0,0,1,0,0,1,1,1,0,1,UX/UI Designer,Lawyer,Architect
30,47,21,44,75,78,31,87,1,0,1,0,0,0,1,1,1,0,Content Writer,Civil Engineer,UX/UI Designer
78,20,97,74,39,24,54,91,1,1,0,1,1,1,1,1,1,1,Financial Analyst,Digital Marketer,Mechanical Engineer
39,83,86,97,31,35,77,89,1,1,0,0,1,0,1,1,1,1,Doctor,Marketing Manager,Lawyer
66,63,61,67,95,64,83,96,1,0,0,1,1,1,0,0,0,0,Mechanical Engineer,UX/UI Designer,Architect
73,73,97,50,95,94,67,64,0,0,0,0,0,0,1,1,1,1,Psychologist,Software Developer,Civil Engineer
35,45,67,78,60,47,78,34,0,1,0,0,1,1,1,0,1,0,Software Developer,Data Scientist,Doctor
34,78,85,39,28,96,68,56,0,0,0,0,0,1,1,1,0,1,Marketing Manager,Software Developer,Civil Engineer
47,22,72,92,90,21,86,42,0,1,0,0,1,1,0,1,0,0,Doctor,Graphic Designer,Data Scientist
75,49,59,21,39,65,43,82,0,0,1,0,1,1,0,1,0,0,Teacher,Graphic Designer,Content Writer
20,73,61,62,66,81,35,22,0,1,0,0,1,0,1,0,0,1,Architect,Software Developer,Content Writer
45,45,35,65,96,89,93,59,0,0,0,1,0,0,0,0,1,1,Digital Marketer,Doctor,Software Developer
45,54,21,43,25,26,91,75,0,1,1,0,1,0,1,1,1,0,Architect,Software Developer,Marketing Manager
47,58,57,74,68,70,48,61,0,1,1,0,1,0,0,1,1,0,Civil Engineer,Financial Analyst,Digital Marketer
58,63,47,55,66,39,93,51,1,0,1,0,1,1,1,1,1,1,Teacher,Doctor,Civil Engineer
41,64,86,45,75,30,91,92,0,0,1,0,0,0,1,1,1,1,Digital Marketer,Lawyer,Doctor
61,80,99,68,52,63,90,43,0,1,1,0,1,0,0,0,0,0,Data Scientist,Content Writer,Software Developer
30,85,71,99,79,47,46,40,0,1,0,1,0,1,1,1,0,1,Teacher,Psychologist,Graphic Designer
93,62,64,67,86,92,61,61,1,0,0,0,0,1,0,1,1,0,Lawyer,Architect,Doctor
59,46,70,58,77,67,70,61,0,1,1,0,0,0,0,1,1,0,Teacher,Marketing Manager,Digital Marketer
51,33,44,78,53,63,60,46,0,0,1,1,0,0,1,1,1,1,Marketing Manager,Financial Analyst,Doctor
52,60,47,73,53,70,75,34,1,0,0,1,1,1,1,0,0,1,Lawyer,UX/UI Designer,Digital Marketer
40,80,63,76,59,29,44,28,1,1,0,1,1,1,1,1,1,0,Graphic Designer,Psychologist,Marketing Manager
52,51,65,83,96,43,21,70,0,0,1,1,1,0,1,1,0,1,Financial Analyst,UX/UI Designer,Software Developer
56,82,53,68,39,57,38,74,0,0,0,1,0,0,0,1,1,0,Doctor,Graphic Designer,UX/UI Designer
44,83,42,39,98,82,78,32,0,0,1,0,1,1,1,1,1,0,Lawyer,Civil Engineer,Graphic Designer
99,21,32,46,60,59,78,85,0,1,1,1,1,1,0,0,1,0,Financial Analyst,Content Writer,Graphic Designer
43,24,82,76,100,93,58,51,0,1,0,0,0,1,1,0,0,1,UX/UI Designer,Software Developer,Financial Analyst
98,72,60,96,79,72,88,77,0,1,1,1,1,0,0,1,1,1,Architect,Mechanical Engineer,Data Scientist
92,67,32,76,22,47,76,86,1,0,1,1,0,0,1,1,0,0,Lawyer,Architect,Mechanical Engineer
87,83,29,52,86,91,43,44,0,0,1,1,0,0,0,0,0,0,Lawyer,UX/UI Designer,Marketing Manager
38,64,40,42,71,35,21,87,0,0,1,0,1,1,1,1,1,0,UX/UI Designer,Psychologist,Digital Marketer
25,48,86,61,51,34,45,36,1,0,0,0,1,1,0,0,0,0,Marketing Manager,Data Scientist,Software Developer
34,89,41,49,100,57,86,52,0,0,1,1,1,0,1,0,0,1,Mechanical Engineer,Lawyer,Marketing Manager
92,29,71,66,39,100,87,79,1,0,0,1,0,0,1,0,1,0,Teacher,Data Scientist,Lawyer
52,27,21,93,67,79,41,56,0,1,1,1,0,1,1,1,1,0,Lawyer,Data Scientist,Mechanical Engineer
25,100,74,56,37,25,85,30,0,1,1,1,0,0,1,1,1,0,Digital Marketer,Teacher,Civil Engineer
38,52,61,37,64,93,52,29,1,1,0,1,0,1,1,0,1,1,Software Developer,Content Writer,UX/UI Designer
28,34,31,65,61,36,53,26,0,1,1,0,0,1,0,1,0,0,Civil Engineer,Graphic Designer,Marketing Manager
92,34,57,45,38,91,43,44,1,0,0,1,1,0,1,0,1,0,Data Scientist,Civil Engineer,Psychologist
82,65,22,82,37,27,90,26,0,1,0,0,0,1,1,0,0,0,Content Writer,Teacher,Financial Analyst
38,72,30,96,20,29,36,44,1,1,0,1,1,0,0,1,1,1,Civil Engineer,Digital Marketer,Architect
39,26,86,86,68,80,25,34,1,1,1,0,0,1,1,0,0,0,Financial Analyst,Teacher,Lawyer
82,59,87,40,53,21,27,44,0,1,1,0,1,1,1,0,1,1,Doctor,Architect,Graphic Designer
67,64,82,80,53,37,29,55,1,1,0,0,1,0,0,0,0,0,Mechanical Engineer,Doctor,Graphic Designer
34,84,74,95,75,57,97,59,1,1,1,0,0,0,1,1,1,1,Teacher,UX/UI Designer,Lawyer
61,31,80,56,77,74,23,38,0,1,0,1,1,0,1,1,1,0,Civil Engineer,Content Writer,Psychologist
21,75,72,72,59,51,48,66,1,1,1,1,0,0,0,1,1,1,Data Scientist,Psychologist,Doctor
71,45,75,99,89,39,28,95,0,1,0,1,1,1,0,1,0,0,Content Writer,Digital Marketer,Teacher
63,68,71,40,74,78,64,65,0,1,0,1,1,0,0,0,1,1,Marketing Manager,Financial Analyst,Doctor
70,100,59,34,68,69,40,55,1,0,0,1,0,1,0,0,0,0,Mechanical Engineer,Teacher,UX/UI Designer
24,90,35,84,84,26,22,66,1,1,1,0,1,0,1,0,0,0,Digital Marketer,Financial Analyst,Software Developer
21,60,84,83,21,97,87,48,0,1,1,0,1,1,1,0,0,1,Doctor,Content Writer,Architect
53,62,71,46,22,99,91,58,1,0,1,1,0,0,1,0,1,1,Architect,Marketing Manager,Graphic Designer
98,26,72,93,88,24,67,92,1,1,0,1,0,0,1,0,1,0,Marketing Manager,Teacher,Psychologist
49,72,99,46,42,69,50,53,1,1,1,1,1,0,1,1,0,0,Lawyer,Data Scientist,Digital Marketer
76,89,37,87,20,54,61,96,0,0,0,1,0,0,1,0,0,1,Lawyer,Civil Engineer,Software Developer
59,73,72,42,83,65,69,93,1,1,1,0,0,0,1,1,1,1,UX/UI Designer,Marketing Manager,Mechanical Engineer
24,22,92,92,25,26,100,95,0,0,0,0,1,0,0,1,0,0,Doctor,Software Developer,Psychologist
58,40,22,65,72,78,59,58,1,0,0,1,1,1,0,0,1,0,Graphic Designer,Software Developer,Teacher
71,91,86,44,90,79,51,25,1,0,1,1,0,0,1,0,1,0,Teacher,Mechanical Engineer,UX/UI Designer
70,40,69,62,65,48,66,66,1,0,1,1,0,0,0,1,1,0,Architect,Financial Analyst,Lawyer
24,40,92,52,52,97,89,27,0,0,1,1,0,0,0,1,0,0,Graphic Designer,Architect,Marketing Manager
62,68,54,69,92,43,23,88,1,1,1,1,0,0,0,0,0,0,Teacher,Digital Marketer,Architect
75,94,78,41,100,95,42,40,1,0,0,0,0,0,0,1,1,0,Financial Analyst,Lawyer,Content Writer
86,62,20,50,34,39,88,55,1,1,1,1,0,1,0,1,1,0,Digital Marketer,Data Scientist,Software Developer
22,73,66,94,83,80,84,82,1,1,1,0,1,1,0,1,0,0,Mechanical Engineer,Digital Marketer,Software Developer
83,46,30,86,84,43,67,98,0,0,0,1,1,0,0,1,0,1,Lawyer,Doctor,UX/UI Designer
65,61,47,27,21,83,98,20,1,0,0,0,1,1,0,0,1,0,Teacher,Graphic Designer,Architect
66,73,94,84,49,46,82,25,1,1,0,1,1,1,1,1,0,0,Psychologist,Civil Engineer,Data Scientist
95,34,58,55,84,32,76,84,0,1,1,0,1,0,0,0,0,1,Marketing Manager,Doctor,Software Developer
35,68,86,74,96,73,40,40,1,1,0,1,0,1,1,0,0,0,Financial Analyst,Psychologist,Doctor
30,93,74,100,69,21,64,77,0,0,1,1,1,0,0,0,0,1,Financial Analyst,Doctor,Teacher
88,36,23,50,93,27,75,97,0,0,0,0,1,1,0,1,1,0,Lawyer,Content Writer,Graphic Designer
33,81,86,93,92,81,64,56,0,1,0,0,0,0,0,1,1,1,Marketing Manager,Lawyer,Data Scientist
71,63,64,87,76,20,23,76,1,1,1,1,1,1,1,0,0,1,Architect,Doctor,Software Developer
84,69,64,36,40,67,77,83,1,0,1,0,0,0,1,0,1,1,Content Writer,Marketing Manager,Software Developer
85,36,32,59,46,94,29,30,1,1,1,1,1,0,1,0,1,0,Data Scientist,Teacher,Marketing Manager
95,82,61,60,36,52,78,36,1,0,0,0,0,0,1,1,1,1,Software Developer,Graphic Designer,Lawyer
88,48,75,42,63,85,35,80,1,0,0,0,1,0,1,1,0,1,Digital Marketer,Software Developer,Lawyer
21,81,74,66,66,29,40,77,1,1,0,1,0,1,0,1,1,1,Data Scientist,Doctor,Civil Engineer
75,37,96,96,43,69,58,20,1,1,0,0,0,1,1,0,1,0,Graphic Designer,Data Scientist,Architect
29,77,25,79,70,79,31,37,1,1,0,1,1,0,1,1,1,0,Software Developer,Doctor,UX/UI Designer
69,96,99,76,79,65,73,49,1,1,1,1,0,1,1,1,1,1,UX/UI Designer,Data Scientist,Doctor
52,84,25,98,43,81,20,98,1,1,0,1,1,1,0,0,0,0,Lawyer,Teacher,Content Writer
37,64,20,85,65,24,41,54,0,0,1,0,1,1,0,0,0,1,Doctor,Civil Engineer,Mechanical Engineer
85,94,67,60,25,98,70,81,1,0,1,0,1,0,0,1,1,1,Architect,Software Developer,Digital Marketer
35,21,29,45,97,93,92,21,0,1,0,0,1,1,0,1,1,0,Doctor,Data Scientist,Graphic Designer
20,23,91,51,54,70,87,41,1,1,0,1,1,0,0,0,0,1,Software Developer,Digital Marketer,Marketing Manager
87,78,75,29,35,45,27,64,1,1,1,1,0,0,0,1,1,0,Mechanical Engineer,Teacher,Architect
55,56,86,67,98,58,36,21,0,0,0,1,0,1,1,1,1,1,Teacher,Financial Analyst,Software Developer
57,45,58,69,49,45,36,35,0,1,0,0,0,0,1,1,0,0,Marketing Manager,Data Scientist,Teacher
27,25,91,44,54,50,43,83,0,1,0,0,1,1,1,0,1,1,Graphic Designer,Teacher,Lawyer
72,89,78,30,69,31,73,86,0,1,0,1,0,0,0,1,0,0,Content Writer,Digital Marketer,Data Scientist
63,55,97,67,38,91,25,70,0,0,0,0,1,0,0,1,1,1,Doctor,UX/UI Designer,Teacher
80,75,68,77,95,54,91,57,1,1,1,0,1,0,1,1,1,0,Digital Marketer,Data Scientist,UX/UI Designer
61,80,91,34,54,76,81,58,0,1,0,0,1,1,1,1,0,0,Doctor,Graphic Designer,Civil Engineer
34,70,44,76,68,42,31,88,1,1,1,0,0,1,1,1,1,0,Financial Analyst,Teacher,Doctor
83,82,85,88,33,61,42,51,1,0,0,0,0,0,0,1,0,0,Doctor,Financial Analyst,Psychologist
22,31,81,94,27,44,21,21,1,1,1,0,1,1,1,1,0,0,Teacher,Content Writer,Doctor
67,69,24,81,41,56,21,36,0,0,1,0,0,0,1,1,1,0,Lawyer,Civil Engineer,Teacher
69,50,46,80,78,39,39,98,0,0,1,0,1,1,0,1,1,0,Financial Analyst,Software Developer,Content Writer
27,61,56,64,75,23,24,53,1,0,1,0,1,0,1,1,0,1,Graphic Designer,Civil Engineer,Data Scientist
96,74,29,28,46,61,43,52,1,0,0,1,1,0,1,1,1,0,Psychologist,Data Scientist,Marketing Manager
85,78,38,97,88,33,66,83,1,1,0,0,0,1,0,0,1,1,Teacher,Civil Engineer,Financial Analyst
87,51,79,67,52,79,28,43,1,1,1,1,1,0,0,0,0,1,Marketing Manager,Software Developer,Graphic Designer
99,88,37,83,75,72,56,59,1,0,0,1,0,1,0,1,0,1,Graphic Designer,Civil Engineer,Digital Marketer
37,88,47,83,75,40,26,31,0,0,0,1,1,1,1,1,0,1,Digital Marketer,Psychologist,Software Developer
72,82,46,81,74,30,29,27,1,1,1,0,1,1,0,1,0,0,Psychologist,Marketing Manager,Digital Marketer
24,40,51,88,40,56,37,53,1,0,1,0,0,1,1,0,1,0,Civil Engineer,UX/UI Designer,Psychologist
67,95,76,43,49,36,53,23,1,0,0,0,0,0,0,1,1,1,Graphic Designer,Doctor,UX/UI Designer
50,54,96,29,29,57,50,69,0,0,1,0,0,1,1,1,0,1,Graphic Designer,Lawyer,Doctor
46,83,42,36,60,98,56,55,0,1,0,1,1,1,1,1,1,0,Doctor,UX/UI Designer,Financial Analyst
56,41,100,55,49,59,38,71,1,0,0,0,1,1,1,1,1,1,Data Scientist,Teacher,Civil Engineer
95,26,73,28,61,66,72,72,0,0,0,1,1,1,1,1,0,1,Lawyer,UX/UI Designer,Content Writer
44,62,80,30,69,44,50,73,1,1,0,1,0,1,1,0,1,0,Teacher,Marketing Manager,Financial Analyst
84,81,80,52,99,33,63,41,0,0,0,0,0,1,0,1,1,1,Architect,Mechanical Engineer,Doctor
56,31,71,95,38,33,89,30,1,0,1,0,0,1,1,1,1,1,Civil Engineer,Doctor,Digital Marketer
84,62,98,32,24,53,45,73,0,0,1,1,1,1,0,0,0,1,Teacher,Digital Marketer,Data Scientist
93,41,87,75,45,57,64,41,1,0,0,0,0,0,0,0,1,1,Content Writer,Data Scientist,UX/UI Designer
57,99,79,41,32,29,91,48,0,1,0,1,1,0,1,1,1,1,Mechanical Engineer,Doctor,Civil Engineer
96,52,81,96,59,45,71,57,0,0,1,0,0,1,0,1,0,1,Civil Engineer,Content Writer,Digital Marketer
43,77,82,59,68,52,89,26,0,1,1,0,1,0,0,1,1,1,Doctor,UX/UI Designer,Lawyer
79,41,20,84,37,29,28,40,0,1,0,0,0,0,1,1,1,0,Lawyer,Software Developer,UX/UI Designer
22,63,66,73,30,32,23,63,0,0,1,1,1,0,0,1,1,1,Civil Engineer,Psychologist,Data Scientist
94,65,77,30,84,59,63,78,1,0,1,0,0,0,0,1,0,0,Financial Analyst,Civil Engineer,Content Writer
93,73,20,36,51,56,49,58,1,0,1,0,0,1,0,1,1,1,Data Scientist,UX/UI Designer,Software Developer
55,85,47,51,51,83,61,46,0,1,1,1,0,1,1,1,1,0,Lawyer,Psychologist,Mechanical Engineer
76,49,28,49,51,28,25,79,1,0,1,0,0,0,1,0,1,0,UX/UI Designer,Software Developer,Marketing Manager
94,70,67,60,94,77,94,64,0,0,1,1,1,0,0,1,1,0,Lawyer,Financial Analyst,Content Writer
24,77,51,34,41,75,94,38,0,1,1,0,1,0,1,1,0,1,Teacher,Content Writer,Financial Analyst
86,66,46,60,42,39,48,97,0,0,0,1,1,1,1,1,0,1,Lawyer,Doctor,Content Writer
95,64,33,88,91,78,43,89,0,0,0,0,0,1,0,1,1,1,UX/UI Designer,Mechanical Engineer,Marketing Manager
36,44,85,85,26,79,96,85,0,0,1,1,0,1,1,1,0,0,Psychologist,UX/UI Designer,Teacher
47,61,48,44,46,74,93,29,0,1,1,0,1,1,0,0,0,0,Graphic Designer,Software Developer,Architect
38,46,63,35,83,52,35,33,1,0,0,0,1,0,1,1,0,1,Architect,Doctor,Teacher
80,84,96,75,48,82,50,32,0,0,0,1,0,0,1,1,0,0,Teacher,Financial Analyst,Mechanical Engineer
61,90,41,66,100,70,79,21,0,1,0,1,1,0,1,0,1,1,Content Writer,Software Developer,Psychologist
39,85,83,46,72,71,82,77,1,1,1,1,0,0,0,1,0,0,Civil Engineer,Mechanical Engineer,Lawyer
72,64,26,23,81,75,27,78,0,1,0,0,1,0,1,0,1,0,Doctor,Software Developer,Civil Engineer
67,100,85,51,70,54,48,72,0,1,0,0,0,1,1,1,0,0,Data Scientist,UX/UI Designer,Teacher
78,47,60,49,69,35,73,78,1,1,1,0,1,1,0,1,0,0,Marketing Manager,Civil Engineer,Architect
26,98,94,24,77,92,53,71,0,1,1,0,1,1,1,0,0,0,Civil Engineer,Teacher,Content Writer
66,80,36,92,94,62,90,97,0,1,1,0,0,1,0,1,0,1,UX/UI Designer,Psychologist,Financial Analyst
87,22,94,79,74,57,96,24,1,0,1,1,0,1,0,0,0,1,Lawyer,Civil Engineer,Marketing Manager
48,73,57,71,82,71,60,93,0,1,0,1,1,1,1,1,1,0,Software Developer,Civil Engineer,Architect
38,96,82,25,58,85,53,66,0,0,0,1,0,1,1,1,0,1,Psychologist,Teacher,Graphic Designer
67,83,33,37,85,57,80,89,0,0,0,0,0,0,1,1,1,0,Doctor,UX/UI Designer,Digital Marketer
98,77,80,50,91,54,30,67,1,1,1,0,1,1,0,0,1,1,Doctor,Teacher,Lawyer
53,37,45,23,69,47,68,64,0,0,0,0,1,1,1,0,1,0,UX/UI Designer,Doctor,Psychologist
86,52,71,39,77,40,96,96,1,0,1,0,0,1,1,0,1,0,Marketing Manager,Mechanical Engineer,Lawyer
37,34,48,83,82,40,57,77,1,1,1,1,0,1,1,0,1,0,Doctor,Civil Engineer,Digital Marketer
97,27,97,67,75,20,25,40,1,1,1,0,0,0,0,0,0,0,Architect,Marketing Manager,Lawyer
37,22,73,45,49,44,93,64,1,1,0,0,0,0,1,1,0,1,UX/UI Designer,Digital Marketer,Civil Engineer
21,99,38,59,43,68,66,36,1,0,1,0,0,1,1,0,1,1,Data Scientist,Graphic Designer,Digital Marketer
35,84,26,65,63,92,58,87,1,0,1,0,0,0,1,0,1,0,Psychologist,Architect,Marketing Manager
93,25,80,88,85,61,51,29,1,0,1,0,1,1,0,0,1,0,Graphic Designer,Lawyer,Architect
80,78,64,75,73,37,38,24,0,0,1,0,1,0,0,1,1,0,Financial Analyst,UX/UI Designer,Graphic Designer
20,56,50,63,88,59,71,49,0,0,0,0,0,0,1,0,0,1,Graphic Designer,Content Writer,Financial Analyst
27,56,32,41,74,27,74,65,1,1,0,0,1,1,0,1,0,0,Marketing Manager,Software Developer,Financial Analyst
35,72,66,22,58,70,63,93,1,0,1,1,1,0,0,1,1,1,Mechanical Engineer,Financial Analyst,Content Writer
64,44,69,89,59,31,44,42,0,0,1,1,1,1,0,1,0,1,Data Scientist,Mechanical Engineer,Lawyer
74,41,24,53,69,24,25,67,1,1,1,0,0,0,0,0,0,0,Marketing Manager,Civil Engineer,Digital Marketer
34,66,37,36,37,78,62,62,1,1,1,1,0,1,0,0,1,1,Marketing Manager,Psychologist,Digital Marketer
85,100,77,48,25,87,94,26,0,0,1,1,0,0,1,0,1,0,Psychologist,UX/UI Designer,Civil Engineer
44,63,24,34,70,97,51,32,0,0,1,1,0,1,0,1,0,0,Graphic Designer,Psychologist,Digital Marketer
33,56,24,87,43,33,27,28,1,0,0,0,1,1,0,0,1,1,Content Writer,Marketing Manager,Mechanical Engineer
59,55,82,61,67,53,90,34,1,1,0,0,0,0,0,0,1,0,Digital Marketer,Psychologist,Financial Analyst
35,40,45,23,98,43,73,77,0,0,1,1,1,1,1,0,1,1,Lawyer,Civil Engineer,Financial Analyst
68,36,57,76,100,45,73,86,1,0,0,0,1,0,1,1,0,1,Architect,Civil Engineer,Content Writer
69,47,48,84,55,74,63,92,0,0,1,0,0,1,0,0,0,1,Graphic Designer,Financial Analyst,Content Writer
86,37,68,23,58,26,45,99,0,1,0,1,1,1,1,1,0,1,Architect,UX/UI Designer,Graphic Designer
90,69,87,64,90,83,38,44,0,0,0,0,0,1,0,0,0,0,Data Scientist,Financial Analyst,Civil Engineer
91,35,23,32,47,78,97,52,1,1,0,0,1,0,0,1,0,1,Teacher,Digital Marketer,UX/UI Designer
75,62,26,79,29,84,86,39,1,1,0,1,1,0,0,1,0,1,Digital Marketer,Data Scientist,Mechanical Engineer
37,95,65,73,84,55,75,72,1,1,1,0,1,1,1,1,1,0,Software Developer,Mechanical Engineer,Psychologist
63,50,70,88,32,45,93,90,0,1,0,0,0,0,0,1,1,1,Psychologist,Mechanical Engineer,Digital Marketer
96,25,64,34,64,88,29,39,0,1,0,1,0,1,1,1,1,0,Mechanical Engineer,Teacher,Civil Engineer
71,28,58,36,92,52,67,44,1,1,1,0,0,0,1,0,1,1,Mechanical Engineer,Content Writer,Lawyer
95,80,96,41,91,23,75,86,0,0,1,1,1,1,1,1,1,1,Digital Marketer,UX/UI Designer,Lawyer
64,85,27,20,62,79,57,99,1,0,1,1,1,1,1,0,0,0,Architect,Teacher,Financial Analyst
52,86,50,96,30,55,21,74,0,1,0,0,1,1,1,1,0,0,Architect,Marketing Manager,Data Scientist
78,53,90,27,39,85,22,69,1,0,0,1,0,1,0,1,0,0,Content Writer,Architect,Data Scientist
76,66,23,30,39,40,42,54,1,1,0,1,1,0,0,1,0,1,Teacher,Architect,Financial Analyst
29,80,90,36,53,66,80,78,0,1,0,1,0,1,1,0,1,0,Civil Engineer,Marketing Manager,Architect
76,29,65,41,30,84,74,58,0,1,1,0,1,0,0,0,1,1,Civil Engineer,Psychologist,Data Scientist
32,45,74,59,24,56,64,79,0,0,0,0,0,1,0,1,1,1,Data Scientist,Psychologist,Civil Engineer
77,70,99,29,95,74,87,49,1,0,0,0,0,1,1,1,0,1,Software Developer,Civil Engineer,Graphic Designer
91,26,64,97,31,30,40,75,1,1,0,0,0,0,1,0,1,1,Architect,UX/UI Designer,Doctor
35,81,99,55,96,68,52,66,0,0,0,0,0,1,1,1,1,0,Digital Marketer,Software Developer,Lawyer
33,20,92,35,57,40,86,46,0,0,0,1,1,1,1,0,0,0,Mechanical Engineer,Digital Marketer,Marketing Manager
88,56,56,45,81,43,43,40,0,1,0,1,0,1,1,0,0,0,Financial Analyst,Architect,Civil Engineer
31,74,70,21,79,26,38,81,1,0,0,0,1,0,1,0,0,1,Software Developer,Architect,Psychologist
62,71,79,40,53,36,21,56,0,0,1,0,1,0,1,0,0,1,Data Scientist,Teacher,Lawyer
21,80,60,74,64,65,36,46,0,0,1,1,0,1,0,0,1,1,UX/UI Designer,Digital Marketer,Graphic Designer
83,78,70,36,48,96,66,65,0,0,0,1,0,1,0,1,1,0,Psychologist,Software Developer,Content Writer
20,86,43,28,43,97,21,82,1,1,0,0,0,0,1,0,1,0,Architect,Teacher,Marketing Manager
66,21,98,21,100,63,45,61,1,1,0,0,0,1,0,1,1,1,Teacher,Doctor,Lawyer
84,35,72,77,29,81,44,95,1,0,0,0,0,0,1,1,0,1,Psychologist,Doctor,Digital Marketer
31,48,46,46,89,61,31,59,1,0,0,0,1,0,1,1,0,0,Digital Marketer,UX/UI Designer,Marketing Manager
97,40,86,46,100,52,26,40,0,0,0,1,0,1,0,1,1,1,Digital Marketer,Software Developer,Marketing Manager
45,93,69,86,68,63,38,26,0,0,0,0,1,0,0,0,1,0,Marketing Manager,UX/UI Designer,Financial Analyst
41,43,38,86,31,81,58,97,1,1,0,1,0,0,1,0,0,1,Content Writer,Lawyer,Civil Engineer
85,33,41,30,24,65,22,93,1,1,1,0,0,1,0,1,0,1,Psychologist,Doctor,Software Developer
28,63,83,44,76,92,79,93,0,1,0,0,0,0,1,1,1,1,Data Scientist,Software Developer,Teacher
25,49,91,77,73,67,42,37,0,0,1,0,0,0,1,1,0,0,Mechanical Engineer,Doctor,Marketing Manager
28,86,40,29,70,90,100,66,1,1,0,0,0,0,1,1,0,1,Graphic Designer,Psychologist,Doctor
47,65,87,68,67,46,78,50,0,1,1,0,0,0,1,1,1,1,Software Developer,Marketing Manager,Digital Marketer
76,38,85,31,75,30,26,66,1,0,1,0,1,0,0,0,0,0,Architect,Digital Marketer,Data Scientist
56,96,27,61,55,58,87,60,0,1,1,1,0,0,0,1,0,0,Financial Analyst,Civil Engineer,Graphic Designer
77,83,77,81,74,69,76,25,0,1,0,0,1,1,0,1,1,0,Lawyer,Data Scientist,Software Developer
22,31,53,43,51,97,65,46,1,1,0,1,1,1,1,0,0,0,Data Scientist,Financial Analyst,Civil Engineer
62,44,31,37,96,33,79,61,0,1,1,0,1,1,1,1,1,1,Digital Marketer,Teacher,Lawyer
25,66,23,94,44,49,28,67,0,0,0,1,1,0,1,1,0,0,Psychologist,Marketing Manager,Graphic Designer
53,20,32,92,71,58,24,20,0,1,1,1,1,1,1,1,0,1,Graphic Designer,Civil Engineer,Mechanical Engineer
83,39,20,72,82,68,51,60,0,0,0,1,0,1,0,1,0,1,Data Scientist,UX/UI Designer,Lawyer
40,77,43,85,52,47,70,44,1,0,0,0,1,0,0,1,0,1,Data Scientist,Financial Analyst,Content Writer
67,80,39,35,41,30,36,33,1,1,1,1,1,0,0,1,1,0,Mechanical Engineer,UX/UI Designer,Marketing Manager
53,31,91,84,96,84,24,81,0,1,0,0,0,1,1,1,0,1,Doctor,Mechanical Engineer,Graphic Designer
63,82,94,54,92,93,92,91,0,1,0,1,1,0,1,1,0,1,Software Developer,Data Scientist,Civil Engineer
27,66,35,62,100,49,46,93,1,0,1,0,1,0,1,0,1,0,Lawyer,Psychologist,Software Developer
47,39,58,98,80,45,34,78,0,1,0,0,1,0,1,0,1,0,Psychologist,Digital Marketer,Software Developer
32,89,70,69,59,41,98,28,1,0,1,0,0,1,1,1,1,1,UX/UI Designer,Content Writer,Software Developer
99,98,55,61,87,47,73,44,1,1,0,1,1,1,1,0,1,0,Mechanical Engineer,Graphic Designer,Psychologist
74,82,79,38,52,69,82,95,1,0,1,1,0,0,0,1,1,0,Teacher,Psychologist,Doctor
80,90,67,39,85,33,32,36,0,1,0,1,1,1,0,1,1,0,Marketing Manager,Mechanical Engineer,Teacher
41,44,77,43,45,85,39,25,0,1,1,1,1,0,1,0,0,0,Doctor,UX/UI Designer,Mechanical Engineer
31,93,85,32,41,50,92,23,1,1,1,1,1,1,0,0,1,0,Data Scientist,Digital Marketer,Teacher
67,24,31,63,88,65,83,35,0,0,1,0,1,0,0,0,0,1,Teacher,Graphic Designer,Lawyer
45,51,94,84,71,75,73,64,0,0,1,1,1,1,0,0,0,0,Mechanical Engineer,Content Writer,Civil Engineer
22,80,65,72,75,61,41,43,0,1,1,1,0,0,1,0,0,1,Content Writer,Doctor,Digital Marketer
39,43,97,51,20,22,71,39,0,1,0,1,1,1,1,0,0,0,Teacher,Doctor,Digital Marketer
64,31,74,53,100,83,83,38,0,1,0,1,0,0,0,0,0,0,Content Writer,Marketing Manager,Teacher
22,28,84,68,77,22,83,74,1,1,1,1,0,1,1,1,1,1,Software Developer,UX/UI Designer,Marketing Manager
91,56,33,39,92,64,76,29,0,1,1,1,0,0,0,1,0,0,Software Developer,Teacher,Graphic Designer
86,85,98,52,21,28,58,74,0,1,1,1,1,0,0,0,1,0,Civil Engineer,Teacher,Marketing Manager
34,46,59,42,70,58,94,76,0,0,1,0,1,0,0,0,1,1,Digital Marketer,Architect,Psychologist
75,97,83,64,79,97,88,36,0,0,1,1,0,1,1,1,0,1,Software Developer,Civil Engineer,Financial Analyst
25,58,99,90,94,65,86,61,0,1,0,1,0,0,0,1,1,1,Lawyer,Software Developer,Doctor
40,69,93,40,61,90,82,45,0,0,1,0,1,1,1,0,0,0,UX/UI Designer,Data Scientist,Mechanical Engineer
63,34,56,99,39,99,58,88,1,1,0,1,1,0,1,0,1,1,UX/UI Designer,Doctor,Content Writer
66,66,79,97,57,87,79,68,0,1,0,1,0,1,0,1,0,1,Graphic Designer,Psychologist,Teacher
74,59,21,84,34,58,61,76,1,1,1,1,0,0,1,0,1,0,Lawyer,Content Writer,Software Developer
40,82,31,86,26,100,33,98,1,1,1,0,1,0,0,1,1,0,Content Writer,Doctor,Architect
91,46,97,64,39,79,24,78,1,0,0,0,0,1,0,1,1,1,Data Scientist,Content Writer,Lawyer
31,37,48,83,78,36,72,65,0,0,0,1,0,1,1,0,1,0,Lawyer,Doctor,UX/UI Designer
40,90,34,37,70,63,36,54,1,1,1,0,1,0,0,1,1,0,Software Developer,Digital Marketer,Doctor
100,66,58,85,89,22,36,71,1,0,1,1,0,1,0,1,0,0,Software Developer,Lawyer,Doctor
83,90,55,57,56,52,76,20,1,1,1,0,1,1,1,0,0,0,Psychologist,Civil Engineer,Financial Analyst
41,100,64,33,89,53,45,64,0,1,0,0,0,1,0,0,0,1,Mechanical Engineer,Psychologist,UX/UI Designer
58,59,23,74,23,28,48,67,1,0,0,0,1,1,1,1,0,1,Doctor,Civil Engineer,Data Scientist
93,56,26,41,32,80,36,30,1,1,0,0,1,0,1,0,0,1,Marketing Manager,Software Developer,Financial Analyst
49,67,96,40,91,20,35,48,0,1,1,0,1,0,0,0,1,1,Graphic Designer,Architect,Data Scientist
94,41,60,69,32,31,63,44,1,0,0,1,0,0,0,0,1,0,Civil Engineer,Marketing Manager,Teacher
52,90,41,66,91,47,91,29,0,0,1,0,1,0,1,0,0,0,Doctor,Mechanical Engineer,Graphic Designer
79,40,87,57,71,47,47,54,1,1,0,1,1,0,1,1,0,0,Lawyer,Marketing Manager,Graphic Designer
34,64,47,85,30,35,48,80,1,0,0,1,0,0,1,0,0,1,Content Writer,Data Scientist,Civil Engineer
61,31,97,25,71,89,48,40,0,0,1,1,1,0,0,1,0,0,Architect,Financial Analyst,Civil Engineer
90,39,79,45,51,55,51,47,1,0,0,1,0,0,1,0,1,1,Psychologist,Marketing Manager,Architect
99,57,50,43,82,88,60,30,1,1,0,0,1,0,1,1,1,1,Doctor,Financial Analyst,Architect
34,41,39,68,99,37,46,24,1,1,0,1,0,1,0,1,1,1,Financial Analyst,Lawyer,Content Writer
91,20,86,23,44,20,98,61,1,1,1,1,1,0,1,1,1,1,UX/UI Designer,Civil Engineer,Software Developer
55,28,69,60,87,80,54,100,1,0,0,1,1,1,0,1,0,1,Software Developer,UX/UI Designer,Financial Analyst
28,35,20,66,72,45,76,89,1,1,0,0,0,0,0,1,1,0,Financial Analyst,Graphic Designer,Data Scientist
86,67,68,64,65,29,47,25,0,0,1,0,0,0,1,1,0,0,Civil Engineer,Teacher,Lawyer
74,48,54,96,45,24,81,66,0,1,1,1,0,1,1,1,0,0,Content Writer,Teacher,Civil Engineer
63,75,46,43,90,65,48,20,0,1,0,1,1,1,1,0,0,1,Financial Analyst,Mechanical Engineer,Content Writer
83,79,78,80,73,96,39,96,0,1,0,1,0,0,0,0,1,0,Mechanical Engineer,Data Scientist,Graphic Designer
46,24,93,70,35,68,44,42,1,1,0,1,1,0,1,0,1,1,Mechanical Engineer,Teacher,Data Scientist
67,51,53,57,43,97,62,41,1,0,1,1,0,0,1,0,0,1,Mechanical Engineer,Teacher,Data Scientist
56,54,100,44,36,95,97,53,0,0,1,0,1,0,1,1,1,0,Marketing Manager,Digital Marketer,Lawyer
26,91,95,20,96,21,73,26,1,1,1,0,1,0,1,1,1,1,Teacher,Marketing Manager,Content Writer
70,92,21,37,68,84,50,80,1,0,0,1,0,1,0,0,1,0,UX/UI Designer,Teacher,Data Scientist
55,70,53,32,46,39,89,23,0,1,0,1,0,1,1,1,1,0,UX/UI Designer,Psychologist,Mechanical Engineer
68,58,26,60,96,37,30,82,0,1,0,1,0,0,0,1,1,1,Software Developer,Digital Marketer,Doctor
25,48,80,91,48,98,82,78,1,1,0,1,1,1,1,1,0,1,Mechanical Engineer,Doctor,Graphic Designer
93,42,35,44,50,45,48,81,0,1,0,1,0,1,0,0,1,0,Content Writer,Teacher,Civil Engineer
70,49,67,84,68,40,56,91,1,0,0,0,1,0,1,1,1,1,Mechanical Engineer,Psychologist,UX/UI Designer
71,34,75,45,97,73,80,98,1,1,1,0,0,0,1,0,1,0,Civil Engineer,Financial Analyst,Graphic Designer
51,24,34,61,67,36,76,35,1,1,1,1,1,0,1,0,0,1,Content Writer,Mechanical Engineer,Software Developer
26,55,82,41,79,39,73,59,1,0,0,0,0,1,1,1,0,0,Psychologist,Mechanical Engineer,Software Developer
100,51,40,24,70,65,75,70,1,0,1,0,1,0,0,1,1,1,Graphic Designer,Civil Engineer,Mechanical Engineer
69,22,51,32,89,68,52,73,0,0,0,1,0,0,0,0,0,0,Software Developer,Architect,Data Scientist
38,90,31,74,88,39,75,80,1,0,1,0,1,1,1,1,0,0,Digital Marketer,Content Writer,Doctor
83,59,29,95,29,55,76,90,0,0,0,0,1,0,0,0,0,0,Mechanical Engineer,Teacher,Content Writer
63,71,20,38,37,48,50,49,1,1,1,1,1,0,1,0,1,1,Content Writer,Mechanical Engineer,UX/UI Designer
59,99,73,26,94,68,95,71,1,1,1,1,1,0,1,1,1,0,Mechanical Engineer,UX/UI Designer,Digital Marketer
35,69,75,79,76,94,48,48,0,1,0,0,0,0,0,0,1,0,Mechanical Engineer,Graphic Designer,Doctor
51,88,23,88,65,26,87,26,1,1,0,0,1,1,0,0,0,0,Doctor,Mechanical Engineer,Marketing Manager
59,50,28,74,52,58,76,63,1,0,1,1,0,0,0,1,1,0,Teacher,Graphic Designer,Financial Analyst
66,74,98,56,40,74,81,42,1,1,0,0,1,1,0,1,0,0,Software Developer,UX/UI Designer,Data Scientist
94,77,32,20,54,35,78,86,0,1,0,0,0,1,1,1,0,0,UX/UI Designer,Data Scientist,Doctor
73,47,88,33,27,87,27,57,0,1,0,1,0,1,1,0,0,1,Digital Marketer,Doctor,Psychologist
82,68,58,64,82,44,60,90,1,0,1,1,1,0,0,0,0,1,Marketing Manager,Civil Engineer,Mechanical Engineer
24,47,94,43,97,95,50,35,1,1,0,1,0,1,1,1,0,0,Mechanical Engineer,Civil Engineer,Content Writer
89,36,21,90,100,95,97,48,0,1,1,0,1,1,1,1,0,0,Psychologist,Graphic Designer,Doctor
98,74,67,39,90,88,44,73,0,0,1,1,0,0,1,0,1,0,Software Developer,Financial Analyst,Teacher
87,41,60,54,21,89,100,33,1,1,1,1,0,0,1,0,1,1,Lawyer,Civil Engineer,Psychologist
57,81,83,67,100,61,61,65,1,1,0,1,1,1,0,0,1,1,Architect,Software Developer,Mechanical Engineer
30,91,76,83,63,20,70,79,1,0,1,0,1,1,1,0,1,1,Financial Analyst,Psychologist,Teacher
73,51,47,45,61,45,35,36,0,0,0,1,0,0,0,0,0,1,Data Scientist,UX/UI Designer,Content Writer
22,54,28,46,75,20,79,64,0,0,1,0,0,1,1,1,1,1,Graphic Designer,Financial Analyst,Lawyer
25,68,38,43,30,86,45,88,0,0,0,1,1,0,0,0,0,0,Mechanical Engineer,Lawyer,Psychologist
71,62,48,23,66,100,96,30,0,1,1,0,1,0,0,1,1,1,Graphic Designer,Digital Marketer,Civil Engineer
98,63,93,42,74,93,38,66,0,1,1,1,0,0,0,0,0,0,Marketing Manager,Lawyer,Graphic Designer
100,95,99,35,92,68,26,41,1,1,1,1,1,0,1,1,0,1,Content Writer,Graphic Designer,UX/UI Designer
27,79,78,71,62,55,51,47,1,0,0,0,0,0,0,1,1,1,Doctor,Lawyer,Civil Engineer
28,69,39,63,86,96,100,42,1,1,1,0,1,0,0,0,0,1,Software Developer,Financial Analyst,Digital Marketer
82,90,66,67,83,62,38,45,0,1,0,0,1,0,0,1,1,1,Content Writer,Data Scientist,Teacher
29,25,97,36,64,50,39,50,0,1,0,1,1,1,1,0,1,0,Digital Marketer,Teacher,Software Developer
21,78,31,26,77,28,41,22,1,0,0,0,0,1,1,1,0,0,Architect,Software Developer,Mechanical Engineer
79,85,37,65,39,22,23,52,0,0,1,0,0,0,0,1,1,0,Graphic Designer,Lawyer,Mechanical Engineer
21,51,25,99,33,62,55,62,0,0,0,0,1,0,0,1,0,1,Marketing Manager,Graphic Designer,Doctor
21,37,41,24,38,21,69,43,1,1,1,1,1,0,0,0,0,0,Doctor,Digital Marketer,Content Writer
97,70,56,36,56,56,86,70,0,1,1,0,0,0,1,0,0,1,Marketing Manager,Graphic Designer,Lawyer
92,61,20,75,86,77,68,60,1,0,1,1,1,1,0,1,1,1,UX/UI Designer,Data Scientist,Software Developer
96,93,95,47,84,99,83,95,1,1,0,0,1,0,0,0,0,1,Software Developer,Financial Analyst,Content Writer
57,27,71,50,94,24,48,77,1,1,0,1,1,0,1,0,1,1,Data Scientist,Graphic Designer,Doctor
72,55,39,39,92,39,35,30,1,0,0,0,0,1,1,1,0,1,Lawyer,Content Writer,Civil Engineer
79,79,78,98,60,55,59,44,1,0,0,0,0,0,0,1,0,0,Marketing Manager,Teacher,Graphic Designer
47,23,79,89,37,80,51,95,0,0,0,1,1,1,0,0,0,1,Software Developer,Marketing Manager,Financial Analyst
45,87,36,100,65,45,42,92,1,0,0,1,1,1,1,0,0,1,Civil Engineer,Psychologist,Graphic Designer
46,77,100,94,36,44,34,42,0,0,1,1,1,1,0,0,1,1,Psychologist,Teacher,Data Scientist
73,65,97,59,98,53,23,36,0,0,1,1,0,1,0,1,1,1,Content Writer,UX/UI Designer,Architect
53,85,22,60,80,99,67,71,1,0,0,0,0,1,0,1,0,1,Content Writer,Doctor,Mechanical Engineer
28,94,71,80,45,84,75,75,1,1,0,0,1,0,0,1,1,0,Mechanical Engineer,Software Developer,Architect
75,94,29,66,26,62,85,77,1,0,1,0,1,0,0,0,0,0,Doctor,Lawyer,Architect
56,57,55,64,31,81,73,66,0,1,1,0,1,1,0,1,0,0,Content Writer,Graphic Designer,Civil Engineer
47,55,70,99,59,56,68,68,1,0,0,1,1,0,0,1,1,1,Graphic Designer,Marketing Manager,Mechanical Engineer
45,36,54,42,40,22,50,85,1,0,0,1,0,1,0,1,1,1,Data Scientist,Marketing Manager,Digital Marketer
63,36,87,49,31,96,51,33,0,1,0,0,0,0,1,0,0,1,Civil Engineer,Doctor,Content Writer
48,79,52,26,60,65,89,64,1,0,1,0,1,0,0,0,1,1,Mechanical Engineer,Software Developer,Psychologist
24,91,70,99,100,69,97,56,1,1,0,0,0,1,1,0,1,0,Mechanical Engineer,Marketing Manager,Psychologist
43,52,88,62,27,28,85,48,0,1,0,0,1,1,0,1,0,1,Mechanical Engineer,Civil Engineer,Data Scientist
27,45,88,86,39,47,66,43,1,0,0,0,1,0,0,0,0,0,Mechanical Engineer,Content Writer,Data Scientist
88,22,45,69,81,60,80,27,1,0,1,1,1,0,1,1,1,1,Psychologist,Data Scientist,Architect
36,96,40,79,87,48,61,74,1,0,0,1,0,1,1,0,0,0,UX/UI Designer,Marketing Manager,Graphic Designer
34,43,83,53,77,28,71,100,0,0,1,0,0,1,0,1,0,1,Digital Marketer,Psychologist,Lawyer
57,94,69,79,84,50,64,46,0,0,0,0,0,0,1,0,1,1,Psychologist,Doctor,Content Writer
61,31,50,82,50,98,76,64,1,1,0,1,0,0,1,1,1,1,Lawyer,Digital Marketer,Civil Engineer
96,83,86,96,31,38,62,36,0,1,0,0,1,0,1,0,1,1,Teacher,UX/UI Designer,Marketing Manager
47,46,40,96,32,31,79,49,0,1,1,0,0,0,1,1,1,1,Lawyer,Psychologist,Digital Marketer
41,24,41,71,95,23,77,75,1,1,1,1,1,1,0,1,0,1,Mechanical Engineer,Digital Marketer,Data Scientist
72,67,42,41,48,46,21,79,0,1,0,0,1,0,1,0,0,0,Architect,Marketing Manager,Civil Engineer
100,81,29,93,63,57,20,22,1,0,1,1,1,1,0,0,1,0,Software Developer,Architect,Financial Analyst
65,59,23,69,27,90,82,72,1,1,0,1,1,1,1,0,1,1,Architect,Marketing Manager,Lawyer
92,63,31,53,38,71,90,85,1,0,1,0,1,0,0,0,0,1,Marketing Manager,Content Writer,Mechanical Engineer
71,38,87,87,89,59,98,81,0,0,0,1,1,0,1,1,0,0,Lawyer,Digital Marketer,Software Developer
77,74,97,75,65,34,86,22,1,0,1,0,1,1,1,1,1,1,Digital Marketer,Architect,Graphic Designer
87,91,56,87,37,65,28,59,0,1,1,1,0,1,0,0,1,0,Marketing Manager,Lawyer,Psychologist
44,85,21,39,58,68,24,30,0,0,1,0,0,1,0,1,1,0,Lawyer,Content Writer,Financial Analyst
32,22,91,28,25,37,34,52,1,0,0,0,1,1,0,1,1,1,Graphic Designer,Content Writer,Mechanical Engineer
86,37,29,40,58,89,92,32,1,1,0,1,0,0,1,0,1,0,Graphic Designer,Digital Marketer,Content Writer
51,33,97,90,60,50,78,41,1,0,0,0,1,1,0,1,0,1,Psychologist,Doctor,Data Scientist
82,79,31,100,56,39,33,37,1,1,1,1,0,0,1,0,0,0,Financial Analyst,Architect,Digital Marketer
98,90,64,52,85,93,28,62,0,0,0,1,1,0,0,0,1,0,Mechanical Engineer,Architect,Doctor
95,23,61,84,89,45,48,100,1,1,0,0,0,0,0,0,0,0,Teacher,Financial Analyst,Data Scientist
57,70,41,38,92,75,89,37,1,1,0,0,1,1,1,0,0,0,Financial Analyst,Teacher,Psychologist
71,32,69,29,75,51,36,59,1,0,0,1,0,1,1,1,0,1,Mechanical Engineer,UX/UI Designer,Marketing Manager
37,91,43,49,33,68,23,29,1,0,1,1,1,0,1,0,1,0,Mechanical Engineer,Software Developer,Marketing Manager
41,86,84,48,72,46,62,96,1,1,1,0,1,0,1,1,1,0,Psychologist,UX/UI Designer,Content Writer
76,48,28,29,73,63,92,80,1,0,1,1,0,0,0,0,1,0,Mechanical Engineer,Psychologist,Civil Engineer
31,22,27,68,53,56,22,59,0,0,0,0,1,1,1,0,1,1,Digital Marketer,UX/UI Designer,Financial Analyst
66,32,96,24,94,20,72,72,0,1,1,1,1,0,0,0,1,1,Civil Engineer,UX/UI Designer,Digital Marketer
74,86,99,24,33,77,93,89,1,0,0,1,0,1,0,1,1,1,Content Writer,Data Scientist,Psychologist
98,73,66,22,65,56,67,33,0,1,0,1,1,0,1,1,1,1,Lawyer,Mechanical Engineer,Doctor
33,56,60,95,86,22,56,77,1,0,1,1,1,1,0,0,0,0,Psychologist,UX/UI Designer,Doctor
42,35,85,79,85,93,78,88,0,1,0,0,1,0,0,1,0,1,Teacher,Lawyer,Software Developer
59,56,46,58,22,49,48,75,0,1,1,0,0,0,1,0,0,1,UX/UI Designer,Teacher,Doctor
94,34,78,75,68,80,70,68,0,1,0,1,0,0,1,1,0,0,Architect,Teacher,Mechanical Engineer
89,97,31,41,33,100,83,84,0,1,0,1,0,1,1,0,1,0,Mechanical Engineer,Doctor,Digital Marketer
73,31,97,27,35,87,76,28,1,1,1,1,0,0,0,1,0,1,Architect,Doctor,Teacher
21,22,35,40,38,72,46,89,1,0,1,1,1,1,1,0,0,1,Civil Engineer,Software Developer,Architect
57,29,35,86,70,46,98,22,1,1,0,0,1,0,1,1,1,1,Lawyer,Data Scientist,Marketing Manager
45,26,89,55,45,22,56,86,0,0,1,0,0,0,1,0,0,0,Digital Marketer,Data Scientist,Architect
90,64,76,68,24,45,98,99,0,1,1,0,0,1,1,1,1,1,Data Scientist,Architect,UX/UI Designer
68,89,48,54,82,55,83,100,0,1,1,1,0,1,1,0,0,0,Lawyer,Architect,Content Writer
95,49,99,87,44,43,46,44,0,1,0,1,1,0,1,0,1,1,UX/UI Designer,Mechanical Engineer,Doctor
96,76,94,56,85,41,72,91,0,1,0,0,0,0,1,1,0,0,Data Scientist,Financial Analyst,Architect
60,29,51,63,71,59,64,45,0,1,1,0,1,0,0,0,1,0,Teacher,Data Scientist,Financial Analyst
80,97,44,70,100,87,37,34,1,0,0,1,1,0,1,0,0,1,Civil Engineer,Graphic Designer,Doctor
32,31,68,48,66,21,94,94,0,0,1,0,0,0,0,1,1,1,Lawyer,Software Developer,UX/UI Designer
75,97,53,68,21,72,92,39,0,1,0,1,1,0,1,0,0,1,UX/UI Designer,Psychologist,Digital Marketer
57,63,80,64,93,87,41,44,1,1,1,1,0,0,0,1,1,0,Architect,UX/UI Designer,Lawyer
58,38,27,85,72,28,76,45,1,0,0,0,1,0,1,1,1,1,Data Scientist,Mechanical Engineer,Software Developer
62,83,46,100,84,50,47,35,0,1,0,0,1,0,0,1,0,1,Psychologist,Civil Engineer,Digital Marketer
64,75,77,53,100,82,63,79,0,1,1,1,1,1,0,1,1,1,Architect,Doctor,Mechanical Engineer
83,79,93,38,56,46,59,29,0,0,1,0,1,1,0,1,0,0,Architect,Psychologist,Mechanical Engineer
50,78,47,24,72,24,66,29,1,0,1,1,1,1,1,0,0,1,Teacher,Software Developer,Psychologist
54,35,31,57,89,41,20,82,1,1,0,1,0,0,1,1,0,1,Financial Analyst,Mechanical Engineer,Psychologist
59,73,85,22,40,40,65,97,1,1,1,1,0,1,0,0,1,1,Architect,Financial Analyst,Content Writer
39,85,27,69,91,73,72,73,0,1,0,0,0,1,0,0,0,1,Teacher,Lawyer,UX/UI Designer
92,45,85,31,51,64,95,52,0,1,1,0,1,0,0,0,0,1,Teacher,Architect,Marketing Manager
20,27,51,44,85,25,37,37,1,1,0,1,1,1,0,0,0,0,Financial Analyst,Doctor,Software Developer
40,66,24,84,50,52,92,31,1,1,0,0,1,1,1,0,1,0,Teacher,Architect,Civil Engineer
97,45,54,75,73,81,49,78,0,0,1,0,0,1,1,1,0,0,Software Developer,Data Scientist,Doctor
71,97,51,100,87,87,53,48,0,1,0,1,1,0,0,1,0,1,Financial Analyst,UX/UI Designer,Software Developer
38,46,20,45,74,80,45,51,0,1,0,0,0,0,0,1,1,1,Psychologist,Financial Analyst,Civil Engineer
43,74,80,68,37,81,42,75,0,0,0,0,0,1,1,0,1,0,Graphic Designer,Data Scientist,Psychologist
97,87,83,30,57,42,52,27,1,1,0,1,1,1,0,1,1,0,Data Scientist,Doctor,Software Developer
78,99,51,57,81,84,22,81,0,1,1,1,1,1,1,1,0,0,Graphic Designer,Digital Marketer,Teacher
78,57,94,86,80,100,69,61,0,0,0,1,0,1,0,1,1,0,Software Developer,Teacher,Mechanical Engineer
28,86,28,71,60,28,29,99,1,1,1,0,0,0,1,1,1,1,UX/UI Designer,Psychologist,Lawyer
64,42,37,81,42,89,59,36,1,0,1,1,1,0,0,1,1,1,Data Scientist,Graphic Designer,Psychologist
32,33,29,24,21,39,92,100,1,1,1,0,1,1,0,1,1,0,Doctor,Data Scientist,Financial Analyst
48,36,66,24,72,59,39,96,1,0,1,0,0,0,0,1,0,0,Content Writer,Psychologist,Software Developer
54,100,38,54,32,67,85,63,1,1,1,1,0,0,0,0,1,0,Doctor,Digital Marketer,Software Developer
58,93,96,78,71,83,73,43,1,0,1,1,0,1,1,0,0,0,Lawyer,Financial Analyst,Data Scientist
94,66,68,87,32,46,70,34,1,0,1,1,0,1,0,0,1,0,Psychologist,Content Writer,Digital Marketer
59,65,84,56,28,96,66,83,0,0,0,1,0,0,0,0,1,0,Lawyer,Doctor,Software Developer
51,48,98,39,51,61,89,38,1,0,0,0,1,0,0,1,0,0,Architect,Financial Analyst,Teacher
93,51,98,32,98,27,78,22,0,0,0,0,0,1,0,1,1,1,Doctor,Financial Analyst,Software Developer
63,54,56,97,96,57,31,37,1,0,0,1,0,0,0,0,0,0,Lawyer,Teacher,Doctor
50,93,65,84,44,77,95,27,1,0,0,1,1,1,1,1,0,1,Civil Engineer,Graphic Designer,Lawyer
84,88,21,61,38,54,100,49,1,1,0,1,1,1,0,0,1,1,Lawyer,Data Scientist,Architect
61,53,71,37,64,23,73,72,1,1,1,1,1,1,1,0,0,1,Content Writer,Mechanical Engineer,Graphic Designer
53,78,86,76,43,98,20,34,1,1,0,1,0,0,1,1,1,0,Doctor,Data Scientist,Marketing Manager
98,78,86,63,55,75,61,37,0,1,0,1,1,0,1,0,0,0,Marketing Manager,Software Developer,Architect
81,58,40,63,44,43,84,74,0,0,1,0,1,1,0,1,1,1,Content Writer,Mechanical Engineer,Doctor
76,73,56,45,40,74,82,58,0,1,1,0,0,1,1,1,1,0,Content Writer,Graphic Designer,Data Scientist
57,50,97,24,60,57,60,76,1,0,1,1,1,1,1,0,1,1,Content Writer,Doctor,Architect
39,34,36,24,70,43,66,26,1,1,0,1,0,0,1,1,0,1,UX/UI Designer,Psychologist,Marketing Manager
75,31,25,86,79,57,49,48,0,1,1,1,0,1,1,0,0,1,Digital Marketer,Civil Engineer,Data Scientist
27,48,44,38,69,100,54,58,0,1,1,1,0,0,1,1,1,1,Digital Marketer,Architect,Psychologist
24,66,97,44,69,36,87,59,0,1,0,0,1,0,1,1,0,0,Architect,Mechanical Engineer,Graphic Designer
75,69,89,45,30,84,87,60,1,0,0,0,0,0,1,0,0,0,Graphic Designer,Civil Engineer,Psychologist
26,94,88,34,80,82,47,56,0,0,0,0,0,1,0,1,1,0,Marketing Manager,Architect,Data Scientist
42,93,93,95,91,36,22,66,0,1,0,0,1,1,0,1,0,0,Civil Engineer,Marketing Manager,Digital Marketer
81,69,84,35,59,21,96,20,0,0,1,0,1,0,1,1,1,0,Mechanical Engineer,Marketing Manager,Psychologist
76,46,59,46,79,93,95,58,1,1,0,0,0,1,0,1,0,0,UX/UI Designer,Doctor,Content Writer
35,51,81,44,34,63,90,78,1,0,0,1,0,1,0,0,1,0,Mechanical Engineer,Digital Marketer,Civil Engineer
42,65,76,41,52,33,79,42,1,1,0,1,0,1,0,0,0,0,Teacher,Data Scientist,Doctor
82,27,68,75,46,25,68,96,1,0,1,1,0,0,1,0,0,1,Civil Engineer,Graphic Designer,Financial Analyst
40,88,83,46,23,46,82,29,0,1,1,1,0,0,0,0,0,0,Data Scientist,Civil Engineer,Financial Analyst
45,66,49,77,33,87,52,73,0,0,0,0,0,0,0,0,1,1,Architect,Financial Analyst,UX/UI Designer
96,36,41,91,46,30,29,93,0,0,1,1,1,1,0,1,0,0,Architect,Data Scientist,Software Developer
35,40,93,45,39,47,76,96,1,0,1,0,0,0,1,0,1,0,Psychologist,Data Scientist,Architect
64,30,32,46,87,55,71,89,1,1,0,1,0,0,0,1,0,1,UX/UI Designer,Content Writer,Teacher
21,75,63,25,83,92,55,23,1,1,1,1,1,1,1,0,0,0,Lawyer,UX/UI Designer,Civil Engineer
57,93,26,41,36,60,53,49,1,0,1,1,1,1,1,1,1,0,UX/UI Designer,Doctor,Mechanical Engineer
49,96,90,53,36,77,64,55,0,1,0,1,1,1,1,0,1,0,Psychologist,Architect,Software Developer
94,59,84,42,42,26,59,35,1,0,1,0,0,1,0,0,0,1,Data Scientist,Psychologist,UX/UI Designer
47,73,53,49,84,75,63,83,0,1,0,0,1,0,1,1,1,0,Graphic Designer,Software Developer,Data Scientist
47,100,46,46,20,31,83,73,0,0,0,1,0,1,1,0,0,0,Digital Marketer,Graphic Designer,Data Scientist
61,88,61,71,69,80,34,28,0,1,1,0,1,1,0,0,1,0,Lawyer,Marketing Manager,Teacher
35,49,26,25,36,25,29,94,0,0,0,1,0,0,1,0,0,1,Data Scientist,Marketing Manager,Civil Engineer
72,59,87,79,50,33,26,45,1,1,1,0,0,0,1,0,0,1,Software Developer,Teacher,UX/UI Designer
23,39,71,70,27,100,62,48,1,1,0,1,0,1,1,0,1,1,Psychologist,Civil Engineer,Marketing Manager
67,48,31,20,97,91,90,38,1,0,1,0,1,0,0,1,1,0,Software Developer,Digital Marketer,Teacher
38,35,79,94,83,75,51,32,1,1,0,1,0,1,1,0,1,0,Lawyer,Digital Marketer,Marketing Manager
42,51,91,82,66,54,96,55,0,1,1,1,0,0,1,1,1,0,Mechanical Engineer,Marketing Manager,Graphic Designer
30,44,33,35,81,45,100,20,1,0,1,1,0,1,1,0,0,1,Lawyer,Psychologist,Architect
99,80,73,37,71,90,75,78,1,0,0,1,1,1,0,0,0,0,Digital Marketer,Civil Engineer,Doctor
71,48,95,33,35,40,40,42,0,1,1,0,0,0,0,0,0,1,Mechanical Engineer,Psychologist,Architect
95,64,20,40,60,92,29,62,0,0,1,0,1,1,1,0,1,1,Content Writer,Psychologist,Financial Analyst
51,25,86,72,81,84,88,62,1,1,1,1,0,0,0,0,0,1,Digital Marketer,Mechanical Engineer,Software Developer
57,30,21,62,56,83,84,41,0,0,1,0,1,1,0,1,1,0,Doctor,Civil Engineer,Digital Marketer
80,98,45,83,50,48,68,21,1,0,0,1,0,0,1,1,1,0,Architect,Teacher,Civil Engineer
80,23,35,84,87,34,64,94,1,1,0,1,0,0,0,0,1,1,Mechanical Engineer,Digital Marketer,Psychologist
60,89,78,30,20,59,35,52,0,1,0,1,0,1,0,1,0,0,Doctor,Graphic Designer,Data Scientist
85,38,95,100,63,46,36,50,0,1,1,0,0,0,0,1,0,0,Digital Marketer,Doctor,Teacher
45,77,80,72,63,88,33,47,0,0,0,0,1,1,0,1,0,0,Doctor,Civil Engineer,Content Writer
61,47,97,93,89,38,63,24,0,1,1,0,0,0,1,1,1,0,UX/UI Designer,Mechanical Engineer,Doctor
100,44,52,37,25,96,22,82,1,1,1,0,1,1,0,1,0,1,Architect,Marketing Manager,Psychologist
56,70,95,54,34,70,86,62,0,0,0,1,1,0,0,1,0,0,Graphic Designer,Teacher,Mechanical Engineer
46,71,30,86,63,46,26,49,0,0,1,1,1,0,1,1,0,1,Civil Engineer,Software Developer,Data Scientist
23,49,28,27,41,35,36,62,0,0,1,0,1,1,0,0,1,0,Psychologist,UX/UI Designer,Financial Analyst
56,21,34,21,47,43,95,59,0,1,1,0,0,0,0,1,0,1,Architect,Civil Engineer,Graphic Designer
29,52,57,62,38,57,79,93,1,1,1,0,0,1,1,0,1,1,Content Writer,Data Scientist,Psychologist
68,34,79,80,86,79,43,53,1,1,1,1,1,0,0,1,0,1,Content Writer,Psychologist,Digital Marketer
36,21,25,100,85,50,95,23,1,1,0,1,0,0,0,1,0,0,Psychologist,Architect,Digital Marketer
22,82,20,68,93,28,21,62,0,0,0,1,0,0,1,1,1,1,Civil Engineer,Software Developer,Mechanical Engineer
24,88,57,98,41,93,64,44,0,0,0,0,0,1,0,1,0,1,Psychologist,Teacher,Civil Engineer
54,79,28,23,85,79,46,35,1,0,1,1,0,1,0,0,1,1,Architect,Data Scientist,Lawyer
48,100,25,82,24,49,70,52,1,0,0,0,1,1,1,0,1,1,Psychologist,Software Developer,Marketing Manager
47,71,26,78,61,53,49,100,0,1,0,1,0,0,1,0,0,1,Content Writer,Teacher,Architect
80,97,93,50,64,69,50,62,0,1,1,1,0,1,0,0,0,1,UX/UI Designer,Doctor,Architect
100,70,30,52,39,45,40,43,0,0,1,1,1,1,1,1,1,0,Financial Analyst,Digital Marketer,Graphic Designer
76,66,21,82,94,41,45,61,0,1,0,1,0,1,0,0,1,1,Marketing Manager,Mechanical Engineer,UX/UI Designer
32,39,86,71,78,91,23,94,0,0,1,0,0,0,1,1,1,0,UX/UI Designer,Mechanical Engineer,Content Writer
36,51,74,64,67,41,56,51,1,0,1,0,1,1,0,0,1,0,UX/UI Designer,Civil Engineer,Marketing Manager
46,80,77,94,49,37,34,90,0,1,1,0,1,0,1,1,0,0,Lawyer,Graphic Designer,Data Scientist
90,22,93,83,81,56,78,45,0,0,0,1,1,1,1,1,0,0,Digital Marketer,Architect,Financial Analyst
22,99,29,68,50,59,53,98,0,0,0,1,1,1,1,0,0,0,Architect,Digital Marketer,Doctor
91,32,71,28,72,20,72,97,1,1,1,0,1,1,1,1,0,0,Psychologist,Civil Engineer,Marketing Manager
92,24,36,31,55,32,50,99,1,1,1,0,0,1,0,1,0,1,Doctor,Civil Engineer,UX/UI Designer
36,38,66,24,84,78,57,50,1,0,1,1,0,1,0,0,1,0,Architect,Data Scientist,Psychologist
32,96,30,20,30,79,49,67,0,0,0,0,1,1,1,1,1,1,Graphic Designer,Civil Engineer,Teacher
59,50,87,24,52,83,68,59,0,0,0,1,0,0,1,0,0,0,Civil Engineer,Digital Marketer,Data Scientist
87,83,57,21,81,33,20,66,0,1,0,0,0,1,1,0,1,1,Teacher,UX/UI Designer,Mechanical Engineer
37,56,93,42,86,100,49,91,1,0,1,1,1,1,0,1,1,0,Lawyer,Content Writer,Doctor
33,64,95,90,65,54,67,41,0,1,1,1,1,1,0,1,0,0,Financial Analyst,Teacher,Marketing Manager
56,30,27,86,83,50,78,49,1,0,1,0,0,0,0,0,1,0,Mechanical Engineer,Financial Analyst,Digital Marketer
71,69,43,65,96,85,39,53,1,0,1,0,0,1,1,1,0,1,Psychologist,Architect,Mechanical Engineer
68,69,68,80,72,55,78,30,0,1,1,0,0,0,1,0,0,1,Marketing Manager,UX/UI Designer,Architect
52,26,59,61,83,58,85,65,1,1,0,0,1,0,1,0,0,0,Architect,Data Scientist,Software Developer
90,42,37,97,71,25,26,35,0,0,0,0,0,0,0,0,0,1,UX/UI Designer,Teacher,Lawyer
69,57,39,84,49,41,72,42,1,1,1,0,1,0,1,1,0,0,Psychologist,Civil Engineer,Mechanical Engineer
49,34,89,53,33,92,36,99,0,1,0,1,0,0,1,0,1,1,UX/UI Designer,Mechanical Engineer,Teacher
45,69,59,55,21,86,53,25,0,0,1,0,0,0,0,1,0,1,Civil Engineer,Graphic Designer,Architect
58,97,56,43,56,67,66,74,1,0,1,0,0,0,1,1,0,1,Doctor,Lawyer,Marketing Manager
65,24,20,83,64,73,100,38,1,0,1,0,0,0,0,1,0,0,Marketing Manager,Data Scientist,UX/UI Designer
99,31,90,72,69,100,63,91,0,0,0,1,0,1,1,1,1,1,Graphic Designer,Architect,Psychologist
89,30,71,25,48,52,80,61,0,1,0,0,1,1,1,1,0,0,Teacher,Civil Engineer,Financial Analyst
48,73,34,35,22,94,43,60,0,0,0,0,1,1,1,1,1,1,UX/UI Designer,Architect,Software Developer
60,95,25,84,50,28,50,65,1,1,1,1,1,1,0,0,0,0,Mechanical Engineer,Doctor,Graphic Designer
36,45,56,34,85,45,68,73,0,1,0,0,1,0,0,0,0,0,Content Writer,Graphic Designer,Doctor
41,87,41,79,80,85,60,21,0,1,1,0,1,0,0,0,0,1,Digital Marketer,Data Scientist,Teacher
27,41,58,32,45,72,23,95,1,1,1,1,0,1,0,0,1,1,Mechanical Engineer,Digital Marketer,UX/UI Designer
70,46,79,40,45,83,20,34,1,0,0,1,1,0,1,1,1,1,Civil Engineer,Financial Analyst,Data Scientist
88,20,41,27,85,49,28,49,1,0,1,1,0,1,0,0,0,0,Marketing Manager,Data Scientist,Civil Engineer
61,50,36,66,91,52,58,27,1,0,1,1,0,1,1,1,1,1,UX/UI Designer,Software Developer,Content Writer
51,74,59,42,82,57,22,73,0,1,0,0,1,1,1,0,1,1,Financial Analyst,Lawyer,Graphic Designer
52,56,77,53,63,65,85,97,1,0,1,0,1,0,0,1,1,0,Data Scientist,Teacher,Mechanical Engineer
49,96,90,64,83,86,33,95,0,1,0,1,0,0,0,0,1,0,Civil Engineer,UX/UI Designer,Graphic Designer
50,80,28,88,34,92,75,39,0,0,0,0,1,1,0,1,1,1,Data Scientist,Software Developer,Graphic Designer
59,27,98,48,54,88,69,83,0,0,0,1,1,0,0,1,1,1,Lawyer,Architect,UX/UI Designer
28,35,20,20,83,99,40,95,0,0,1,1,1,1,0,0,0,0,Lawyer,Civil Engineer,Mechanical Engineer
72,52,60,21,59,75,74,83,0,0,1,0,0,0,1,0,1,0,Civil Engineer,UX/UI Designer,Graphic Designer
77,64,24,74,65,56,84,60,1,0,0,0,1,0,0,0,1,0,Digital Marketer,Data Scientist,Psychologist
30,33,87,21,21,69,23,58,0,0,1,0,0,0,1,1,0,0,Civil Engineer,Lawyer,Financial Analyst
72,96,53,76,79,28,84,61,0,1,0,0,1,1,0,0,0,1,Graphic Designer,Data Scientist,Content Writer
70,91,38,87,49,86,63,98,1,0,0,0,1,0,1,1,0,1,Civil Engineer,Architect,UX/UI Designer
82,39,85,99,96,50,60,52,0,1,1,1,0,1,0,0,1,0,UX/UI Designer,Content Writer,Mechanical Engineer
46,23,100,24,33,48,54,68,0,1,0,1,0,0,0,0,0,1,Graphic Designer,Mechanical Engineer,Doctor
89,25,87,81,99,31,48,52,1,1,1,0,0,1,0,0,0,1,Financial Analyst,Marketing Manager,Doctor
20,83,81,24,24,64,40,36,0,1,1,0,0,1,0,1,0,1,Architect,Financial Analyst,Graphic Designer
60,34,25,94,82,98,37,34,1,1,1,0,0,1,0,0,1,1,UX/UI Designer,Financial Analyst,Teacher
25,46,87,53,74,44,33,93,0,0,1,0,0,1,0,0,0,0,Marketing Manager,Teacher,Content Writer
91,35,60,69,76,62,32,59,0,0,0,0,0,1,1,1,0,0,UX/UI Designer,Doctor,Psychologist
92,21,34,80,97,78,46,25,0,0,0,1,0,1,0,1,1,0,Content Writer,Mechanical Engineer,Digital Marketer
73,99,52,26,22,25,89,51,0,0,1,1,0,0,0,0,1,0,Lawyer,Teacher,UX/UI Designer
81,94,26,87,35,98,91,97,0,1,0,0,0,1,1,0,1,0,UX/UI Designer,Civil Engineer,Doctor
52,22,55,24,32,68,48,72,1,0,1,0,0,0,0,1,0,1,Digital Marketer,Architect,Content Writer
32,47,46,50,57,57,27,95,0,1,0,1,1,0,1,1,1,1,Software Developer,Digital Marketer,Content Writer
53,92,24,77,76,34,41,73,0,1,0,1,0,0,0,0,1,0,Mechanical Engineer,Civil Engineer,Software Developer
34,22,64,92,58,60,61,82,0,0,0,1,0,0,1,0,1,0,Content Writer,Civil Engineer,Lawyer
58,100,73,79,80,99,28,26,1,1,0,1,0,0,1,0,1,1,Mechanical Engineer,Digital Marketer,Data Scientist
62,95,24,86,63,36,72,90,1,0,1,0,1,1,1,1,0,0,Lawyer,UX/UI Designer,Doctor
66,62,100,35,63,30,46,36,1,1,1,0,0,1,1,1,0,1,Graphic Designer,Mechanical Engineer,Lawyer
79,28,65,51,64,23,95,52,0,1,1,0,0,1,0,1,1,1,Financial Analyst,Software Developer,Content Writer
35,41,38,63,91,63,29,46,1,0,0,0,1,0,1,0,0,1,Graphic Designer,Lawyer,Psychologist
46,81,67,82,75,69,63,84,0,1,1,0,1,1,0,1,0,0,Software Developer,Teacher,Digital Marketer
48,97,42,100,59,57,80,54,0,1,1,0,0,1,1,0,0,0,Digital Marketer,Graphic Designer,Software Developer
28,24,82,35,43,96,65,52,1,1,0,1,0,1,1,0,1,0,Digital Marketer,Mechanical Engineer,Teacher
33,49,55,61,21,79,32,38,0,1,1,0,0,1,1,0,0,1,Architect,Software Developer,Doctor
27,47,20,32,28,35,99,53,1,1,1,0,0,1,0,1,0,1,Mechanical Engineer,Architect,Content Writer
38,100,28,31,81,27,94,87,1,0,0,1,1,0,0,1,1,1,Psychologist,Mechanical Engineer,Architect
54,38,77,29,35,55,67,59,0,1,1,0,1,0,1,0,0,1,Architect,UX/UI Designer,Digital Marketer
64,52,61,28,79,99,91,76,1,0,1,0,0,1,1,0,1,0,Lawyer,Doctor,Civil Engineer
98,41,71,71,100,20,72,70,1,0,0,1,1,0,0,1,1,0,Psychologist,Doctor,Mechanical Engineer
30,73,68,34,42,38,50,90,0,1,0,1,0,0,1,1,1,0,Marketing Manager,Psychologist,Data Scientist
58,70,51,75,99,54,24,72,1,1,1,1,0,0,0,0,1,0,Marketing Manager,Lawyer,Content Writer
46,75,79,47,85,62,66,34,0,0,1,1,0,0,0,1,1,1,Graphic Designer,Content Writer,Data Scientist
22,86,76,89,99,33,34,77,0,1,0,1,1,1,0,1,1,0,Psychologist,Civil Engineer,Digital Marketer
50,76,26,74,33,87,83,70,1,0,0,1,0,1,0,1,0,1,Data Scientist,Architect,Marketing Manager
27,72,46,78,99,75,81,50,0,0,0,0,0,0,0,0,1,1,UX/UI Designer,Graphic Designer,Software Developer
88,75,26,30,75,37,98,77,0,1,0,0,0,1,1,0,0,0,Data Scientist,Architect,Content Writer
75,98,91,44,51,81,62,76,0,0,1,0,1,0,1,1,0,0,Content Writer,Data Scientist,Digital Marketer
30,69,20,71,67,32,26,55,1,0,1,1,0,1,1,1,1,0,Doctor,Lawyer,Architect
88,50,47,45,50,52,25,92,0,1,0,0,0,1,1,0,1,1,Digital Marketer,Mechanical Engineer,UX/UI Designer
97,26,62,58,66,30,72,46,0,0,0,1,0,0,0,0,1,0,Marketing Manager,Digital Marketer,UX/UI Designer
50,32,98,73,60,98,29,100,1,0,0,1,1,0,0,1,1,1,Civil Engineer,Content Writer,Marketing Manager
96,28,45,74,61,65,56,89,0,0,0,0,1,1,1,0,0,0,Software Developer,Financial Analyst,Doctor
45,54,55,21,74,85,68,54,0,1,0,1,1,1,0,1,1,1,Marketing Manager,Doctor,Data Scientist
76,23,71,48,35,30,88,83,0,1,1,1,1,0,1,1,0,1,Teacher,Content Writer,Marketing Manager
100,24,43,29,96,94,91,87,0,1,1,0,1,0,0,1,0,1,Doctor,Data Scientist,Financial Analyst
57,73,20,20,63,30,39,32,0,1,1,0,1,1,1,1,0,0,UX/UI Designer,Software Developer,Doctor
44,30,96,88,24,67,70,61,1,0,0,1,0,0,1,1,0,1,Lawyer,Data Scientist,Mechanical Engineer
26,99,45,34,47,82,88,39,0,1,1,0,1,0,1,1,1,1,Doctor,Lawyer,Mechanical Engineer
46,74,59,53,87,47,83,41,1,1,0,1,1,0,1,0,1,0,Psychologist,Data Scientist,Teacher
58,75,37,75,52,98,59,84,1,0,0,1,1,0,1,0,1,1,Digital Marketer,Teacher,Architect
33,72,48,32,98,47,85,73,1,1,1,0,1,0,1,1,0,1,Doctor,Civil Engineer,Teacher
55,41,71,21,51,100,40,85,0,0,0,1,0,1,1,1,0,0,Lawyer,Software Developer,Graphic Designer
79,27,24,100,96,57,100,57,0,1,0,0,0,0,0,1,1,0,Digital Marketer,UX/UI Designer,Graphic Designer
48,50,98,22,52,91,33,79,1,0,0,0,0,1,1,0,1,1,Content Writer,Doctor,Financial Analyst
95,37,100,68,58,62,41,99,1,0,1,1,0,1,1,0,1,1,Content Writer,Architect,Lawyer
29,85,32,74,50,95,100,44,1,0,0,1,1,0,1,0,0,1,Digital Marketer,UX/UI Designer,Doctor
48,89,69,90,49,88,74,41,0,1,0,0,0,1,0,1,0,1,Teacher,Financial Analyst,Graphic Designer
71,51,41,77,46,66,78,40,1,0,0,0,1,0,0,1,1,0,Civil Engineer,Lawyer,Financial Analyst
95,44,60,33,24,46,68,95,0,1,1,0,1,0,0,1,1,1,UX/UI Designer,Civil Engineer,Financial Analyst
76,22,72,20,52,59,54,44,1,1,0,1,0,1,1,0,0,0,Psychologist,Marketing Manager,Data Scientist
100,39,70,84,23,91,41,77,1,1,0,1,1,0,1,1,1,0,Teacher,Marketing Manager,UX/UI Designer
45,98,75,31,45,44,60,99,0,1,0,0,1,0,0,1,0,0,Marketing Manager,Digital Marketer,Content Writer
41,94,66,67,58,56,35,84,0,1,1,0,1,1,1,1,0,0,Financial Analyst,Graphic Designer,Marketing Manager
35,53,47,34,95,28,20,59,1,1,1,1,0,1,0,1,0,0,Content Writer,Civil Engineer,Marketing Manager
54,78,63,84,92,59,32,40,1,0,0,0,1,0,1,1,0,0,Marketing Manager,Financial Analyst,Software Developer
91,41,47,77,75,65,27,50,0,1,0,0,0,1,0,0,1,0,Architect,Teacher,Content Writer
92,36,74,48,65,29,74,59,0,1,1,1,0,0,0,1,0,1,UX/UI Designer,Financial Analyst,Software Developer
34,92,35,86,35,57,28,31,0,1,0,0,1,1,0,1,1,1,Civil Engineer,Lawyer,Doctor
88,33,88,95,30,20,87,21,0,1,1,1,0,0,1,1,0,1,Financial Analyst,Content Writer,Civil Engineer
60,29,83,46,74,46,53,56,1,0,1,1,1,1,0,1,0,0,Marketing Manager,Architect,Data Scientist
66,58,87,39,45,72,83,70,0,1,0,1,0,1,0,0,0,1,Graphic Designer,Teacher,Mechanical Engineer
42,83,60,85,27,95,84,47,1,0,0,1,0,1,0,1,0,0,Architect,Graphic Designer,Psychologist
70,84,78,25,33,77,30,92,1,0,1,0,1,1,1,0,0,1,Financial Analyst,UX/UI Designer,Software Developer
62,91,69,27,72,71,31,78,1,1,1,0,1,0,1,0,0,1,Financial Analyst,Civil Engineer,Data Scientist
48,46,74,57,21,94,40,39,0,0,0,0,0,1,0,0,1,1,Financial Analyst,Content Writer,Architect
96,88,29,42,88,87,56,57,1,0,0,1,0,0,0,0,0,1,UX/UI Designer,Digital Marketer,Content Writer
72,51,30,90,89,77,95,81,1,0,1,0,1,0,1,1,1,1,UX/UI Designer,Software Developer,Lawyer
50,70,45,38,88,26,41,93,0,1,0,0,0,0,0,0,0,0,Digital Marketer,Data Scientist,Lawyer
48,80,98,27,42,26,28,34,1,0,0,0,1,1,1,1,1,1,Content Writer,Software Developer,Teacher
41,49,28,93,53,97,68,48,0,0,0,1,0,1,0,0,1,0,Software Developer,Marketing Manager,Content Writer
74,69,69,98,41,26,83,89,1,0,1,0,1,1,0,0,1,1,Teacher,Financial Analyst,Mechanical Engineer
100,61,49,43,70,85,43,80,1,1,0,0,1,1,1,0,0,0,Data Scientist,Digital Marketer,Content Writer
86,81,94,49,66,50,26,24,0,0,1,0,0,0,1,0,1,1,Software Developer,Marketing Manager,Graphic Designer
29,79,34,36,38,58,29,34,0,0,0,1,0,0,1,0,0,1,Lawyer,Data Scientist,Graphic Designer
42,44,48,99,41,51,75,36,0,1,1,0,1,0,0,1,0,0,Psychologist,Financial Analyst,Marketing Manager
32,64,21,68,38,80,92,57,0,1,0,1,0,1,0,1,1,1,Financial Analyst,Mechanical Engineer,UX/UI Designer
32,40,48,58,66,42,62,47,1,0,1,1,0,1,1,1,0,1,Civil Engineer,Financial Analyst,Digital Marketer
20,60,70,66,34,47,90,92,0,0,0,1,0,0,0,0,1,0,Architect,Mechanical Engineer,Doctor
62,24,26,24,38,58,80,48,1,0,1,1,1,0,0,1,0,1,Graphic Designer,Marketing Manager,Financial Analyst
47,34,65,40,43,24,34,42,1,1,0,0,0,1,0,0,1,1,Civil Engineer,Architect,Teacher
47,40,73,82,86,64,29,27,0,1,0,1,1,0,0,0,1,0,Architect,Software Developer,Data Scientist
63,29,31,35,77,83,73,81,0,0,1,0,1,0,0,0,1,1,Graphic Designer,Doctor,UX/UI Designer
42,55,90,88,81,28,66,95,0,0,1,1,0,0,0,0,1,0,Software Developer,Lawyer,Financial Analyst
50,52,41,38,100,27,32,22,1,0,0,0,1,0,1,0,1,1,Doctor,Mechanical Engineer,Psychologist
76,59,86,30,43,68,28,22,0,1,0,1,1,0,0,1,1,1,Marketing Manager,Digital Marketer,Software Developer
67,54,77,26,96,37,23,25,0,1,0,0,0,1,0,1,0,1,Mechanical Engineer,Teacher,Financial Analyst
36,21,63,80,31,22,91,50,1,1,0,1,1,1,1,0,0,1,Teacher,Lawyer,Civil Engineer
87,85,25,52,70,96,26,53,1,1,0,0,0,1,1,1,0,0,Data Scientist,Lawyer,Teacher
76,66,75,26,33,22,45,89,0,1,0,0,0,1,1,1,1,0,Content Writer,Mechanical Engineer,Doctor
20,61,80,25,65,20,93,31,1,1,1,1,0,1,1,1,0,1,Civil Engineer,Mechanical Engineer,Content Writer
52,25,34,87,56,75,52,47,1,1,0,1,0,0,0,0,0,0,Financial Analyst,Doctor,Teacher
31,82,69,86,66,30,92,44,1,1,0,0,0,0,0,0,0,0,Data Scientist,Architect,Psychologist
35,46,82,43,90,75,25,83,1,1,1,0,1,0,1,0,0,0,Mechanical Engineer,Data Scientist,Graphic Designer
85,38,40,58,94,64,42,62,0,0,1,1,0,0,1,1,1,0,Software Developer,Doctor,Mechanical Engineer
91,30,90,49,96,88,22,62,1,1,0,1,1,0,0,0,0,0,Lawyer,Content Writer,Psychologist
94,84,96,29,54,58,80,40,0,1,0,1,0,0,0,1,0,0,Software Developer,Architect,Mechanical Engineer
65,78,43,36,90,34,87,79,1,0,1,0,0,0,0,0,0,1,Graphic Designer,Digital Marketer,Architect
28,20,37,47,43,66,97,27,1,0,0,0,0,0,1,1,1,0,Financial Analyst,Marketing Manager,Mechanical Engineer
24,40,36,93,47,65,69,37,1,0,1,1,0,0,1,1,0,1,Software Developer,Financial Analyst,Marketing Manager
60,97,41,63,84,53,36,75,0,0,0,1,0,1,0,0,0,1,Lawyer,Teacher,Psychologist
65,77,58,66,80,23,93,91,0,1,1,1,1,0,0,0,0,1,Teacher,Marketing Manager,Mechanical Engineer
28,72,58,32,24,56,23,81,1,1,1,0,0,0,1,1,1,1,Teacher,Graphic Designer,Architect
50,64,28,85,85,49,43,29,1,1,1,1,0,1,0,0,0,1,Lawyer,Digital Marketer,Marketing Manager
76,21,47,49,46,43,35,24,0,1,1,0,0,1,0,0,0,0,Teacher,Software Developer,Architect
40,95,36,34,81,91,74,60,0,1,1,0,0,0,1,0,1,1,Data Scientist,Digital Marketer,Architect
75,38,86,37,62,21,30,79,0,0,0,0,0,1,0,0,0,1,Teacher,Mechanical Engineer,Graphic Designer
64,35,25,34,78,85,95,73,1,0,1,0,1,1,1,0,0,1,Marketing Manager,Teacher,Graphic Designer
27,51,21,22,79,38,43,73,0,0,0,1,0,1,0,0,0,1,Civil Engineer,Graphic Designer,Mechanical Engineer
25,25,76,41,31,28,67,52,1,1,1,1,0,1,1,0,1,0,Architect,Lawyer,Doctor
75,76,57,53,96,68,38,45,0,1,0,0,1,1,0,1,0,1,Teacher,Graphic Designer,Doctor
54,33,51,45,27,83,78,59,0,1,1,0,0,0,1,1,0,0,Lawyer,Content Writer,Doctor
70,52,67,60,61,49,92,30,1,0,1,1,1,0,0,0,0,0,Content Writer,Marketing Manager,Architect
92,59,84,80,68,24,96,77,0,1,1,0,0,0,1,1,0,0,Architect,Data Scientist,Financial Analyst
36,42,90,68,22,67,50,46,1,1,0,1,0,1,1,0,0,0,Software Developer,Marketing Manager,Lawyer
86,71,53,70,55,62,23,38,1,1,1,0,0,1,1,0,1,0,Software Developer,Civil Engineer,Marketing Manager
75,36,97,92,73,79,30,33,0,0,1,1,0,1,1,0,0,0,Teacher,Marketing Manager,Graphic Designer
90,94,37,29,74,25,43,47,0,0,1,1,1,0,1,1,0,0,Graphic Designer,Financial Analyst,Doctor
60,88,30,21,74,91,91,39,1,1,1,1,1,1,1,0,0,1,Digital Marketer,Teacher,Civil Engineer
23,64,56,68,30,56,68,75,1,0,1,0,0,0,0,1,1,0,Financial Analyst,Graphic Designer,Data Scientist
76,66,27,65,95,46,58,76,1,1,0,0,1,0,0,1,0,1,Teacher,Civil Engineer,Lawyer
83,98,44,45,84,70,65,50,0,0,0,0,0,1,1,0,0,0,Teacher,Data Scientist,Psychologist
41,76,27,86,75,68,50,89,1,1,0,0,1,0,1,1,0,1,Mechanical Engineer,Software Developer,Psychologist
100,30,66,84,80,86,60,26,1,1,0,0,0,0,0,1,0,0,Software Developer,Mechanical Engineer,Architect
72,78,88,28,35,42,54,100,1,0,0,0,0,0,1,0,0,0,Mechanical Engineer,Lawyer,Civil Engineer
87,48,51,78,74,77,69,51,0,1,0,0,1,0,0,1,1,0,Mechanical Engineer,Data Scientist,Teacher
67,99,66,38,41,54,25,67,0,0,0,1,0,1,0,0,1,0,Architect,Psychologist,UX/UI Designer
45,25,74,23,29,98,92,27,0,0,1,1,0,0,1,0,0,0,Doctor,Financial Analyst,Lawyer
90,50,56,94,85,88,58,49,1,0,0,1,1,0,0,1,1,0,Marketing Manager,Architect,Teacher
96,71,23,66,40,86,43,41,1,0,0,0,0,1,0,0,1,1,Digital Marketer,Lawyer,Content Writer
80,90,36,31,53,82,56,55,1,1,1,0,0,1,0,1,1,1,Financial Analyst,Marketing Manager,Teacher
63,34,78,80,79,55,44,55,1,1,1,0,0,1,1,1,1,0,Graphic Designer,Digital Marketer,Financial Analyst
78,47,29,72,92,86,71,85,0,1,1,1,1,0,0,1,0,0,Civil Engineer,Lawyer,Graphic Designer
57,49,85,71,27,43,95,58,1,1,1,1,1,0,1,1,1,0,Financial Analyst,Mechanical Engineer,Psychologist
34,44,26,100,34,79,69,53,0,1,1,1,1,1,1,0,0,1,Graphic Designer,Psychologist,Doctor
95,26,28,32,81,100,60,60,1,1,1,1,0,0,0,1,1,0,Content Writer,Doctor,Teacher
70,24,69,78,66,89,53,77,0,0,1,0,1,0,0,1,1,1,Architect,Teacher,Mechanical Engineer
38,48,46,94,96,35,38,80,1,0,0,0,0,0,1,1,0,1,Civil Engineer,Data Scientist,Graphic Designer
34,71,57,62,83,39,83,86,1,1,0,0,0,0,1,1,0,1,Civil Engineer,UX/UI Designer,Mechanical Engineer
43,91,92,32,84,31,29,54,1,0,1,1,0,1,1,1,0,0,Data Scientist,Doctor,Psychologist
90,62,69,71,49,57,93,83,0,1,0,1,0,0,0,1,0,1,Psychologist,Financial Analyst,Graphic Designer
74,61,63,75,89,34,42,99,0,1,0,1,1,0,0,1,0,1,Mechanical Engineer,Software Developer,Data Scientist
78,76,93,56,88,100,43,35,1,0,1,1,1,0,0,1,0,0,Data Scientist,Architect,Lawyer
91,78,35,49,90,21,82,98,1,0,1,0,1,1,0,0,0,1,Teacher,Architect,UX/UI Designer
97,71,77,90,68,49,53,83,0,1,0,0,0,0,1,1,0,0,Software Developer,Teacher,Psychologist
93,91,62,55,87,42,20,53,1,0,1,0,0,0,0,1,0,0,Software Developer,Content Writer,Psychologist
55,29,72,41,32,43,57,92,1,1,0,1,0,0,1,1,0,0,Civil Engineer,UX/UI Designer,Doctor
29,65,61,54,85,89,98,49,1,1,1,1,0,1,1,1,0,1,Data Scientist,Teacher,Civil Engineer
98,28,96,36,47,79,39,51,0,1,0,1,0,1,0,0,0,1,Psychologist,Data Scientist,Mechanical Engineer
23,66,62,72,58,66,79,43,0,0,1,0,0,0,0,1,0,1,Teacher,Marketing Manager,Doctor
59,77,40,58,82,21,51,30,1,1,1,1,1,0,1,1,0,1,Graphic Designer,Doctor,Psychologist
49,57,70,31,27,42,30,24,0,0,0,0,1,0,0,1,1,1,Data Scientist,Doctor,Teacher
41,89,22,32,32,50,22,45,1,1,0,1,0,1,0,0,1,0,Psychologist,Content Writer,Data Scientist
37,58,92,70,45,78,85,78,1,1,0,1,1,0,0,0,0,0,Mechanical Engineer,Lawyer,Data Scientist
62,58,43,38,59,81,43,77,0,1,1,1,0,0,1,1,0,1,Psychologist,Graphic Designer,Marketing Manager
84,33,28,84,52,40,56,73,0,1,1,0,0,0,1,1,0,1,Doctor,Teacher,Software Developer
98,67,100,98,70,93,21,27,0,1,0,1,0,1,0,0,0,1,Marketing Manager,Teacher,Civil Engineer
75,65,78,83,74,92,42,82,0,1,0,1,0,1,0,1,0,1,Architect,Teacher,Marketing Manager
91,46,70,78,49,50,34,33,0,0,0,1,1,1,1,0,1,1,Financial Analyst,Software Developer,UX/UI Designer
78,39,69,84,32,100,37,72,0,1,1,1,0,1,0,0,0,1,Civil Engineer,Graphic Designer,Financial Analyst
36,74,62,30,43,32,84,77,1,0,1,0,1,1,1,0,1,1,Data Scientist,Civil Engineer,Lawyer
65,50,100,85,25,42,36,38,1,0,1,1,1,0,1,0,0,1,Digital Marketer,Architect,Software Developer
83,24,46,49,33,65,76,78,1,1,0,1,0,1,1,1,1,0,Marketing Manager,Lawyer,Digital Marketer
68,82,77,53,97,45,99,90,1,1,0,1,1,0,0,1,1,1,Software Developer,Financial Analyst,Marketing Manager
39,91,63,25,95,50,91,48,0,0,0,1,0,0,1,1,1,0,Content Writer,Financial Analyst,Psychologist
37,41,57,91,71,86,34,90,0,1,1,1,1,1,1,0,0,0,Psychologist,Software Developer,Mechanical Engineer
62,87,31,28,41,45,85,76,0,1,1,0,1,0,0,0,1,1,Software Developer,Content Writer,Architect
100,74,96,69,28,99,55,36,1,0,0,1,1,1,0,1,1,1,Architect,Marketing Manager,Digital Marketer
32,46,80,61,41,99,59,90,0,0,0,1,0,1,0,0,1,1,Data Scientist,Teacher,Lawyer
22,40,38,95,26,87,69,67,1,1,0,0,1,0,1,1,1,0,Civil Engineer,Graphic Designer,Content Writer
72,97,47,57,67,39,65,39,0,1,0,1,0,0,1,1,1,1,Data Scientist,Architect,Mechanical Engineer
90,94,55,46,27,56,98,57,1,1,0,1,0,0,1,1,1,0,Content Writer,Civil Engineer,Digital Marketer
84,49,21,61,49,75,73,53,0,0,1,1,1,1,0,1,1,0,Graphic Designer,Marketing Manager,Financial Analyst
49,91,65,75,26,89,55,85,0,0,1,1,0,0,1,1,1,0,Financial Analyst,Doctor,Software Developer
52,79,32,90,87,48,99,55,0,0,1,0,0,1,0,0,0,1,Software Developer,Lawyer,Digital Marketer
53,73,89,75,99,25,81,98,1,1,1,1,1,1,0,0,1,0,Architect,Data Scientist,Psychologist
74,43,68,25,64,96,53,71,1,0,1,0,0,1,0,0,0,0,Content Writer,Financial Analyst,Civil Engineer
94,56,22,92,40,86,54,92,0,1,1,0,0,0,1,1,0,1,Architect,Data Scientist,Civil Engineer
100,31,97,82,62,100,99,29,1,1,1,0,1,0,0,1,0,1,Data Scientist,Architect,Digital Marketer
99,98,99,87,60,61,82,66,1,0,1,1,0,0,0,0,0,1,UX/UI Designer,Civil Engineer,Content Writer
54,84,67,74,31,99,78,93,0,0,1,1,0,0,1,0,0,1,Teacher,Civil Engineer,Graphic Designer
30,30,53,81,37,76,22,27,0,0,0,1,1,1,1,1,1,1,Graphic Designer,Financial Analyst,Digital Marketer
69,54,87,55,50,79,43,74,0,0,1,1,0,0,1,1,0,0,Marketing Manager,UX/UI Designer,Mechanical Engineer
92,62,65,52,95,65,53,63,0,1,1,0,1,0,1,0,1,1,Software Developer,Architect,Content Writer
51,78,23,59,25,83,93,24,0,0,1,0,0,0,0,0,0,0,Psychologist,Financial Analyst,Marketing Manager
100,56,68,54,31,61,67,69,0,0,1,1,0,1,1,1,1,0,Architect,UX/UI Designer,Data Scientist
68,28,58,92,64,27,84,81,0,1,1,0,0,1,0,1,1,0,Content Writer,Psychologist,Digital Marketer
60,36,72,76,84,65,86,64,0,0,1,0,1,0,0,0,1,1,Marketing Manager,Civil Engineer,UX/UI Designer
48,58,50,84,95,44,51,33,1,0,0,0,0,1,0,1,1,0,UX/UI Designer,Civil Engineer,Teacher
37,46,74,42,35,57,93,50,0,0,1,1,0,1,0,0,1,0,Architect,Content Writer,Doctor
31,59,22,51,42,98,73,72,0,1,1,0,0,1,1,1,0,0,Civil Engineer,Psychologist,Graphic Designer
71,77,52,62,80,31,48,84,1,0,1,0,0,0,0,1,1,1,Marketing Manager,Architect,Psychologist
99,34,30,44,84,26,66,79,0,0,0,0,0,0,0,1,0,0,Psychologist,Graphic Designer,Data Scientist
74,58,79,27,44,40,28,78,0,1,1,0,0,0,0,1,1,1,Data Scientist,Psychologist,Software Developer
91,80,28,79,64,25,96,82,0,1,0,1,1,1,0,0,1,0,Marketing Manager,Teacher,Content Writer
23,95,42,81,60,51,79,87,0,1,1,1,0,0,1,1,1,0,Doctor,Content Writer,Data Scientist
66,80,69,72,96,91,66,29,0,1,0,1,0,0,1,0,1,0,Digital Marketer,Marketing Manager,Data Scientist
79,31,73,57,34,77,33,87,0,0,1,0,1,0,0,1,0,1,Graphic Designer,UX/UI Designer,Financial Analyst
23,90,99,67,33,56,68,22,0,1,0,1,0,0,1,1,0,1,UX/UI Designer,Civil Engineer,Graphic Designer
42,38,92,75,81,87,30,70,0,1,0,1,1,1,0,0,0,0,Teacher,Architect,Content Writer
86,71,55,90,89,47,66,41,0,1,0,0,1,0,0,0,1,1,UX/UI Designer,Financial Analyst,Data Scientist
50,97,45,90,31,24,77,22,0,1,1,1,0,0,1,0,0,0,Lawyer,Software Developer,UX/UI Designer
94,40,59,42,84,87,41,88,1,1,0,0,0,0,0,0,1,1,Doctor,Software Developer,Lawyer
86,57,47,62,35,89,88,93,1,1,1,1,1,1,1,1,0,1,Psychologist,Financial Analyst,Architect
81,46,81,65,70,49,26,89,1,1,1,0,0,1,1,0,0,1,Doctor,Software Developer,Psychologist
47,66,22,74,71,83,22,64,0,1,0,0,1,0,1,1,1,0,Psychologist,Software Developer,Digital Marketer
90,34,61,86,80,76,35,97,1,1,0,0,0,1,0,0,1,1,Mechanical Engineer,Lawyer,Data Scientist
82,45,61,50,79,55,52,30,1,0,0,1,1,1,1,0,0,1,Graphic Designer,Digital Marketer,Mechanical Engineer
99,70,96,31,49,38,24,90,0,0,1,1,1,0,0,0,0,0,Financial Analyst,Marketing Manager,Doctor
79,20,87,41,29,81,77,65,0,1,0,1,1,0,1,0,1,1,Architect,Graphic Designer,Data Scientist
92,30,90,30,41,58,85,31,0,0,0,0,0,1,1,0,1,0,Civil Engineer,UX/UI Designer,Psychologist
35,33,35,60,35,69,98,84,0,0,0,0,1,0,0,0,0,0,Doctor,Teacher,Civil Engineer
86,68,27,92,27,69,70,65,0,1,0,1,0,0,1,1,1,0,Data Scientist,Digital Marketer,Financial Analyst
83,47,42,42,69,81,76,42,1,1,1,0,0,1,0,0,0,1,UX/UI Designer,Content Writer,Civil Engineer
52,87,28,67,46,41,30,98,0,0,1,0,0,0,1,0,0,1,Marketing Manager,UX/UI Designer,Digital Marketer
43,80,40,74,79,77,43,66,1,1,1,0,1,0,0,1,0,1,Graphic Designer,Data Scientist,Digital Marketer
75,65,50,58,25,100,91,90,1,0,1,1,0,0,0,0,0,0,Content Writer,Lawyer,Financial Analyst
90,28,97,63,69,35,69,82,0,1,1,1,1,1,1,1,1,0,Doctor,Lawyer,Mechanical Engineer
42,71,44,58,31,43,35,47,1,1,1,0,1,1,0,0,0,1,UX/UI Designer,Lawyer,Content Writer
23,64,90,59,69,81,56,33,1,0,0,1,1,1,1,0,1,0,Teacher,UX/UI Designer,Content Writer
48,62,88,71,99,22,70,70,0,0,1,0,1,1,0,1,1,0,Digital Marketer,Teacher,Architect
47,46,96,23,61,43,90,67,0,1,0,1,1,0,1,0,1,1,Data Scientist,Architect,Software Developer
21,79,50,41,74,72,66,95,0,1,1,1,0,0,1,0,1,1,UX/UI Designer,Doctor,Data Scientist
93,85,41,64,58,54,68,65,1,0,0,0,0,0,0,0,0,1,UX/UI Designer,Digital Marketer,Content Writer
21,68,71,99,96,25,86,58,0,0,0,1,1,1,1,0,1,1,Graphic Designer,Financial Analyst,Marketing Manager
21,41,67,43,83,55,79,45,1,0,0,1,0,0,1,1,1,1,Content Writer,Data Scientist,Mechanical Engineer
68,61,25,35,82,35,100,95,0,1,1,1,0,1,0,0,1,1,Digital Marketer,Psychologist,Architect
78,25,35,75,92,44,39,71,1,1,0,0,0,1,0,0,0,1,UX/UI Designer,Financial Analyst,Civil Engineer
43,23,82,26,55,51,21,80,0,0,0,1,0,0,0,0,0,0,Marketing Manager,Software Developer,Content Writer
44,74,75,75,28,54,28,69,1,1,0,1,1,1,1,0,0,1,Marketing Manager,Civil Engineer,Content Writer
26,86,46,85,84,29,75,59,0,0,0,1,1,0,1,1,0,0,Architect,Mechanical Engineer,Content Writer
43,51,94,91,58,92,74,74,1,1,0,0,1,1,1,0,0,0,Teacher,Psychologist,Doctor
79,83,65,89,28,51,71,91,1,1,1,1,1,1,1,0,1,1,Architect,Lawyer,Mechanical Engineer
65,37,25,77,62,60,90,48,1,0,0,1,1,0,1,0,1,0,Teacher,Marketing Manager,Civil Engineer
39,25,34,32,86,29,49,24,1,0,0,0,0,0,1,0,0,1,Architect,Digital Marketer,Marketing Manager
81,67,22,50,68,54,94,60,1,0,0,0,0,0,0,1,0,1,Data Scientist,Digital Marketer,Graphic Designer
35,80,67,42,48,77,49,64,1,0,0,0,1,1,1,1,1,1,Marketing Manager,Software Developer,Content Writer
95,91,71,25,28,61,85,95,0,1,1,1,0,0,1,1,0,1,Digital Marketer,Teacher,Doctor
54,35,36,77,94,20,45,61,1,1,0,1,0,1,0,1,1,0,Doctor,UX/UI Designer,Graphic Designer
49,29,96,32,93,29,51,67,0,0,0,0,1,1,1,0,1,1,Doctor,Mechanical Engineer,Data Scientist
87,28,43,39,71,30,50,25,0,0,1,0,0,1,1,1,1,0,Doctor,Marketing Manager,Data Scientist
86,74,96,59,48,65,46,38,1,1,0,0,1,1,0,0,1,1,Digital Marketer,Software Developer,Civil Engineer
56,66,66,88,48,55,45,37,1,1,1,0,1,1,1,1,1,1,Data Scientist,Lawyer,Digital Marketer
64,37,38,40,64,61,90,79,1,0,0,0,0,1,0,1,0,1,Teacher,Mechanical Engineer,Software Developer
43,58,83,93,82,58,68,53,0,0,0,1,0,1,0,1,0,1,Content Writer,Psychologist,Marketing Manager
57,39,61,32,80,73,63,23,0,0,0,1,1,0,0,0,0,1,Software Developer,Content Writer,Lawyer
30,56,51,65,57,31,98,71,0,0,0,0,0,1,1,1,0,1,Psychologist,Mechanical Engineer,Architect
48,46,52,89,57,98,90,44,0,1,1,1,0,0,1,0,1,1,Software Developer,Civil Engineer,UX/UI Designer
83,90,92,46,38,78,89,41,1,1,0,1,1,1,1,1,1,0,Software Developer,Psychologist,Doctor
64,77,89,71,59,47,76,75,1,0,0,1,0,0,0,1,1,1,Civil Engineer,Mechanical Engineer,Digital Marketer
61,38,71,65,33,48,79,49,0,1,1,0,0,1,1,0,0,0,Digital Marketer,Content Writer,Architect
37,30,100,71,42,100,87,20,0,0,1,0,1,1,0,0,1,0,Financial Analyst,Mechanical Engineer,Teacher
90,34,97,27,20,20,58,68,0,0,0,0,0,0,1,1,1,1,Lawyer,Software Developer,UX/UI Designer
57,77,44,77,61,64,63,58,1,1,1,0,1,0,0,0,0,0,Psychologist,Lawyer,Graphic Designer
78,93,39,95,96,23,39,68,0,1,1,0,1,1,0,0,1,0,Financial Analyst,Content Writer,Marketing Manager
34,33,27,75,44,38,99,53,0,1,1,1,0,0,1,1,1,0,Graphic Designer,UX/UI Designer,Doctor
27,38,100,38,25,61,37,54,1,1,1,0,1,1,0,0,1,1,Financial Analyst,Marketing Manager,Teacher
70,86,100,49,70,44,78,67,0,0,0,0,1,1,1,1,1,1,Mechanical Engineer,Lawyer,Architect
63,74,84,40,38,20,77,56,1,0,1,0,0,1,0,0,0,1,Software Developer,Architect,Civil Engineer
36,41,29,95,83,80,43,43,1,1,0,0,0,1,0,1,1,1,Graphic Designer,Data Scientist,Digital Marketer
92,42,27,73,37,81,70,70,1,0,0,0,0,0,1,1,0,1,Architect,Graphic Designer,Digital Marketer
70,66,90,58,79,97,48,69,1,1,0,0,0,1,1,1,0,1,Financial Analyst,Data Scientist,Architect
79,61,82,49,37,31,98,75,0,1,0,1,0,1,0,0,1,0,Software Developer,Teacher,Data Scientist
73,38,89,64,48,45,32,55,0,0,1,1,1,1,1,0,1,0,Marketing Manager,Graphic Designer,Psychologist
76,39,22,64,76,54,84,61,1,0,0,0,0,0,1,0,0,0,Doctor,Teacher,Data Scientist
34,22,65,55,80,76,93,85,0,1,1,1,1,0,0,1,1,1,Civil Engineer,Data Scientist,Software Developer
82,66,31,34,53,64,24,64,0,0,0,1,0,1,0,0,0,0,Mechanical Engineer,Teacher,Content Writer
84,88,44,87,96,20,96,83,0,1,1,1,1,1,1,0,0,0,Financial Analyst,Marketing Manager,Lawyer
69,34,93,35,24,32,80,86,1,1,1,1,1,0,0,0,1,0,UX/UI Designer,Graphic Designer,Doctor
49,61,95,62,25,56,49,62,1,1,0,0,0,0,0,1,0,0,Lawyer,Architect,Financial Analyst
53,32,51,64,83,73,92,85,0,1,1,1,0,0,1,1,1,1,Data Scientist,Financial Analyst,Psychologist
90,41,90,51,70,48,38,29,0,0,1,1,0,0,0,0,1,0,Content Writer,Software Developer,Mechanical Engineer
67,81,38,49,73,34,55,41,1,1,0,0,0,0,0,0,1,1,Lawyer,Civil Engineer,Psychologist
74,63,25,79,64,82,35,75,0,1,0,0,0,0,1,0,0,1,Architect,Content Writer,UX/UI Designer
85,100,57,52,22,25,85,55,1,0,1,0,0,1,0,0,0,1,Content Writer,Psychologist,Architect
67,93,37,35,93,51,70,69,1,1,0,1,0,1,1,1,1,1,Data Scientist,Graphic Designer,UX/UI Designer
99,28,68,80,67,34,89,82,1,0,0,0,0,1,0,0,0,0,UX/UI Designer,Psychologist,Doctor
90,89,47,41,45,78,76,95,1,1,0,1,1,0,0,0,1,1,Mechanical Engineer,Software Developer,Architect
83,20,82,61,86,21,56,56,0,0,0,0,0,0,1,0,1,0,Psychologist,Digital Marketer,Financial Analyst
68,46,54,23,83,31,32,72,0,0,1,0,0,0,1,1,1,0,Graphic Designer,Architect,Teacher
49,71,83,88,53,92,48,69,0,0,0,0,1,0,1,0,0,0,Doctor,Lawyer,Architect
85,20,93,79,56,27,21,88,1,1,1,1,0,1,1,0,1,1,Civil Engineer,Doctor,Teacher
29,54,24,52,32,63,56,100,1,0,1,1,1,0,1,1,0,0,Psychologist,Digital Marketer,Mechanical Engineer
99,50,67,31,99,96,61,61,1,0,0,1,1,1,1,1,0,1,Psychologist,Teacher,Civil Engineer
37,50,29,79,29,50,40,73,0,0,1,1,1,1,0,0,0,0,Architect,UX/UI Designer,Graphic Designer
53,63,70,59,48,99,93,46,1,1,0,1,0,0,0,0,1,1,UX/UI Designer,Psychologist,Mechanical Engineer
85,20,38,90,89,79,75,57,1,0,0,0,1,0,1,0,0,1,Digital Marketer,Psychologist,UX/UI Designer
78,39,64,87,96,84,90,23,1,0,0,1,1,0,0,0,1,1,Content Writer,Civil Engineer,Mechanical Engineer
43,22,28,52,26,61,55,67,0,0,0,1,0,1,1,0,1,1,Lawyer,Content Writer,Financial Analyst
67,85,69,38,46,96,31,78,0,1,0,1,0,0,0,1,0,1,Psychologist,Digital Marketer,Graphic Designer
72,27,67,86,26,72,62,51,1,0,0,0,1,0,0,0,1,1,UX/UI Designer,Data Scientist,Lawyer
45,78,32,84,76,88,80,69,0,1,0,1,1,0,1,0,0,1,Lawyer,Content Writer,Marketing Manager
75,90,58,39,98,35,89,62,0,1,0,0,1,1,1,1,1,1,Mechanical Engineer,Graphic Designer,Digital Marketer
24,88,25,42,40,38,74,46,0,0,0,0,1,1,0,0,0,0,Mechanical Engineer,Civil Engineer,Lawyer
95,75,70,49,65,41,22,75,1,0,0,1,0,0,0,0,0,1,Graphic Designer,Mechanical Engineer,Architect
81,86,73,57,96,77,58,97,0,1,0,1,0,1,1,0,0,0,Civil Engineer,Financial Analyst,Content Writer
34,35,82,45,34,70,55,43,0,1,0,0,1,0,1,1,0,0,Teacher,UX/UI Designer,Digital Marketer
27,82,35,23,22,37,69,99,0,1,1,1,0,1,1,1,1,1,Civil Engineer,Psychologist,Content Writer
89,98,58,45,60,67,72,94,1,1,0,1,0,0,1,0,1,1,Content Writer,Lawyer,Software Developer
74,87,55,60,47,89,89,95,0,0,0,1,1,0,0,0,1,1,Doctor,Teacher,Graphic Designer
98,79,41,54,45,83,53,93,1,1,0,0,1,0,1,1,0,0,Psychologist,Digital Marketer,Marketing Manager
42,75,93,76,47,49,34,50,1,0,0,0,1,0,1,0,0,0,Content Writer,Architect,Doctor
91,26,53,36,44,20,22,33,0,1,0,1,1,1,0,0,0,0,Architect,Software Developer,Lawyer
74,74,27,80,25,90,98,92,0,1,0,0,1,1,1,0,0,0,Mechanical Engineer,Architect,Marketing Manager
20,66,29,56,40,75,36,26,1,1,1,0,0,1,1,1,0,0,Graphic Designer,Architect,Doctor
50,90,27,95,28,23,91,65,0,0,1,0,0,1,1,1,0,1,Data Scientist,Civil Engineer,Lawyer
60,28,72,84,95,65,46,50,1,1,0,1,1,0,1,1,0,1,Doctor,Psychologist,Architect
86,61,65,77,59,54,94,74,0,0,0,1,1,1,1,1,0,1,Lawyer,Psychologist,Doctor
86,60,72,30,80,95,36,95,1,0,1,0,1,1,1,0,0,1,Data Scientist,Architect,Content Writer
53,26,85,33,32,66,76,26,1,1,0,1,0,1,1,1,0,1,Marketing Manager,Lawyer,Content Writer
30,43,91,78,63,83,36,72,0,1,0,0,1,0,0,0,0,1,Content Writer,Teacher,Software Developer
72,75,21,91,45,66,98,55,0,0,0,1,0,0,0,0,1,1,Doctor,Architect,Civil Engineer
61,64,73,76,55,59,83,44,0,0,0,1,1,1,1,1,0,1,Lawyer,Graphic Designer,Civil Engineer
70,51,36,65,72,31,53,31,1,0,0,1,0,1,1,0,1,0,Teacher,Psychologist,Doctor
68,63,99,78,74,80,50,74,0,1,0,0,0,1,0,1,1,0,Psychologist,Software Developer,Teacher
73,60,23,25,73,42,38,46,0,0,0,1,1,0,1,0,1,0,Marketing Manager,Doctor,Digital Marketer
53,83,42,100,39,87,22,42,0,1,0,0,1,0,0,0,1,0,Content Writer,Doctor,Graphic Designer
28,50,71,47,95,48,100,54,0,1,1,0,0,1,0,0,0,0,Civil Engineer,Content Writer,Marketing Manager
30,56,50,96,87,99,73,66,0,1,1,0,1,0,0,0,0,1,Lawyer,Doctor,Digital Marketer
36,93,69,78,86,66,75,23,1,0,1,0,1,0,0,0,0,1,Mechanical Engineer,Marketing Manager,Content Writer
94,100,70,57,34,25,74,38,1,1,1,1,1,0,0,1,1,0,Teacher,Lawyer,UX/UI Designer
24,85,95,96,61,82,49,39,1,0,0,1,1,1,0,1,0,1,Data Scientist,Architect,Psychologist
82,90,47,56,24,77,94,53,0,0,0,1,1,0,1,1,0,1,Marketing Manager,Civil Engineer,Data Scientist
38,99,49,49,26,27,35,93,0,1,0,1,0,0,0,1,1,0,Psychologist,Data Scientist,Civil Engineer
97,33,32,36,63,34,65,44,0,1,1,1,1,1,1,1,1,1,Lawyer,Psychologist,Financial Analyst
26,81,33,67,56,98,42,29,0,1,1,1,0,0,0,0,0,0,Data Scientist,Doctor,Marketing Manager
85,50,47,64,52,23,28,86,0,0,1,1,0,0,1,0,0,0,Psychologist,Mechanical Engineer,Data Scientist
99,29,38,45,49,65,54,78,1,1,0,1,0,0,0,1,1,1,Content Writer,Marketing Manager,UX/UI Designer
30,53,23,95,83,32,31,66,1,1,0,1,1,0,1,0,1,0,Marketing Manager,Software Developer,Data Scientist
77,69,100,71,74,97,48,93,1,1,1,1,0,0,0,0,0,0,Marketing Manager,Digital Marketer,Civil Engineer
94,96,35,45,84,99,81,38,0,0,0,1,1,1,1,1,1,0,Digital Marketer,Financial Analyst,Doctor
75,32,20,46,84,55,42,32,0,1,0,1,1,0,1,0,1,1,Software Developer,Content Writer,Financial Analyst
56,27,45,28,61,52,72,26,0,1,1,1,1,0,1,0,1,1,Financial Analyst,Architect,UX/UI Designer
34,45,56,93,75,46,68,51,1,0,1,0,0,1,0,1,1,0,Marketing Manager,Graphic Designer,Software Developer
55,79,83,99,43,63,75,79,1,1,0,1,0,1,1,0,1,1,Data Scientist,Marketing Manager,Teacher
29,71,79,39,20,43,47,57,0,0,1,0,1,0,1,1,1,0,Lawyer,Mechanical Engineer,Civil Engineer
98,68,79,72,27,50,84,26,0,1,0,0,0,0,1,0,0,0,Lawyer,Graphic Designer,Financial Analyst
80,95,63,60,83,22,41,60,1,1,1,0,1,1,1,0,1,1,Doctor,Graphic Designer,Mechanical Engineer
96,71,43,42,89,87,48,30,0,1,1,0,0,0,1,1,1,0,Civil Engineer,Data Scientist,Doctor
95,62,71,92,29,40,80,82,0,0,0,0,1,1,0,1,0,0,Architect,UX/UI Designer,Financial Analyst
96,86,44,83,28,100,54,74,1,1,0,0,1,0,1,0,0,1,Financial Analyst,Teacher,UX/UI Designer
58,59,80,62,95,35,56,77,1,0,1,1,0,1,1,0,0,1,Software Developer,Graphic Designer,Lawyer
61,84,78,98,24,92,43,94,0,0,0,0,0,1,1,1,1,0,Software Developer,Doctor,Content Writer
84,78,54,34,37,85,70,79,0,1,0,0,1,0,0,0,0,0,Marketing Manager,Lawyer,Financial Analyst
58,56,70,79,49,49,59,36,1,1,0,0,1,1,1,0,0,1,Psychologist,Graphic Designer,Financial Analyst
87,63,88,46,32,60,64,51,0,0,1,0,1,1,1,0,1,0,Graphic Designer,UX/UI Designer,Marketing Manager
57,61,42,59,82,38,43,99,0,0,1,1,1,0,0,1,1,1,Marketing Manager,Civil Engineer,Software Developer
84,80,28,42,32,66,90,70,1,1,0,1,0,1,1,1,0,0,Graphic Designer,Financial Analyst,Lawyer
65,60,40,43,40,55,43,93,0,1,0,1,0,1,1,0,1,0,Doctor,Architect,Software Developer
81,90,65,64,67,60,86,46,1,1,1,1,1,0,0,1,0,1,Graphic Designer,Lawyer,Architect
64,87,30,20,60,93,71,46,1,0,0,1,1,0,0,0,0,0,Civil Engineer,Doctor,Teacher
89,65,63,66,58,34,97,99,1,1,0,1,0,1,1,0,0,1,Marketing Manager,Civil Engineer,Graphic Designer
42,52,51,31,26,80,60,78,1,0,0,1,0,1,1,0,0,1,Software Developer,Content Writer,Civil Engineer
56,34,91,33,63,22,42,39,1,1,1,1,0,0,0,1,0,1,Software Developer,Mechanical Engineer,Content Writer
30,31,88,29,97,28,95,87,0,1,0,0,0,1,1,0,1,1,UX/UI Designer,Graphic Designer,Civil Engineer
90,21,100,20,53,75,71,43,1,0,1,0,0,0,1,1,1,1,Lawyer,Content Writer,Digital Marketer
36,71,100,47,35,86,51,69,1,1,0,0,0,0,1,1,1,0,Graphic Designer,Mechanical Engineer,Data Scientist
90,37,29,78,54,52,61,63,0,1,1,1,1,0,0,1,1,1,Doctor,Financial Analyst,Mechanical Engineer
44,60,35,50,80,85,21,80,0,0,1,0,1,1,1,1,1,0,Software Developer,Doctor,Architect
69,67,86,20,29,94,55,73,1,0,0,0,1,0,0,1,1,0,Architect,Lawyer,Teacher
72,93,75,43,47,35,34,36,1,0,0,1,0,0,1,1,0,0,Digital Marketer,Teacher,Financial Analyst
89,44,93,37,33,48,49,40,1,0,0,1,1,0,1,1,0,1,Civil Engineer,Psychologist,Architect
37,94,72,92,71,49,43,71,0,0,0,0,0,0,0,0,0,0,Teacher,Civil Engineer,Lawyer
21,49,40,51,93,63,38,97,1,0,1,1,0,0,0,0,1,0,UX/UI Designer,Civil Engineer,Lawyer
71,74,26,99,26,55,25,74,0,0,1,1,0,1,1,0,0,0,Civil Engineer,Digital Marketer,Teacher
30,99,53,27,47,53,71,80,0,1,1,1,0,1,0,0,1,0,Content Writer,Financial Analyst,Civil Engineer
32,83,21,56,58,92,48,68,0,0,1,1,0,0,0,0,0,1,Teacher,Lawyer,Architect
79,39,64,38,74,92,83,30,1,1,1,0,1,1,1,0,1,0,UX/UI Designer,Civil Engineer,Software Developer
24,46,80,54,35,83,22,92,1,0,0,0,1,1,1,0,0,0,Graphic Designer,Lawyer,Financial Analyst
82,41,55,87,47,78,27,44,1,1,0,0,1,1,0,1,0,0,Graphic Designer,Marketing Manager,Content Writer
24,32,57,63,35,69,80,57,1,0,0,1,0,0,1,1,1,1,Financial Analyst,UX/UI Designer,Software Developer
98,72,51,63,51,63,66,64,0,0,0,1,0,1,0,0,0,1,Teacher,Civil Engineer,Lawyer
75,99,87,81,67,36,68,29,1,1,1,0,1,0,1,1,0,1,Lawyer,Content Writer,Doctor
36,54,44,81,42,29,71,87,0,0,1,0,0,0,1,1,0,1,Data Scientist,Financial Analyst,Software Developer
56,90,71,44,75,98,79,44,0,0,0,0,1,1,0,1,1,0,Graphic Designer,Civil Engineer,Marketing Manager
64,65,66,38,91,31,55,90,1,1,0,0,1,0,0,0,0,0,Lawyer,Software Developer,Psychologist
84,82,52,65,85,29,34,29,0,1,1,1,1,0,0,1,1,1,Teacher,Graphic Designer,Doctor
79,66,67,45,100,38,81,68,1,0,1,1,0,1,0,1,0,0,Psychologist,Lawyer,Digital Marketer
89,62,45,44,40,51,86,26,0,1,0,1,1,0,0,1,0,1,Lawyer,Data Scientist,Architect
81,85,71,29,99,50,28,91,1,1,1,0,0,0,0,0,1,1,Architect,Doctor,Financial Analyst
39,31,52,21,28,28,55,36,0,1,0,1,0,0,0,0,0,1,Marketing Manager,Digital Marketer,Data Scientist
34,68,81,37,21,73,36,75,1,1,0,1,1,0,1,0,1,1,UX/UI Designer,Graphic Designer,Teacher
28,75,65,59,20,22,26,53,1,1,1,1,0,0,1,0,0,1,Software Developer,UX/UI Designer,Financial Analyst
99,78,33,76,75,69,68,41,0,1,1,1,0,1,0,1,0,0,Digital Marketer,Psychologist,Teacher
45,96,100,80,84,95,63,70,1,1,0,0,1,0,0,1,1,1,Digital Marketer,Architect,Graphic Designer
21,63,65,80,74,23,74,87,1,1,0,0,1,1,1,0,0,1,Marketing Manager,Lawyer,Civil Engineer
78,23,74,71,38,60,66,62,0,1,0,0,0,0,1,1,1,0,Teacher,Marketing Manager,Data Scientist
64,85,22,90,32,54,65,21,1,1,1,0,1,1,0,1,0,0,Graphic Designer,Software Developer,Teacher
81,55,72,23,63,87,22,38,1,0,1,1,0,0,1,1,1,1,Doctor,Mechanical Engineer,Marketing Manager
23,60,75,100,67,54,91,27,1,0,0,0,0,1,1,0,0,0,Civil Engineer,Teacher,Digital Marketer
56,92,57,83,96,85,76,85,1,0,0,1,0,1,0,0,0,0,Graphic Designer,Content Writer,Mechanical Engineer
30,31,81,65,41,95,63,47,1,1,0,0,1,0,1,0,0,0,UX/UI Designer,Architect,Psychologist
89,76,81,26,29,38,27,20,0,1,1,0,0,0,0,1,0,1,Doctor,Graphic Designer,Content Writer
58,63,28,72,54,64,93,72,1,1,0,0,0,0,1,1,0,1,Marketing Manager,Psychologist,Content Writer
45,82,31,34,68,80,99,72,1,1,0,0,0,1,0,1,0,0,Content Writer,Software Developer,Architect
28,73,39,93,58,38,20,33,0,1,1,1,0,0,1,1,0,0,Digital Marketer,Marketing Manager,Financial Analyst
74,40,54,22,59,35,100,61,0,0,0,1,1,1,1,0,1,1,Mechanical Engineer,Content Writer,Teacher
96,88,86,68,32,24,72,41,0,0,0,1,0,0,1,1,1,1,Lawyer,Mechanical Engineer,Psychologist
58,43,61,86,86,35,52,48,1,1,1,0,1,0,1,0,0,0,Marketing Manager,Data Scientist,Psychologist
69,65,50,68,94,81,40,32,0,1,1,1,0,0,0,0,1,0,Data Scientist,Content Writer,Software Developer
32,60,84,38,65,76,97,96,1,1,1,0,1,0,0,1,0,1,Psychologist,Mechanical Engineer,Digital Marketer
46,27,38,74,61,32,76,62,0,1,0,1,1,0,1,0,1,1,UX/UI Designer,Lawyer,Digital Marketer
97,29,77,91,54,59,95,83,0,0,1,0,0,0,1,0,1,0,Software Developer,Graphic Designer,Financial Analyst
33,98,26,32,58,64,41,44,0,1,1,1,0,0,0,1,0,0,UX/UI Designer,Data Scientist,Content Writer
34,40,34,44,78,99,77,78,0,0,0,0,0,1,0,0,1,0,Mechanical Engineer,Architect,Civil Engineer
98,87,29,48,35,84,97,52,0,1,0,1,0,1,1,1,0,0,Architect,Content Writer,Financial Analyst
31,58,29,44,63,39,24,95,1,1,0,1,0,0,0,1,1,1,Graphic Designer,Civil Engineer,Doctor
59,100,68,45,55,52,30,24,1,0,1,0,0,0,0,1,1,1,Content Writer,Teacher,Software Developer
98,47,69,46,96,90,40,99,1,1,1,0,0,1,1,1,1,0,Mechanical Engineer,Content Writer,Marketing Manager
84,33,89,42,65,36,47,52,0,1,0,0,1,1,0,1,0,1,Teacher,Marketing Manager,Lawyer
96,37,50,95,64,47,80,88,1,0,1,0,1,0,0,0,1,1,Financial Analyst,Architect,Civil Engineer
64,44,64,29,70,39,37,41,0,0,1,0,0,1,1,1,0,1,Psychologist,Mechanical Engineer,Civil Engineer
26,55,84,48,55,89,83,73,1,1,0,1,0,0,0,1,0,1,Lawyer,Financial Analyst,Architect
58,21,91,28,69,69,20,66,0,1,0,1,1,1,0,1,1,0,Financial Analyst,Architect,Lawyer
89,60,61,35,71,34,84,49,1,1,0,0,0,0,1,0,0,1,Graphic Designer,Data Scientist,Digital Marketer
78,73,28,36,23,75,94,70,1,0,0,0,0,0,0,0,0,0,Financial Analyst,Psychologist,Data Scientist
70,26,44,32,49,92,29,55,0,1,1,0,0,0,1,0,0,0,Lawyer,Teacher,Architect
91,43,96,88,20,95,63,59,0,1,0,0,1,1,0,0,0,1,Psychologist,Content Writer,Mechanical Engineer
75,64,20,72,48,57,87,26,1,1,1,1,0,0,1,1,1,1,Content Writer,Doctor,Software Developer
87,31,88,38,29,70,37,100,1,1,1,0,1,1,0,1,1,0,Doctor,Marketing Manager,Architect
80,79,74,78,50,86,90,84,1,1,0,1,0,1,0,1,0,1,Doctor,Architect,Digital Marketer
69,49,94,79,68,31,55,45,1,1,0,1,1,0,1,0,1,0,Software Developer,Psychologist,Teacher
45,78,61,47,92,84,87,35,1,1,0,1,1,0,1,0,0,0,Software Developer,Lawyer,Civil Engineer
90,22,73,35,28,67,22,75,0,1,1,0,0,1,0,1,0,1,Content Writer,Financial Analyst,Digital Marketer
57,26,51,40,37,44,65,41,1,1,1,0,0,0,1,0,1,0,Software Developer,Financial Analyst,Digital Marketer
78,33,46,25,75,87,32,44,0,0,1,0,1,1,1,1,1,0,UX/UI Designer,Teacher,Civil Engineer
96,38,20,63,43,88,36,94,1,1,1,1,0,0,0,1,0,1,Doctor,Marketing Manager,Civil Engineer
75,41,49,88,63,45,39,57,1,1,1,1,0,0,0,0,1,0,UX/UI Designer,Doctor,Financial Analyst
40,20,49,24,77,63,32,76,1,1,1,1,0,0,1,1,1,1,Civil Engineer,Financial Analyst,Doctor
69,85,52,29,34,90,83,49,0,0,1,0,1,0,1,1,1,0,Digital Marketer,Financial Analyst,Marketing Manager
50,35,36,89,96,71,21,79,0,0,1,0,0,1,0,1,1,0,Lawyer,Content Writer,Digital Marketer
95,50,85,94,62,99,73,32,1,0,1,1,0,0,1,1,1,1,Graphic Designer,Architect,Lawyer
75,28,70,76,67,82,34,51,0,0,0,1,0,1,0,1,0,0,Lawyer,Mechanical Engineer,Marketing Manager
47,71,45,51,76,71,59,52,1,0,1,0,0,1,0,1,0,0,Civil Engineer,Data Scientist,Doctor
43,81,47,20,23,83,77,60,0,1,1,0,0,1,0,0,1,1,Content Writer,Teacher,Doctor
85,83,35,34,62,47,75,100,0,0,1,0,1,0,1,0,1,0,Teacher,Graphic Designer,Marketing Manager
39,43,37,30,27,25,67,91,1,1,1,1,0,1,1,1,0,0,Lawyer,Content Writer,Financial Analyst
64,70,23,74,40,31,61,20,1,1,0,0,1,1,1,1,0,0,Data Scientist,Digital Marketer,Mechanical Engineer
27,34,50,95,50,91,21,79,1,0,0,0,0,0,1,0,1,0,Software Developer,Data Scientist,Doctor
59,92,73,86,63,79,70,68,1,0,1,1,0,0,1,1,0,0,Architect,UX/UI Designer,Mechanical Engineer
84,94,68,46,90,67,75,39,1,0,0,0,1,1,0,0,0,1,Content Writer,Civil Engineer,Graphic Designer
80,74,31,94,37,82,26,70,1,1,1,0,1,0,0,1,1,0,Software Developer,Architect,Civil Engineer
34,85,79,72,51,75,68,96,1,1,0,0,0,1,1,0,0,1,Digital Marketer,Software Developer,Data Scientist
76,88,30,91,67,28,45,94,1,0,0,1,0,1,0,0,0,0,Lawyer,Architect,Content Writer
64,66,30,58,87,93,55,84,1,0,0,0,0,1,0,1,0,1,Marketing Manager,Financial Analyst,UX/UI Designer
51,69,97,58,95,93,77,34,1,0,1,1,1,1,0,0,1,0,Software Developer,Data Scientist,Mechanical Engineer
97,67,93,30,73,51,29,65,1,1,0,0,1,0,1,1,1,1,Digital Marketer,Mechanical Engineer,Graphic Designer
81,55,72,40,88,79,42,44,0,1,0,0,1,0,0,1,1,1,Psychologist,Digital Marketer,Data Scientist
91,28,71,72,44,56,98,80,0,1,0,1,0,0,1,0,1,0,Marketing Manager,Psychologist,Financial Analyst
73,35,36,47,21,75,60,58,1,1,0,0,0,0,1,1,1,1,Financial Analyst,Content Writer,Psychologist
51,58,88,63,76,49,97,96,1,1,0,1,1,1,1,1,1,0,Doctor,Mechanical Engineer,Data Scientist
50,33,41,34,38,82,53,92,1,0,0,0,1,1,1,0,0,1,Architect,Data Scientist,Teacher
75,68,40,48,62,81,40,39,1,1,1,1,1,1,0,0,0,1,Psychologist,Financial Analyst,Teacher
100,87,60,69,92,71,98,68,1,0,1,0,0,0,1,0,0,1,Digital Marketer,Software Developer,Psychologist
94,91,51,57,53,92,47,67,1,0,0,0,0,0,0,0,1,0,Marketing Manager,Mechanical Engineer,Architect
56,69,63,84,73,31,100,22,1,1,0,1,0,0,1,0,0,1,Doctor,Content Writer,Psychologist
44,43,80,29,34,71,100,96,1,1,0,1,0,1,0,0,1,1,Digital Marketer,Teacher,Marketing Manager
73,81,53,32,32,51,61,86,1,1,0,0,0,1,0,0,1,0,Financial Analyst,Data Scientist,UX/UI Designer
70,81,42,32,47,42,68,72,0,1,0,1,1,0,0,1,0,0,Architect,Psychologist,Mechanical Engineer
79,87,37,68,75,31,93,35,0,0,0,1,0,1,0,0,0,0,Lawyer,Architect,Content Writer
59,92,52,40,80,97,59,25,0,0,1,0,0,0,0,1,0,0,Civil Engineer,Psychologist,Graphic Designer
27,22,51,96,49,31,41,21,0,0,1,0,1,0,0,1,1,1,Teacher,Lawyer,Mechanical Engineer
27,26,98,82,58,22,24,77,0,1,0,1,1,0,0,0,0,1,Financial Analyst,Doctor,Architect
40,35,97,62,56,64,73,20,1,1,0,0,0,0,0,0,1,0,UX/UI Designer,Mechanical Engineer,Financial Analyst
47,49,55,57,26,37,46,88,0,1,1,0,1,1,0,1,0,1,Financial Analyst,UX/UI Designer,Graphic Designer
32,46,27,60,76,71,46,84,0,0,0,1,1,0,1,0,1,1,Doctor,Digital Marketer,Civil Engineer
64,51,72,24,26,86,86,26,0,1,1,1,0,1,1,0,0,1,Digital Marketer,Architect,Mechanical Engineer
20,68,35,55,82,42,50,82,1,0,0,1,0,0,1,1,1,0,Digital Marketer,Civil Engineer,Architect
61,74,95,63,39,83,91,86,0,1,0,1,1,1,1,0,0,0,UX/UI Designer,Graphic Designer,Software Developer
48,76,88,60,30,99,69,96,0,0,1,0,0,1,1,1,1,1,Civil Engineer,Marketing Manager,Graphic Designer
23,37,55,61,52,80,83,79,0,1,1,1,1,1,0,1,0,1,Civil Engineer,Marketing Manager,Software Developer
73,27,26,78,96,32,65,89,1,0,1,1,1,0,1,0,1,0,Psychologist,Marketing Manager,Architect
93,50,46,60,44,26,66,64,0,0,1,0,1,0,0,1,1,1,Digital Marketer,Software Developer,Psychologist
55,59,81,29,83,49,36,54,1,0,0,1,0,1,1,1,1,0,Teacher,Financial Analyst,Graphic Designer
45,41,85,98,69,43,39,71,0,1,0,0,1,0,1,0,1,0,Lawyer,Civil Engineer,Doctor
74,39,81,46,62,47,68,68,0,1,0,0,1,0,1,0,0,1,Software Developer,Lawyer,Teacher
91,70,49,59,55,98,28,100,1,0,0,0,1,1,0,1,0,1,UX/UI Designer,Data Scientist,Civil Engineer
51,23,45,46,87,61,86,51,1,1,0,1,0,0,0,1,1,1,UX/UI Designer,Financial Analyst,Data Scientist
92,35,64,56,99,44,33,45,1,0,0,0,1,1,1,1,1,0,Data Scientist,Financial Analyst,Doctor
41,55,23,38,83,31,93,86,0,0,1,1,0,0,1,0,0,1,Marketing Manager,Financial Analyst,Psychologist
89,50,73,23,41,33,73,65,0,1,1,0,0,0,1,0,1,0,Psychologist,Financial Analyst,Content Writer
37,29,38,28,75,70,35,100,1,0,0,0,1,0,1,1,0,0,Marketing Manager,Mechanical Engineer,Doctor
94,31,70,87,43,36,92,34,0,0,1,0,0,1,1,1,0,0,Civil Engineer,Graphic Designer,Teacher
44,98,48,51,79,46,81,97,0,0,1,1,1,1,0,1,0,0,Lawyer,UX/UI Designer,Mechanical Engineer
84,27,72,36,61,86,46,27,0,1,1,0,0,1,0,1,1,1,Mechanical Engineer,Civil Engineer,Data Scientist
99,42,41,25,74,66,78,95,1,1,0,0,0,1,0,1,0,1,Teacher,Mechanical Engineer,Civil Engineer
26,63,37,72,27,52,69,99,0,1,1,0,1,0,0,0,1,1,Teacher,Graphic Designer,Content Writer
22,94,51,76,85,90,22,32,1,1,1,1,0,0,0,0,1,0,Psychologist,UX/UI Designer,Teacher
35,28,68,41,68,98,100,57,0,1,1,1,1,0,1,0,0,1,Architect,Content Writer,Data Scientist
33,89,41,66,97,21,86,85,0,0,0,0,1,1,0,0,0,0,Psychologist,Teacher,Marketing Manager
100,62,32,80,50,26,49,65,1,0,0,1,1,0,0,1,1,0,UX/UI Designer,Data Scientist,Civil Engineer
58,21,68,80,20,41,81,75,0,1,1,1,0,0,1,0,0,1,Lawyer,Civil Engineer,Content Writer
23,67,75,97,49,82,44,30,0,1,1,1,0,1,0,1,0,1,Lawyer,Financial Analyst,Content Writer
48,29,24,71,54,32,74,53,1,0,1,0,0,1,0,0,0,0,Lawyer,UX/UI Designer,Marketing Manager
69,62,53,25,82,67,46,37,0,0,0,1,0,1,0,1,1,1,Software Developer,Content Writer,Digital Marketer
32,66,90,96,43,49,88,55,1,0,1,1,1,0,0,1,1,1,Mechanical Engineer,Psychologist,Teacher
63,87,78,59,72,46,100,61,1,1,1,1,0,1,0,0,1,1,Digital Marketer,Data Scientist,Psychologist
46,21,29,42,77,63,50,59,1,1,0,0,1,1,1,0,0,0,Civil Engineer,Doctor,Digital Marketer
74,41,69,71,71,46,55,64,1,1,1,1,0,0,0,1,1,0,Marketing Manager,Doctor,Psychologist
80,39,65,98,40,20,37,47,1,1,1,0,0,1,1,0,1,1,Digital Marketer,Marketing Manager,UX/UI Designer
69,50,57,48,82,70,85,34,1,0,0,1,0,0,0,1,1,0,Psychologist,Marketing Manager,Mechanical Engineer
73,76,75,49,55,80,30,46,0,0,1,1,0,0,1,1,1,1,Psychologist,Architect,Data Scientist
66,67,37,86,20,87,76,36,0,1,1,0,1,1,1,1,1,1,Data Scientist,Civil Engineer,Marketing Manager
25,66,96,83,85,59,98,69,0,1,1,0,0,1,0,1,1,1,Content Writer,Graphic Designer,Psychologist
74,60,50,24,54,94,97,44,0,0,0,0,0,1,1,1,1,0,Data Scientist,Psychologist,Architect
60,24,66,91,87,34,69,72,1,1,0,0,0,1,1,0,1,1,Lawyer,Marketing Manager,Software Developer
57,27,100,56,91,51,22,87,0,1,0,1,1,1,1,0,0,1,Data Scientist,Mechanical Engineer,Marketing Manager
68,77,97,55,85,54,26,76,1,0,1,0,0,0,1,1,1,1,Mechanical Engineer,Software Developer,Psychologist
86,28,54,68,69,40,24,71,0,0,1,0,1,0,1,1,0,0,Marketing Manager,Data Scientist,Software Developer
66,43,95,98,68,89,79,43,1,1,0,1,1,0,0,0,1,0,Digital Marketer,Doctor,Teacher
23,48,28,90,61,86,53,51,0,0,0,0,0,1,0,1,1,1,Digital Marketer,Teacher,Doctor
23,41,100,45,53,33,55,95,1,1,0,1,0,1,1,0,0,1,UX/UI Designer,Teacher,Graphic Designer
97,77,80,49,53,88,80,64,0,1,0,0,0,0,0,0,1,1,UX/UI Designer,Teacher,Digital Marketer
67,36,35,61,64,40,82,62,0,1,1,0,0,0,1,0,1,0,Data Scientist,Teacher,Graphic Designer
38,33,72,48,27,43,91,84,0,0,0,0,0,0,0,1,0,1,Civil Engineer,Psychologist,Graphic Designer
44,43,69,57,97,25,63,94,1,0,0,1,1,1,1,0,0,1,Architect,Software Developer,Civil Engineer
75,20,66,57,48,52,61,78,0,0,0,1,1,0,0,1,0,0,Content Writer,Psychologist,Financial Analyst
87,51,32,56,71,72,94,58,1,1,0,0,1,1,0,1,1,0,Content Writer,Civil Engineer,Mechanical Engineer
27,41,36,78,54,52,26,34,1,1,0,1,1,1,0,0,1,1,Teacher,Digital Marketer,Financial Analyst
42,94,58,20,51,85,48,25,1,1,0,0,0,1,1,1,1,0,UX/UI Designer,Content Writer,Psychologist
100,96,98,97,43,78,65,72,0,0,1,1,0,1,0,0,0,0,Software Developer,Digital Marketer,Content Writer
59,71,88,24,56,22,54,25,0,0,0,0,0,1,0,0,1,0,Lawyer,Content Writer,Financial Analyst
54,78,91,56,23,35,61,70,1,1,0,0,1,1,0,0,0,0,Financial Analyst,Civil Engineer,Architect
98,98,97,91,79,26,47,40,1,0,1,0,1,1,1,0,1,1,Financial Analyst,Architect,Mechanical Engineer
36,45,50,86,97,83,37,84,1,0,1,0,1,1,0,0,1,1,Software Developer,Psychologist,Data Scientist
55,57,71,43,37,33,96,49,1,0,0,1,1,0,0,0,1,0,Digital Marketer,Software Developer,Mechanical Engineer
45,88,44,88,100,80,52,56,1,0,0,0,1,0,0,0,1,0,Mechanical Engineer,Architect,Financial Analyst
99,87,97,35,69,23,80,67,1,1,0,0,0,0,0,1,1,1,Civil Engineer,Teacher,Financial Analyst
83,95,67,37,21,92,80,23,0,0,0,0,0,1,0,0,0,1,Civil Engineer,Graphic Designer,Software Developer
67,26,75,43,50,35,25,25,1,1,0,1,0,0,1,0,1,0,Mechanical Engineer,Architect,Civil Engineer
30,93,99,26,65,34,93,81,0,0,0,1,1,1,1,1,0,1,Doctor,Digital Marketer,Financial Analyst
84,58,37,89,29,30,76,97,1,1,0,0,1,1,1,1,1,0,Psychologist,Financial Analyst,Software Developer
25,40,37,94,50,69,33,78,0,1,0,1,1,1,1,1,0,1,Data Scientist,Graphic Designer,Teacher
63,98,99,55,23,48,54,61,1,0,0,1,0,0,1,1,0,1,UX/UI Designer,Digital Marketer,Mechanical Engineer
74,27,51,82,30,25,72,38,1,1,1,1,1,1,0,0,1,0,Digital Marketer,Marketing Manager,Graphic Designer
35,40,53,33,84,60,77,81,0,1,1,1,1,1,0,0,0,1,Lawyer,Content Writer,Financial Analyst
48,49,65,86,79,40,43,80,1,0,0,1,1,1,0,0,0,0,Teacher,Graphic Designer,Software Developer
89,77,100,88,22,77,59,55,0,0,0,1,1,0,0,1,1,1,Content Writer,Marketing Manager,Digital Marketer
71,20,39,65,81,30,97,66,1,0,0,1,0,0,1,1,1,0,Psychologist,Lawyer,Digital Marketer
47,24,86,44,25,91,73,81,1,0,1,0,0,1,0,0,0,1,Graphic Designer,Financial Analyst,Civil Engineer
26,88,36,51,32,84,90,54,1,1,0,1,1,1,1,1,0,1,Financial Analyst,Architect,Data Scientist
57,29,69,29,94,38,68,85,0,1,0,1,1,1,1,0,1,0,Civil Engineer,Lawyer,Financial Analyst
49,47,93,28,35,71,81,53,0,1,0,0,0,1,0,1,1,1,Data Scientist,Lawyer,Mechanical Engineer
70,71,58,55,27,38,64,82,1,0,1,1,1,0,0,1,1,0,Mechanical Engineer,UX/UI Designer,Data Scientist
68,21,22,20,89,55,84,99,1,0,1,1,1,0,0,1,0,0,Doctor,Graphic Designer,Digital Marketer
41,62,64,55,76,43,76,20,1,0,1,1,1,0,0,1,0,0,Civil Engineer,Digital Marketer,Psychologist
96,62,84,74,32,61,93,58,1,1,0,1,1,1,1,1,1,1,Data Scientist,Lawyer,Psychologist
56,32,48,86,82,39,82,69,1,0,1,0,0,0,1,0,0,1,Graphic Designer,Content Writer,Mechanical Engineer
81,89,72,70,82,55,59,81,1,1,1,0,0,0,1,1,1,1,Architect,Content Writer,Doctor
85,91,89,21,60,87,26,45,1,0,1,0,1,0,1,0,1,0,Software Developer,Marketing Manager,Data Scientist
76,55,39,97,33,65,80,95,1,0,0,0,1,1,1,1,1,1,Doctor,Mechanical Engineer,Graphic Designer
83,61,40,96,98,55,73,80,0,1,0,0,1,1,0,1,1,0,Civil Engineer,Financial Analyst,UX/UI Designer
37,82,57,76,61,39,51,71,0,0,0,1,0,0,0,0,0,1,Digital Marketer,Lawyer,UX/UI Designer
36,86,20,46,87,54,73,51,0,1,1,1,1,0,1,0,0,1,UX/UI Designer,Financial Analyst,Data Scientist
70,71,99,83,97,78,94,24,0,1,0,0,0,0,0,0,0,1,Software Developer,Content Writer,Doctor
41,28,37,66,48,31,66,21,1,1,1,0,1,0,1,0,0,0,Content Writer,Marketing Manager,Psychologist
88,50,94,35,75,96,52,60,1,1,0,1,1,1,1,0,0,1,Teacher,Architect,Graphic Designer
95,36,68,79,24,76,68,32,1,0,0,0,1,1,0,1,1,1,Marketing Manager,Content Writer,Psychologist
48,100,21,76,94,63,78,69,1,1,1,1,0,0,1,1,0,0,Software Developer,Marketing Manager,Digital Marketer
92,94,88,54,100,63,86,75,1,1,0,0,0,1,1,1,0,1,Lawyer,Data Scientist,UX/UI Designer
87,91,54,93,53,46,87,25,1,0,0,1,0,1,1,1,0,0,Lawyer,Content Writer,Doctor
51,74,21,39,76,47,59,37,1,1,1,0,1,1,1,0,0,1,Content Writer,Graphic Designer,Psychologist
70,93,20,64,87,77,38,63,1,1,1,1,0,1,0,0,1,0,Lawyer,Marketing Manager,Graphic Designer
28,88,96,26,82,93,25,79,1,1,1,0,1,0,0,1,1,1,Civil Engineer,Architect,Digital Marketer
77,22,80,74,51,92,60,52,1,1,0,1,0,1,1,0,1,1,Architect,Digital Marketer,Content Writer
46,58,95,96,31,47,62,24,1,0,0,0,0,1,0,1,1,1,Digital Marketer,Architect,Software Developer
45,88,80,88,40,22,66,33,1,1,1,0,0,0,1,0,0,0,Architect,UX/UI Designer,Content Writer
40,59,36,63,29,25,79,43,1,0,1,1,1,0,1,1,1,1,Graphic Designer,Civil Engineer,Digital Marketer
90,73,62,94,30,40,47,90,1,1,1,0,1,0,0,1,1,1,Architect,Graphic Designer,Software Developer
67,92,25,32,50,91,65,44,1,1,1,1,0,0,0,0,1,0,Software Developer,Financial Analyst,Graphic Designer
92,81,40,73,92,44,71,89,0,1,0,0,1,0,1,1,1,0,Psychologist,Teacher,Mechanical Engineer
41,76,80,24,49,81,63,25,0,1,1,1,0,1,0,0,0,0,Financial Analyst,Lawyer,Digital Marketer
73,75,67,45,43,93,23,44,0,1,1,0,1,1,1,1,0,0,Graphic Designer,Psychologist,Software Developer
49,84,60,64,24,89,94,93,1,1,1,0,0,1,1,1,1,0,Marketing Manager,Doctor,Financial Analyst
34,83,65,33,50,23,62,30,0,0,1,1,1,0,1,0,1,1,Civil Engineer,Psychologist,UX/UI Designer
52,63,22,69,43,98,71,21,1,0,1,1,1,0,0,0,1,0,Financial Analyst,Data Scientist,Teacher
79,59,47,70,82,47,78,69,1,1,1,0,0,0,1,0,0,0,Architect,Civil Engineer,Digital Marketer
37,75,35,28,24,32,44,79,0,1,0,1,0,1,0,0,1,0,Lawyer,Mechanical Engineer,Civil Engineer
82,93,95,40,73,24,69,25,1,0,0,0,1,1,1,1,0,1,Marketing Manager,Financial Analyst,Data Scientist
55,87,96,78,56,37,32,24,1,0,0,0,0,0,1,0,1,1,Teacher,Content Writer,Civil Engineer
45,32,93,57,100,77,64,27,0,1,1,1,0,1,1,1,1,0,Mechanical Engineer,Psychologist,Doctor
76,93,30,34,82,43,28,65,0,0,1,0,0,1,0,1,0,0,Psychologist,Digital Marketer,Architect
100,44,36,53,24,36,92,77,1,1,0,0,0,0,1,1,1,0,Psychologist,Data Scientist,Graphic Designer
55,30,97,100,93,34,95,72,1,1,0,0,1,1,0,0,1,1,Marketing Manager,Civil Engineer,Content Writer
65,21,90,45,81,58,91,59,0,0,1,1,1,0,0,0,0,1,Psychologist,Digital Marketer,Data Scientist
78,57,57,80,24,93,33,49,1,1,0,0,0,0,0,1,0,0,Architect,Data Scientist,Lawyer
68,89,89,89,99,46,59,46,0,1,1,0,1,0,1,0,1,1,Mechanical Engineer,Architect,UX/UI Designer
21,52,20,95,41,93,50,90,0,0,0,0,0,0,0,0,0,1,Financial Analyst,Digital Marketer,Content Writer
45,47,35,33,91,27,39,81,1,1,0,0,1,1,1,0,0,1,Software Developer,Marketing Manager,Digital Marketer
95,87,86,97,65,89,98,61,0,1,0,1,1,1,1,0,0,0,Digital Marketer,Doctor,Data Scientist
33,34,100,80,60,74,80,31,1,0,1,0,1,0,0,0,0,1,Data Scientist,Financial Analyst,Content Writer
44,78,100,61,46,81,38,61,0,1,0,1,0,1,1,0,1,0,Lawyer,Data Scientist,Civil Engineer
61,73,35,60,94,63,35,38,0,0,0,1,1,1,0,0,1,1,Psychologist,Financial Analyst,Software Developer
97,68,92,41,24,36,74,87,1,1,1,0,0,0,0,1,0,1,Financial Analyst,Content Writer,UX/UI Designer
23,56,86,43,31,78,82,90,1,1,1,1,1,1,0,1,0,1,Civil Engineer,Mechanical Engineer,Psychologist
62,31,99,99,61,54,59,26,1,1,0,1,1,0,0,0,0,0,Graphic Designer,Digital Marketer,Mechanical Engineer
72,81,89,35,76,23,22,98,1,1,0,1,1,0,1,0,0,0,Doctor,Teacher,Mechanical Engineer
90,76,95,46,96,84,42,96,0,1,0,1,1,1,1,1,0,0,Digital Marketer,Data Scientist,Mechanical Engineer
26,32,75,71,84,86,93,86,1,0,0,0,0,0,1,0,0,1,UX/UI Designer,Civil Engineer,Mechanical Engineer
23,95,63,22,45,100,50,41,0,1,0,1,1,0,1,0,0,0,Architect,Lawyer,Doctor
28,31,40,78,46,83,29,28,1,0,1,0,1,0,0,0,0,1,Doctor,Data Scientist,Graphic Designer
30,61,38,42,93,61,67,71,1,1,0,0,0,0,0,0,0,0,Software Developer,Architect,Civil Engineer
35,48,32,31,38,95,63,89,1,1,0,1,0,1,1,0,0,1,Lawyer,Software Developer,Civil Engineer
46,89,75,56,45,29,33,33,0,1,1,1,1,1,1,1,1,0,Digital Marketer,Financial Analyst,Software Developer
63,99,99,69,23,100,39,71,1,0,0,0,1,0,1,0,1,0,Content Writer,Digital Marketer,Graphic Designer
26,99,53,28,48,92,82,83,0,1,1,0,1,0,1,0,0,0,Software Developer,Mechanical Engineer,Doctor
64,84,50,93,30,93,46,86,1,0,1,0,0,1,1,1,1,0,Lawyer,Digital Marketer,Software Developer
87,60,83,76,62,73,27,51,0,0,1,1,1,0,1,1,0,0,Doctor,Psychologist,Teacher
21,63,87,61,36,54,67,24,0,0,0,1,0,0,1,1,1,1,Architect,Teacher,Doctor
86,69,65,52,94,83,68,72,1,1,0,0,1,0,0,1,1,0,Psychologist,Data Scientist,Doctor
62,42,94,59,68,60,53,78,0,1,1,1,0,0,1,0,0,1,Financial Analyst,Civil Engineer,Psychologist
74,60,51,83,67,50,36,54,1,1,1,1,0,1,1,0,0,0,Software Developer,Graphic Designer,Financial Analyst
40,85,44,25,81,23,39,41,1,0,1,0,1,1,0,1,1,0,Doctor,UX/UI Designer,Software Developer
99,92,59,85,75,70,62,22,0,0,0,1,0,0,1,0,1,1,UX/UI Designer,Software Developer,Financial Analyst
45,70,72,46,84,83,79,67,0,1,1,1,1,0,1,0,1,0,Architect,Doctor,Lawyer
50,61,89,61,88,48,31,33,0,1,0,0,0,0,0,1,0,0,Doctor,Architect,Lawyer
80,64,55,51,68,81,73,97,0,1,0,0,0,0,0,0,1,1,Financial Analyst,Data Scientist,Lawyer
70,84,49,63,91,69,74,86,1,0,1,1,1,0,1,0,0,0,Marketing Manager,Content Writer,Doctor
73,50,72,69,90,32,96,32,1,0,0,1,0,0,0,0,1,1,Software Developer,Data Scientist,Teacher
77,25,34,40,36,49,67,24,0,1,0,1,0,1,0,1,0,0,Content Writer,Data Scientist,Doctor
52,80,64,21,67,88,24,81,1,0,1,1,1,0,1,1,1,1,Psychologist,Architect,UX/UI Designer
62,46,100,81,69,20,44,70,0,1,1,0,1,0,1,0,1,1,Content Writer,Teacher,Architect
43,28,58,57,22,51,44,91,0,0,1,0,0,1,0,0,0,1,Lawyer,Architect,Psychologist
83,93,48,83,52,78,65,96,1,1,0,0,0,1,1,0,0,1,Psychologist,Civil Engineer,Teacher
28,36,27,43,72,69,63,83,0,1,1,1,0,0,1,1,1,1,Marketing Manager,Financial Analyst,Content Writer
86,72,99,27,48,95,36,90,0,0,1,1,1,1,0,0,0,0,Civil Engineer,Architect,Software Developer
95,59,89,73,36,63,62,25,0,0,0,0,1,1,0,0,0,0,Architect,Data Scientist,UX/UI Designer
83,57,61,77,98,23,66,31,0,0,1,0,1,0,0,0,1,1,Software Developer,Psychologist,Digital Marketer
94,32,76,82,43,40,63,27,0,0,0,0,0,0,0,0,0,0,Architect,Mechanical Engineer,Software Developer
48,65,54,25,69,73,79,60,0,1,1,0,0,1,0,1,0,0,Graphic Designer,Psychologist,Financial Analyst
81,77,48,91,80,86,58,61,1,1,1,0,0,0,0,0,0,1,Doctor,Data Scientist,Content Writer
86,26,97,44,61,39,79,85,1,0,0,1,0,1,1,0,0,0,Financial Analyst,Psychologist,Data Scientist
82,97,56,47,61,61,83,51,1,0,1,0,0,0,0,0,1,1,UX/UI Designer,Architect,Mechanical Engineer
99,57,89,62,41,84,84,77,0,1,1,1,0,1,1,1,0,0,Graphic Designer,Content Writer,Teacher
30,56,47,34,32,41,51,65,1,0,0,0,1,0,1,1,1,0,Civil Engineer,Marketing Manager,Content Writer
53,70,28,32,89,100,92,55,1,1,0,1,1,1,1,0,0,1,Graphic Designer,Architect,Data Scientist
22,66,43,95,88,76,79,51,1,0,0,1,1,1,1,0,1,0,Mechanical Engineer,Doctor,Financial Analyst
58,24,62,70,88,83,90,43,0,0,1,1,1,1,0,0,1,1,Software Developer,Architect,Lawyer
45,33,49,51,97,79,26,30,1,0,1,0,0,0,0,0,0,0,Data Scientist,Financial Analyst,Digital Marketer
22,41,100,86,49,81,58,44,1,1,1,0,0,0,1,1,1,1,Doctor,Psychologist,Content Writer
88,96,35,50,81,64,70,60,0,0,0,1,0,0,1,1,1,1,Data Scientist,Financial Analyst,UX/UI Designer
43,96,80,79,82,99,42,64,1,1,0,1,1,1,0,0,1,1,Financial Analyst,Doctor,UX/UI Designer
94,23,47,27,27,23,68,88,0,0,1,0,0,1,1,0,1,1,Graphic Designer,Content Writer,Data Scientist
47,54,61,70,92,20,67,65,0,1,0,0,1,1,0,1,1,0,Marketing Manager,Content Writer,Doctor
51,52,44,85,95,38,37,36,1,1,0,0,0,1,1,1,1,1,Financial Analyst,Architect,Digital Marketer
26,34,70,87,20,85,31,66,0,1,1,1,1,0,0,1,0,1,Teacher,Marketing Manager,Financial Analyst
66,21,59,44,38,64,61,32,0,0,1,1,1,1,0,1,1,0,UX/UI Designer,Teacher,Marketing Manager
40,81,74,49,39,61,25,62,1,1,1,0,1,0,0,1,0,0,Civil Engineer,Graphic Designer,Software Developer
49,43,70,91,95,80,66,85,0,1,1,1,1,1,1,1,0,0,Architect,Lawyer,Marketing Manager
52,52,90,57,79,75,50,24,0,0,0,0,0,0,1,0,1,0,Graphic Designer,Doctor,Mechanical Engineer
80,62,30,88,22,81,98,41,1,1,0,1,0,1,1,1,1,1,Doctor,Mechanical Engineer,Teacher
74,50,52,28,43,90,100,32,1,0,1,0,1,0,1,1,0,1,Graphic Designer,Mechanical Engineer,Architect
71,42,84,25,23,20,27,51,1,1,0,0,1,0,0,0,1,1,Graphic Designer,UX/UI Designer,Data Scientist
70,29,59,82,100,77,93,42,0,1,0,0,1,1,1,1,0,0,UX/UI Designer,Content Writer,Lawyer
95,48,69,74,72,25,41,44,0,0,0,0,1,0,1,0,1,1,Teacher,Psychologist,Financial Analyst
98,88,43,48,25,22,33,81,1,1,0,0,1,0,1,0,0,0,Civil Engineer,Doctor,UX/UI Designer
67,60,20,49,36,35,68,28,1,1,0,1,1,1,1,0,0,0,Psychologist,Content Writer,Graphic Designer
68,59,35,58,77,30,95,95,1,1,1,1,0,1,0,1,1,1,Mechanical Engineer,Content Writer,Financial Analyst
93,93,29,62,34,34,85,98,1,0,0,0,1,0,1,1,1,1,Marketing Manager,Teacher,Architect
81,76,28,52,73,68,73,20,0,0,1,1,1,1,0,0,1,1,Teacher,Data Scientist,Mechanical Engineer
83,28,92,79,36,24,59,64,0,1,0,0,0,0,0,1,0,1,Software Developer,Digital Marketer,Data Scientist
69,30,31,51,57,94,99,39,0,1,1,0,1,0,1,0,1,1,Lawyer,Architect,UX/UI Designer
87,26,93,77,86,77,48,51,0,1,0,1,1,0,1,0,0,1,Software Developer,UX/UI Designer,Data Scientist
29,93,50,41,81,46,83,73,1,1,0,1,1,0,1,1,1,1,Content Writer,Civil Engineer,Data Scientist
99,71,24,51,82,40,31,80,1,1,1,1,0,1,0,1,0,0,Lawyer,Digital Marketer,Software Developer
95,68,35,41,57,25,88,20,1,0,0,1,1,1,1,1,1,1,Teacher,Civil Engineer,Digital Marketer
97,97,75,71,32,59,89,97,1,1,0,1,1,1,0,0,1,0,Teacher,Lawyer,Doctor
55,36,78,24,83,50,96,71,0,1,1,1,0,1,0,1,0,1,Architect,Graphic Designer,Civil Engineer
81,29,37,87,82,63,73,83,0,1,0,0,1,0,1,1,0,1,Marketing Manager,Lawyer,UX/UI Designer
50,37,65,77,20,89,72,21,1,1,1,0,1,1,1,1,0,0,Doctor,Data Scientist,UX/UI Designer
75,68,31,70,55,55,92,47,1,1,1,0,1,0,1,0,0,0,Software Developer,Financial Analyst,Content Writer
95,59,43,62,76,70,88,91,1,1,0,0,1,0,1,1,0,1,Digital Marketer,Financial Analyst,Software Developer
34,52,47,57,76,37,46,29,1,0,1,0,0,0,0,1,0,0,Doctor,Financial Analyst,Architect
57,54,59,26,21,45,88,75,0,1,1,0,0,1,0,1,1,1,Financial Analyst,Doctor,Content Writer
75,60,73,56,97,91,74,52,1,1,1,0,0,0,1,0,0,0,Financial Analyst,Software Developer,UX/UI Designer
24,87,28,82,45,64,67,46,0,1,0,1,0,1,1,1,0,1,Graphic Designer,Software Developer,UX/UI Designer
54,60,76,42,68,24,61,50,0,1,1,1,1,1,0,1,0,0,Financial Analyst,Marketing Manager,Psychologist
89,79,60,81,53,64,51,58,0,1,1,0,1,1,1,1,0,1,Psychologist,Digital Marketer,Financial Analyst
22,89,77,41,62,81,59,65,1,1,1,0,0,0,0,1,1,0,Psychologist,Graphic Designer,Data Scientist
28,60,82,98,42,32,99,88,0,1,1,0,0,1,0,1,0,0,Doctor,Psychologist,Software Developer
45,71,63,20,38,50,96,35,1,1,1,0,0,0,0,1,0,1,Financial Analyst,Content Writer,Civil Engineer
84,30,92,21,53,66,93,53,1,1,1,0,0,1,0,0,1,1,Software Developer,Civil Engineer,Marketing Manager
84,72,99,69,89,88,90,55,0,0,1,1,0,0,0,1,0,1,Psychologist,Lawyer,Marketing Manager
27,83,98,60,96,81,27,99,0,0,1,1,0,1,0,1,1,1,Graphic Designer,Mechanical Engineer,Digital Marketer
65,73,100,68,94,45,38,46,1,0,1,0,0,0,0,0,0,1,Content Writer,UX/UI Designer,Software Developer
97,44,78,64,38,93,41,76,1,1,1,0,1,0,0,1,0,0,Software Developer,Content Writer,Data Scientist
45,25,47,59,43,54,39,22,0,1,1,1,1,1,1,1,1,0,Doctor,Architect,Teacher
78,62,27,81,35,99,31,38,0,0,1,0,0,0,1,1,1,1,Content Writer,Digital Marketer,Marketing Manager
37,41,86,64,93,100,55,100,1,1,1,0,1,0,1,1,1,0,Marketing Manager,UX/UI Designer,Architect
60,98,82,53,58,65,65,84,1,1,0,1,1,1,0,0,1,1,Doctor,Content Writer,Mechanical Engineer
74,36,74,46,66,48,59,78,1,0,1,1,0,0,0,0,0,0,Architect,Graphic Designer,Mechanical Engineer
30,99,25,80,69,99,46,75,1,1,1,0,1,0,0,1,1,1,Marketing Manager,Content Writer,Lawyer
85,26,54,71,70,82,59,87,0,1,1,0,0,1,0,0,1,0,Digital Marketer,Financial Analyst,Teacher
40,72,39,58,48,30,23,65,0,0,0,0,1,1,1,1,0,0,Digital Marketer,Doctor,Teacher
26,34,93,38,79,42,71,27,1,0,0,1,1,1,1,0,0,0,UX/UI Designer,Lawyer,Marketing Manager
96,67,55,68,100,20,69,73,0,0,1,0,0,1,1,1,1,1,Civil Engineer,UX/UI Designer,Teacher
34,38,88,28,85,76,76,46,1,1,0,1,1,0,0,0,0,0,Civil Engineer,Content Writer,Data Scientist
81,81,41,87,60,36,39,61,0,1,1,0,0,0,0,1,1,0,Civil Engineer,Lawyer,Teacher
39,69,31,89,64,65,32,80,1,1,0,0,1,0,0,0,0,1,UX/UI Designer,Digital Marketer,Doctor
20,77,49,92,72,82,37,72,1,1,0,0,1,1,1,1,0,1,Teacher,Graphic Designer,Financial Analyst
52,24,84,34,37,64,99,94,0,0,0,1,0,1,1,0,0,0,Mechanical Engineer,Marketing Manager,Lawyer
26,29,53,22,63,93,33,59,0,0,0,1,1,1,1,0,1,0,Civil Engineer,Architect,Mechanical Engineer
47,85,55,91,78,69,73,85,0,1,0,1,0,0,0,0,1,0,Graphic Designer,Architect,Doctor
89,97,45,98,43,85,88,66,1,0,1,0,0,0,1,1,0,0,Software Developer,Graphic Designer,UX/UI Designer
81,66,92,30,74,51,72,69,1,1,1,0,0,0,0,0,0,1,Teacher,Content Writer,Marketing Manager
55,65,79,77,30,33,49,94,0,1,0,1,0,1,1,1,0,1,Data Scientist,Software Developer,Content Writer
78,95,83,88,71,65,40,98,0,1,1,0,1,1,1,0,1,0,Marketing Manager,Mechanical Engineer,Psychologist
42,37,20,40,47,68,95,29,1,1,0,1,0,1,0,0,0,0,Doctor,Graphic Designer,Data Scientist
76,46,56,22,61,36,39,49,0,1,1,0,1,1,0,0,1,0,Doctor,Teacher,Architect
22,23,27,74,69,60,53,53,0,1,1,1,0,1,1,1,1,1,Teacher,Civil Engineer,Content Writer
50,62,73,36,42,24,78,20,0,0,0,0,1,1,1,0,0,0,Data Scientist,Doctor,Marketing Manager
33,30,87,69,72,31,50,27,0,1,0,1,0,0,0,1,1,0,Doctor,Software Developer,Mechanical Engineer
62,36,98,67,49,56,64,79,1,0,1,0,0,0,1,0,1,0,Doctor,Software Developer,Content Writer
83,78,75,90,40,76,79,54,1,1,0,1,1,0,1,1,0,1,Mechanical Engineer,Digital Marketer,Content Writer
70,96,89,30,33,71,48,34,0,1,1,1,0,0,0,1,0,0,Civil Engineer,Lawyer,Mechanical Engineer
23,32,95,45,60,67,31,59,0,0,1,0,0,0,0,1,0,1,Civil Engineer,UX/UI Designer,Architect
60,59,58,51,99,23,80,27,0,0,1,0,0,0,0,1,1,1,Financial Analyst,Teacher,Civil Engineer
100,90,76,46,30,23,32,47,1,1,1,0,0,1,0,1,0,1,Psychologist,Marketing Manager,Teacher
55,38,42,55,40,65,55,64,1,1,0,1,0,0,0,0,1,0,Content Writer,Psychologist,Marketing Manager
100,23,73,57,68,69,96,32,1,1,1,0,0,1,0,1,0,1,Civil Engineer,Digital Marketer,Doctor
81,87,80,89,37,67,57,76,1,0,1,0,0,1,0,1,0,0,Software Developer,Doctor,Digital Marketer
86,90,40,60,53,92,77,50,0,0,1,0,1,0,1,0,0,0,Teacher,Marketing Manager,UX/UI Designer
100,39,88,42,31,20,35,91,0,0,1,1,1,0,0,1,0,0,Marketing Manager,Architect,Doctor
83,67,38,26,43,74,93,97,0,1,0,0,1,1,0,0,1,1,Teacher,Software Developer,Financial Analyst
51,34,26,28,64,99,64,84,0,0,1,0,1,0,0,1,0,1,Marketing Manager,Doctor,Financial Analyst
88,37,72,54,61,47,73,34,0,1,0,0,0,1,1,0,1,0,Financial Analyst,Content Writer,Architect
20,95,80,92,86,96,71,30,1,1,1,1,0,1,0,1,0,1,Doctor,Software Developer,Teacher
64,63,42,62,44,61,53,45,1,1,1,0,0,1,1,1,0,1,Digital Marketer,Content Writer,Civil Engineer
56,62,33,61,97,57,56,65,0,0,0,0,1,0,1,1,0,1,Data Scientist,Lawyer,Teacher
53,48,76,65,72,51,65,45,1,1,1,0,0,0,0,1,1,0,Lawyer,Mechanical Engineer,Architect
60,41,45,89,40,61,33,51,1,1,0,0,1,0,1,1,1,0,Doctor,Data Scientist,Lawyer
57,75,91,28,76,64,80,85,0,0,0,1,0,0,0,0,1,0,Software Developer,Digital Marketer,Mechanical Engineer
78,20,80,43,36,30,84,50,0,0,1,0,0,0,0,0,1,1,UX/UI Designer,Graphic Designer,Doctor
31,59,51,46,48,21,39,84,0,1,0,0,1,0,1,1,0,1,UX/UI Designer,Architect,Doctor
58,44,48,91,46,84,76,28,1,1,1,0,0,1,1,1,0,0,Data Scientist,Digital Marketer,Civil Engineer
61,55,20,71,64,33,88,63,0,1,0,1,1,0,1,1,1,0,Psychologist,Content Writer,Civil Engineer
30,39,92,66,33,66,45,98,0,0,0,0,0,1,1,0,0,1,Teacher,Lawyer,Data Scientist
55,20,48,54,85,59,88,47,0,0,1,1,0,0,1,0,1,0,Graphic Designer,Content Writer,Financial Analyst
20,20,52,90,72,20,23,35,0,0,1,1,1,1,0,1,1,1,Content Writer,Architect,Psychologist
85,35,90,25,45,83,61,83,1,0,1,0,1,1,1,0,1,0,Civil Engineer,Teacher,Digital Marketer
75,78,30,63,49,65,57,60,1,1,0,0,1,1,0,1,0,0,Graphic Designer,Architect,Psychologist
39,33,80,84,27,78,70,68,1,1,1,1,1,1,0,1,1,1,Content Writer,Software Developer,Mechanical Engineer
22,33,95,58,62,81,88,61,1,0,0,1,0,0,0,1,0,1,Software Developer,Mechanical Engineer,Marketing Manager
23,61,46,38,97,44,79,37,1,0,0,0,1,0,1,0,0,1,Doctor,Data Scientist,Marketing Manager
29,46,80,61,23,91,66,62,1,1,1,0,1,0,1,1,0,1,Financial Analyst,Graphic Designer,UX/UI Designer
42,78,98,87,32,30,73,74,1,0,0,1,0,0,0,0,1,0,Content Writer,Mechanical Engineer,Digital Marketer
61,69,55,52,97,47,22,55,1,1,0,1,1,1,0,0,0,1,Digital Marketer,Civil Engineer,Graphic Designer
89,41,86,73,55,83,67,65,1,0,0,1,1,1,1,1,1,0,Financial Analyst,UX/UI Designer,Teacher
68,67,31,92,50,51,63,38,1,1,0,1,1,0,1,1,1,0,Civil Engineer,Data Scientist,Software Developer
20,67,49,24,23,52,31,92,0,1,1,1,0,1,0,0,1,0,Data Scientist,Civil Engineer,Architect
43,91,88,80,39,46,55,34,1,0,0,1,1,1,1,1,0,0,Data Scientist,UX/UI Designer,Graphic Designer
30,79,20,98,20,53,44,79,0,1,1,1,1,0,1,0,1,0,Data Scientist,Graphic Designer,Architect
79,28,48,82,67,46,69,29,0,1,0,0,0,1,0,0,1,0,Architect,Teacher,Digital Marketer
25,72,75,83,61,97,94,29,1,1,0,1,0,1,0,1,0,0,Digital Marketer,Architect,Teacher
24,37,54,38,49,45,47,92,0,0,1,0,1,1,1,1,1,1,Psychologist,UX/UI Designer,Graphic Designer
81,83,44,32,35,81,34,96,1,0,0,1,0,1,1,0,1,1,UX/UI Designer,Civil Engineer,Marketing Manager
43,77,64,46,22,79,62,66,0,0,0,1,1,1,0,0,0,1,Lawyer,Software Developer,Digital Marketer
44,48,87,26,43,72,59,69,1,0,0,0,0,1,0,0,1,0,Content Writer,UX/UI Designer,Teacher
46,72,93,60,32,26,89,79,1,1,0,0,0,1,1,1,0,0,Content Writer,Teacher,Psychologist
21,99,100,41,56,80,98,81,1,0,1,1,0,1,1,1,0,1,Content Writer,Civil Engineer,UX/UI Designer
68,45,40,54,86,59,62,53,0,0,1,0,0,1,0,1,1,0,Marketing Manager,Doctor,Software Developer
95,86,64,96,57,81,80,61,0,0,0,1,1,0,1,1,1,1,Content Writer,UX/UI Designer,Data Scientist
26,73,42,79,23,42,66,72,0,0,1,1,1,1,1,0,0,1,Software Developer,Marketing Manager,Lawyer
20,90,79,46,35,60,44,78,1,1,0,1,0,1,0,1,1,0,Doctor,Software Developer,Financial Analyst
73,99,67,22,65,65,25,21,0,1,0,0,1,0,1,1,0,1,Doctor,Financial Analyst,Architect
38,42,81,30,27,95,52,88,1,1,1,1,0,0,0,0,1,1,Graphic Designer,Architect,UX/UI Designer
89,91,71,65,56,31,100,54,1,0,1,1,1,0,1,1,0,0,Content Writer,Doctor,UX/UI Designer
56,21,83,20,49,74,100,46,0,1,1,0,1,1,0,0,0,0,Lawyer,UX/UI Designer,Mechanical Engineer
43,42,74,35,87,76,90,70,1,0,1,1,0,1,1,1,1,0,Graphic Designer,Marketing Manager,Digital Marketer
38,83,44,59,64,48,55,51,1,1,1,1,1,0,0,0,1,0,Civil Engineer,Data Scientist,Digital Marketer
94,44,41,45,38,85,65,38,1,0,0,0,0,1,1,1,1,1,Civil Engineer,Teacher,Data Scientist
20,26,57,55,98,63,77,95,0,0,1,0,0,1,1,1,0,1,Mechanical Engineer,Software Developer,Data Scientist
94,69,30,71,76,100,45,99,1,0,0,0,1,0,0,1,0,1,Lawyer,Mechanical Engineer,Psychologist
70,87,69,63,30,36,23,45,1,1,1,1,1,1,0,0,0,0,Mechanical Engineer,Lawyer,Architect
45,50,68,79,72,95,21,70,1,1,0,0,1,1,0,1,0,1,Financial Analyst,Software Developer,Doctor
33,38,37,65,30,28,90,71,1,1,1,1,1,0,0,0,0,1,Mechanical Engineer,UX/UI Designer,Financial Analyst
75,34,87,27,49,65,65,33,0,0,1,1,0,0,1,0,0,0,Teacher,Content Writer,Marketing Manager
36,63,77,72,46,23,87,80,0,1,1,0,1,0,0,1,0,0,Marketing Manager,Architect,Lawyer
93,58,54,97,42,44,77,45,0,0,1,0,0,1,0,1,0,0,Psychologist,UX/UI Designer,Digital Marketer
26,36,67,59,49,100,45,97,1,0,0,0,1,1,0,0,1,1,Teacher,Software Developer,Civil Engineer
27,37,25,68,27,25,27,62,0,1,1,0,0,0,1,0,0,1,Civil Engineer,Software Developer,Marketing Manager
89,89,81,62,56,81,52,92,1,0,1,0,0,0,1,0,0,0,Marketing Manager,Software Developer,Doctor
99,99,93,29,54,55,63,42,1,1,0,0,1,0,1,0,0,1,Software Developer,Lawyer,Doctor
54,44,49,92,36,48,91,100,1,1,0,0,1,1,1,0,0,0,Content Writer,UX/UI Designer,Data Scientist
55,79,36,87,49,41,54,39,0,0,0,1,1,1,0,1,0,0,Financial Analyst,Teacher,Content Writer
81,88,51,68,64,46,22,79,0,0,0,1,0,0,1,1,0,1,Doctor,Digital Marketer,UX/UI Designer
90,34,90,98,32,49,40,26,1,0,0,1,1,1,0,0,1,0,Doctor,Financial Analyst,Civil Engineer
77,37,44,47,33,49,74,99,1,0,0,0,0,1,0,1,1,1,Psychologist,Financial Analyst,Graphic Designer
50,96,80,55,20,67,23,63,0,0,1,0,1,1,1,1,0,0,Software Developer,Civil Engineer,Financial Analyst
98,37,29,90,41,82,63,47,0,1,0,0,1,0,1,0,1,0,Digital Marketer,Mechanical Engineer,Lawyer
95,94,100,77,79,70,92,66,1,0,1,1,1,1,0,1,0,0,Doctor,UX/UI Designer,Civil Engineer
43,78,44,26,26,25,23,70,0,1,0,1,0,1,1,1,0,0,Lawyer,Mechanical Engineer,Digital Marketer
38,29,71,66,30,53,47,53,1,0,1,0,0,0,1,1,0,1,Teacher,Software Developer,Marketing Manager
57,64,20,36,49,100,73,66,1,1,1,0,1,1,1,0,1,0,Marketing Manager,Mechanical Engineer,Digital Marketer
37,89,42,87,27,42,98,48,1,1,1,1,0,1,0,0,1,1,Civil Engineer,Financial Analyst,UX/UI Designer
54,53,63,66,27,36,41,34,1,1,0,0,0,0,0,1,1,0,UX/UI Designer,Data Scientist,Content Writer
44,84,65,94,41,99,56,84,0,0,0,1,1,0,0,1,1,1,Mechanical Engineer,Lawyer,Financial Analyst
99,91,22,36,62,57,31,52,0,0,1,1,0,1,0,1,0,0,Psychologist,Graphic Designer,Marketing Manager
80,46,52,70,88,68,71,84,0,0,1,1,1,0,0,1,0,0,Doctor,Content Writer,Software Developer
36,88,69,82,47,85,28,33,1,1,0,0,0,0,1,1,0,0,Mechanical Engineer,Civil Engineer,Doctor
45,73,20,30,60,38,58,59,0,1,1,0,1,1,1,0,0,1,Marketing Manager,Software Developer,Content Writer
65,65,41,86,66,73,72,97,1,1,0,0,0,1,1,0,1,1,Marketing Manager,Financial Analyst,Digital Marketer
40,77,27,27,47,68,60,90,0,1,1,1,0,0,1,0,0,0,Mechanical Engineer,Teacher,Content Writer
84,90,58,79,50,49,21,53,0,1,1,1,1,0,0,0,0,1,Marketing Manager,Mechanical Engineer,Teacher
94,50,49,95,84,86,35,41,1,1,0,1,0,0,1,1,0,0,Mechanical Engineer,Lawyer,Data Scientist
55,28,86,83,71,93,82,74,0,0,0,1,1,0,1,0,1,0,UX/UI Designer,Architect,Marketing Manager
21,47,87,92,30,24,38,76,0,1,0,0,0,1,0,1,1,1,Digital Marketer,Software Developer,Content Writer
32,20,92,55,62,33,74,94,1,0,1,1,1,1,0,0,0,0,Doctor,Teacher,Graphic Designer
91,68,39,51,71,77,65,71,1,0,1,0,1,0,0,1,0,1,Architect,Teacher,Content Writer
97,78,31,53,87,20,90,71,0,1,1,1,1,0,0,0,1,0,Mechanical Engineer,Lawyer,Doctor
74,41,77,48,96,85,51,64,1,1,1,1,0,1,0,1,1,0,Doctor,Lawyer,Psychologist
100,66,24,84,41,58,73,43,1,1,1,1,1,1,1,1,1,0,Teacher,Data Scientist,Doctor
46,28,60,82,24,61,58,76,1,1,1,1,0,0,0,0,0,0,Civil Engineer,Teacher,Architect
87,31,24,50,20,21,60,77,0,1,0,0,0,0,0,0,1,1,Digital Marketer,Financial Analyst,Software Developer
59,53,74,74,76,26,20,83,1,0,1,0,0,1,0,1,0,0,Graphic Designer,Teacher,Mechanical Engineer
21,79,78,61,48,83,33,100,0,0,1,1,0,1,1,1,1,0,Software Developer,Teacher,Graphic Designer
64,92,53,72,67,38,86,64,0,0,0,1,0,0,1,1,0,1,Financial Analyst,Data Scientist,UX/UI Designer
42,23,68,26,49,89,81,66,0,0,1,0,0,0,1,0,1,1,Marketing Manager,Lawyer,Civil Engineer
38,43,79,76,80,35,98,23,1,0,0,0,1,0,1,0,1,0,Graphic Designer,Psychologist,Architect
44,43,58,34,87,83,94,49,0,1,0,1,1,0,1,0,0,1,Civil Engineer,Doctor,Marketing Manager
65,65,41,45,54,25,42,84,0,0,0,0,0,0,1,0,1,0,Teacher,Content Writer,Civil Engineer
75,54,100,20,90,34,60,37,0,0,0,0,0,1,1,1,0,0,Architect,Psychologist,Data Scientist
67,49,26,31,34,59,53,25,0,1,1,1,0,0,1,1,1,1,Financial Analyst,Teacher,Software Developer
60,73,60,70,56,82,42,51,0,1,0,0,0,0,1,0,1,0,Financial Analyst,Content Writer,Teacher
37,57,28,57,96,96,26,96,1,0,0,1,1,0,0,0,0,0,Data Scientist,Financial Analyst,Teacher
32,94,20,50,88,100,80,23,0,1,1,0,1,1,1,1,0,1,Financial Analyst,Content Writer,Graphic Designer
94,57,83,33,89,88,76,41,0,1,0,1,0,1,1,1,1,1,Digital Marketer,Marketing Manager,Civil Engineer
36,84,55,21,93,77,62,53,0,0,1,1,0,1,0,1,0,0,UX/UI Designer,Software Developer,Teacher
42,99,90,39,53,100,65,65,0,0,1,0,1,0,0,0,1,0,Teacher,Psychologist,Data Scientist
32,100,38,88,23,50,26,93,0,1,0,1,0,0,1,1,0,1,Mechanical Engineer,Data Scientist,Financial Analyst
60,67,73,36,29,40,20,70,0,0,0,1,0,1,1,1,0,0,Software Developer,Graphic Designer,Data Scientist
100,37,41,82,56,78,58,83,0,1,1,0,0,1,0,0,1,0,Lawyer,Software Developer,Marketing Manager
24,20,21,47,48,41,83,27,1,1,0,1,0,0,0,1,0,0,Lawyer,Architect,Financial Analyst
53,33,81,80,80,39,75,87,1,0,1,1,1,0,0,0,1,0,Architect,Marketing Manager,Content Writer
54,22,90,61,86,75,65,26,1,1,0,0,1,0,0,1,1,1,Civil Engineer,Teacher,Content Writer
100,56,24,92,59,96,50,84,1,0,0,1,0,0,0,0,1,1,Graphic Designer,Financial Analyst,Psychologist
38,21,88,47,92,95,78,46,1,1,0,1,1,1,1,1,1,0,Financial Analyst,Architect,Digital Marketer
56,92,50,72,35,70,52,91,0,0,1,1,1,0,0,1,1,1,Architect,Psychologist,Teacher
36,72,40,73,64,34,99,22,1,1,1,0,1,0,0,1,0,0,Marketing Manager,Software Developer,Data Scientist
78,54,85,28,66,81,41,45,1,1,1,1,1,0,0,0,0,1,Psychologist,Marketing Manager,Lawyer
98,42,39,97,93,61,35,87,0,0,0,1,0,0,1,0,0,0,Digital Marketer,Teacher,Marketing Manager
68,21,73,89,96,34,71,30,0,0,1,1,0,0,0,1,1,1,UX/UI Designer,Civil Engineer,Marketing Manager
64,75,73,33,55,84,70,48,1,1,0,1,1,0,1,0,0,0,Data Scientist,Lawyer,Psychologist
64,91,20,90,98,62,34,84,0,1,1,0,0,1,1,0,1,0,Financial Analyst,Teacher,UX/UI Designer
46,49,85,42,39,65,76,94,1,0,0,1,1,0,1,0,0,0,Lawyer,Data Scientist,Doctor
56,92,65,86,85,71,58,81,0,1,0,1,0,0,0,1,1,0,Lawyer,Software Developer,Digital Marketer
80,34,99,29,58,57,46,55,1,0,1,1,0,0,1,0,1,1,Architect,Marketing Manager,Graphic Designer
64,29,69,43,29,36,24,78,0,1,0,1,1,1,0,1,1,0,Lawyer,Psychologist,Data Scientist
88,36,40,73,54,30,40,83,0,0,1,0,1,0,0,0,1,1,Civil Engineer,Graphic Designer,Doctor
73,63,61,70,86,76,90,36,0,0,0,0,1,1,1,0,1,0,Data Scientist,Psychologist,Digital Marketer
99,91,94,75,76,90,88,80,1,0,1,0,0,0,0,1,1,1,Architect,Mechanical Engineer,Psychologist
23,69,40,31,57,82,28,49,1,0,0,0,0,0,1,1,0,1,Graphic Designer,Teacher,Financial Analyst
80,65,83,57,25,59,59,24,1,1,1,1,1,1,1,0,0,1,Mechanical Engineer,Content Writer,Teacher
58,49,46,88,74,51,37,56,0,0,0,0,1,1,1,0,0,1,Architect,Civil Engineer,Mechanical Engineer
91,57,64,30,65,100,69,70,1,1,1,0,0,1,1,1,0,1,Data Scientist,Content Writer,Mechanical Engineer
88,91,85,39,55,86,40,63,1,0,0,1,0,0,1,1,0,0,Architect,Doctor,Lawyer
55,36,61,81,45,99,68,23,1,1,1,0,0,0,0,1,0,0,Lawyer,UX/UI Designer,Teacher
74,71,44,41,56,24,34,53,0,0,0,0,0,1,1,1,1,1,Graphic Designer,Teacher,Civil Engineer
51,77,50,93,23,28,95,53,1,0,1,1,1,0,0,0,0,0,Graphic Designer,Psychologist,Software Developer
90,26,33,97,51,69,100,36,1,0,1,1,1,1,0,1,1,1,Lawyer,Financial Analyst,Civil Engineer
93,99,30,92,97,70,24,48,1,1,1,0,0,1,0,0,0,0,Graphic Designer,Financial Analyst,Architect
64,73,56,69,46,20,32,64,1,0,1,0,0,1,0,1,0,0,Content Writer,UX/UI Designer,Mechanical Engineer
35,78,30,22,60,65,59,64,1,0,1,0,0,1,0,0,1,1,Psychologist,Mechanical Engineer,Civil Engineer
59,79,61,24,33,49,82,59,0,1,1,1,1,0,0,1,1,1,Psychologist,Civil Engineer,Financial Analyst
27,72,76,32,76,23,47,82,0,1,1,0,1,1,1,1,0,0,Software Developer,Psychologist,Teacher
76,78,86,96,88,54,30,53,0,0,0,1,1,0,1,1,1,1,Content Writer,Software Developer,Teacher
60,37,38,24,25,54,75,81,1,1,0,0,0,0,0,1,1,1,Content Writer,Architect,Financial Analyst
67,75,59,35,99,71,98,62,1,1,1,1,0,0,1,0,0,0,Civil Engineer,UX/UI Designer,Financial Analyst
91,62,31,80,61,31,79,33,1,1,0,0,0,0,0,1,1,0,Lawyer,Graphic Designer,Software Developer
83,51,21,64,20,98,97,83,1,1,0,0,1,0,1,1,1,1,Graphic Designer,Software Developer,Digital Marketer
89,48,86,24,26,23,82,81,1,1,1,1,1,0,0,0,1,0,Software Developer,Teacher,Civil Engineer
99,28,21,82,32,39,32,82,0,1,1,0,0,0,1,1,1,1,Data Scientist,Graphic Designer,Content Writer
31,41,50,54,44,44,46,61,1,0,1,0,1,1,0,0,1,1,Software Developer,Teacher,Financial Analyst
59,36,43,71,87,69,79,92,1,1,1,1,1,1,1,0,1,0,Financial Analyst,Data Scientist,Digital Marketer
77,87,90,35,74,78,37,52,1,0,1,0,0,1,1,0,0,1,Digital Marketer,Content Writer,Civil Engineer
42,50,99,71,84,58,75,58,0,1,0,0,0,1,0,1,1,0,Data Scientist,Content Writer,Lawyer
96,63,87,47,34,25,84,89,1,1,0,0,0,1,0,1,1,0,Digital Marketer,Graphic Designer,Mechanical Engineer
39,47,87,92,57,91,41,50,1,0,1,1,1,1,0,0,1,0,Graphic Designer,Mechanical Engineer,Marketing Manager
85,29,84,62,45,100,48,91,1,0,1,1,1,1,0,1,1,0,Lawyer,Mechanical Engineer,Architect
91,95,92,51,73,79,85,81,0,0,0,1,0,0,0,0,1,0,Mechanical Engineer,UX/UI Designer,Psychologist
61,96,50,52,88,56,74,76,1,0,0,1,1,0,0,0,1,0,Doctor,Data Scientist,Financial Analyst
64,56,30,46,80,72,80,97,0,1,1,1,1,1,1,0,0,1,Content Writer,Teacher,Architect
92,65,70,43,28,98,93,80,1,0,0,0,0,1,1,0,1,0,Marketing Manager,Lawyer,Digital Marketer
32,87,97,31,95,48,82,41,1,1,0,0,1,1,1,1,0,0,Marketing Manager,Financial Analyst,Teacher
76,66,30,92,39,78,39,45,1,1,1,0,1,1,0,0,1,0,Marketing Manager,Doctor,Graphic Designer
66,47,32,66,79,78,85,58,1,1,1,1,0,0,1,1,0,0,Doctor,Content Writer,Mechanical Engineer
45,87,77,100,54,79,80,48,0,0,1,0,0,1,1,0,1,0,Financial Analyst,UX/UI Designer,Marketing Manager
80,39,92,26,76,22,47,40,1,1,1,0,1,1,0,1,0,1,Data Scientist,Software Developer,Financial Analyst
92,98,64,84,54,60,85,79,1,1,1,1,0,0,0,0,1,1,Architect,Civil Engineer,Data Scientist
46,54,42,60,85,66,64,93,1,1,0,0,0,0,1,1,1,1,UX/UI Designer,Data Scientist,Doctor
84,79,88,86,59,82,95,67,1,0,0,1,0,1,1,0,0,1,Architect,Financial Analyst,Content Writer
47,64,41,50,61,68,68,94,1,1,0,0,0,0,0,1,1,0,Civil Engineer,UX/UI Designer,Data Scientist
82,100,65,37,42,40,32,25,1,0,1,1,0,1,1,1,0,0,Architect,Civil Engineer,Psychologist
29,74,81,36,87,56,68,35,0,0,1,1,1,0,1,0,0,1,Marketing Manager,Lawyer,Digital Marketer
23,43,93,89,29,40,71,33,0,1,1,1,1,1,0,1,1,0,Mechanical Engineer,Software Developer,UX/UI Designer
72,25,74,61,84,86,74,85,0,0,0,1,1,1,1,0,0,1,UX/UI Designer,Graphic Designer,Financial Analyst
83,23,56,49,70,61,31,23,0,1,1,0,1,0,0,0,1,1,Civil Engineer,Financial Analyst,Data Scientist
37,43,76,28,71,72,37,32,1,0,0,1,0,1,0,0,0,0,Doctor,Financial Analyst,Teacher
49,59,77,40,65,47,34,59,0,1,0,0,1,1,0,1,0,1,Architect,Lawyer,Graphic Designer
68,91,40,52,32,100,56,86,1,1,1,0,0,1,1,1,1,0,Lawyer,Architect,UX/UI Designer
90,26,38,90,79,28,33,60,0,1,0,1,1,1,0,1,0,0,Financial Analyst,Teacher,Marketing Manager
49,42,29,56,40,71,44,89,1,1,1,0,1,0,0,1,1,1,Marketing Manager,Data Scientist,Content Writer
28,75,85,59,88,47,35,37,1,1,1,1,0,0,0,0,0,1,Digital Marketer,Lawyer,Teacher
75,85,71,73,80,89,63,56,0,0,1,1,0,1,1,0,0,0,Software Developer,Financial Analyst,Mechanical Engineer
47,68,20,28,73,31,64,94,1,1,0,1,1,0,0,0,1,1,Financial Analyst,Architect,Psychologist
49,77,96,91,61,97,55,31,1,1,1,1,0,1,0,0,0,0,Content Writer,Architect,UX/UI Designer
65,69,81,81,33,47,69,86,0,0,0,1,1,0,0,1,1,1,Graphic Designer,Lawyer,Financial Analyst
28,60,86,38,74,27,56,75,1,0,0,1,1,1,1,0,1,0,Teacher,Data Scientist,UX/UI Designer
28,37,81,66,91,30,55,28,0,0,1,0,0,1,1,0,0,0,Doctor,Content Writer,Teacher
75,66,90,97,64,32,56,54,0,0,1,1,0,1,1,0,1,1,Civil Engineer,Psychologist,Software Developer
63,53,43,64,89,81,76,44,1,0,0,1,0,0,0,1,1,1,Data Scientist,Financial Analyst,Architect
93,95,29,42,31,84,63,93,1,1,1,0,1,1,0,0,1,0,Architect,Software Developer,Doctor
51,51,56,85,21,80,84,36,1,1,0,0,1,1,1,1,0,0,Lawyer,Marketing Manager,Software Developer
98,39,55,68,29,67,65,61,0,0,1,1,0,0,0,1,0,1,Content Writer,Financial Analyst,Data Scientist
97,55,41,37,30,64,98,59,1,1,0,0,1,0,0,0,1,1,Graphic Designer,Lawyer,Civil Engineer
68,61,48,65,61,63,71,68,1,0,1,0,1,0,0,0,0,1,Marketing Manager,Architect,Lawyer
35,60,60,93,79,83,30,73,0,1,0,1,1,1,1,1,1,1,Graphic Designer,Mechanical Engineer,Marketing Manager
50,24,51,42,64,23,84,80,1,0,1,1,1,1,0,0,1,0,Digital Marketer,Teacher,Architect
87,99,57,54,52,84,76,71,1,1,0,1,1,0,1,0,0,0,Content Writer,Marketing Manager,Graphic Designer
82,52,80,37,33,91,59,80,1,1,0,1,1,0,0,0,1,1,Digital Marketer,Architect,Civil Engineer
79,33,84,39,33,84,88,92,0,0,1,0,1,0,0,0,1,1,Civil Engineer,Marketing Manager,Digital Marketer
67,64,66,82,20,29,65,21,1,0,0,0,1,0,0,1,0,1,Graphic Designer,Financial Analyst,Civil Engineer
97,68,20,73,50,91,22,87,1,1,1,0,1,1,1,0,1,1,Doctor,Mechanical Engineer,Marketing Manager
86,48,93,55,54,40,73,36,0,1,0,0,1,0,0,1,0,0,Graphic Designer,Psychologist,Marketing Manager
74,26,59,95,92,40,87,55,1,1,0,0,1,0,1,0,0,0,Software Developer,Graphic Designer,Content Writer
32,97,53,84,68,71,44,70,1,1,1,1,0,1,0,0,1,1,UX/UI Designer,Doctor,Psychologist
34,46,94,86,66,29,46,42,1,1,0,0,0,0,1,1,0,0,Teacher,Marketing Manager,Mechanical Engineer
55,90,37,64,80,37,67,24,1,1,0,1,1,0,1,0,1,0,UX/UI Designer,Mechanical Engineer,Lawyer
55,99,45,87,27,88,46,36,0,1,1,1,0,0,1,0,0,0,Teacher,Psychologist,Data Scientist
59,27,30,90,24,96,98,53,1,1,0,1,0,1,0,0,0,1,Psychologist,UX/UI Designer,Content Writer
66,27,75,44,74,61,79,21,0,1,0,1,0,1,0,1,1,1,Teacher,Graphic Designer,Digital Marketer
32,47,86,36,64,88,70,64,1,0,1,1,1,0,0,1,0,1,Mechanical Engineer,UX/UI Designer,Teacher
33,68,60,66,75,64,30,40,1,0,0,0,0,1,1,0,1,0,Psychologist,Graphic Designer,Lawyer
55,63,75,36,57,80,50,80,1,0,1,1,0,0,1,1,1,0,Civil Engineer,Data Scientist,Marketing Manager
94,21,77,97,68,72,100,90,0,1,1,0,0,0,0,1,1,1,Psychologist,Doctor,Lawyer
93,47,90,78,89,86,20,50,1,1,0,0,0,1,1,0,0,0,Doctor,Software Developer,Graphic Designer
27,94,95,27,79,80,64,73,1,0,0,0,1,1,0,0,1,0,Marketing Manager,Civil Engineer,Data Scientist
53,41,70,31,38,61,35,24,0,0,0,1,0,1,0,0,0,1,Civil Engineer,Doctor,Architect
42,46,62,71,47,75,83,66,0,1,1,1,0,1,0,0,0,1,Data Scientist,Civil Engineer,UX/UI Designer
94,46,31,62,57,67,23,78,0,0,1,0,1,1,1,0,0,0,Psychologist,Mechanical Engineer,Software Developer
100,48,44,34,87,21,88,80,0,1,1,1,0,1,0,0,0,1,Lawyer,Psychologist,Civil Engineer
70,50,37,74,87,45,36,36,1,1,0,0,1,1,0,0,0,0,Data Scientist,Psychologist,Content Writer
90,37,64,77,84,85,37,49,0,0,1,1,0,0,1,0,1,1,Marketing Manager,Digital Marketer,UX/UI Designer
59,90,90,87,94,88,65,31,0,1,1,0,1,1,0,0,1,0,Psychologist,Architect,Graphic Designer
35,37,44,68,30,21,83,55,1,0,1,0,1,0,1,1,0,1,Mechanical Engineer,UX/UI Designer,Financial Analyst
23,23,32,53,92,96,54,72,0,1,0,1,1,1,1,1,0,1,Financial Analyst,Mechanical Engineer,Content Writer
29,49,51,34,23,56,87,28,1,1,1,0,1,0,0,1,0,1,Teacher,Graphic Designer,Mechanical Engineer
97,64,61,53,51,39,62,21,1,0,0,0,1,0,0,0,1,0,Civil Engineer,Marketing Manager,Financial Analyst
99,20,37,58,42,70,73,54,0,1,0,1,0,1,0,1,1,0,Civil Engineer,Graphic Designer,Lawyer
69,22,46,52,22,80,63,52,0,0,0,0,0,0,1,1,0,1,Data Scientist,Digital Marketer,Teacher
63,65,74,100,47,49,43,88,1,1,0,0,1,1,0,0,1,1,Data Scientist,Architect,Mechanical Engineer
72,73,51,65,92,96,30,96,0,1,0,1,1,0,1,0,0,1,Digital Marketer,Financial Analyst,Teacher
54,47,32,26,50,64,29,41,0,0,0,0,0,1,1,0,0,0,Doctor,Teacher,Lawyer
33,22,25,26,49,41,48,87,1,0,1,0,0,0,0,0,0,1,Digital Marketer,Software Developer,UX/UI Designer
92,93,41,30,20,20,26,98,1,0,0,1,1,1,1,1,1,1,Content Writer,Graphic Designer,Civil Engineer
36,22,63,82,96,87,67,96,1,1,1,0,0,1,1,0,1,0,Software Developer,UX/UI Designer,Civil Engineer
85,57,68,71,48,56,37,30,1,1,0,1,0,0,1,0,1,0,Marketing Manager,Data Scientist,Doctor
69,89,49,44,25,80,90,99,0,0,1,1,0,1,1,1,1,1,Digital Marketer,Software Developer,Psychologist
83,99,67,35,53,40,92,48,0,1,1,0,1,1,1,0,0,0,Digital Marketer,Mechanical Engineer,Content Writer
92,69,36,44,20,56,81,44,0,1,1,0,1,1,0,0,1,0,Doctor,Civil Engineer,Software Developer
58,67,87,41,72,74,56,34,1,1,0,1,0,1,1,1,1,1,Teacher,Digital Marketer,Financial Analyst
88,81,32,90,58,85,71,61,1,1,0,1,1,0,0,1,1,0,Graphic Designer,Content Writer,Architect
82,45,89,55,62,83,70,40,1,1,0,0,0,1,1,0,1,0,Doctor,Graphic Designer,Teacher
90,60,37,26,40,74,56,48,0,1,0,1,1,0,0,0,0,1,Architect,Marketing Manager,Mechanical Engineer
80,41,33,93,65,36,97,27,1,1,1,1,0,1,0,0,0,0,Doctor,Data Scientist,Software Developer
44,55,81,95,23,45,95,53,0,1,1,0,0,0,0,1,1,0,Mechanical Engineer,Marketing Manager,Civil Engineer
31,20,84,49,43,43,81,59,1,1,1,0,0,0,1,1,1,1,Graphic Designer,Content Writer,UX/UI Designer
48,91,63,90,59,43,31,65,0,1,1,1,0,0,0,1,0,1,Lawyer,Civil Engineer,Digital Marketer
47,22,25,26,80,85,35,64,0,0,1,1,0,1,1,1,0,0,Teacher,Content Writer,Financial Analyst
91,69,44,23,70,65,28,58,0,1,1,0,0,0,1,0,1,0,Digital Marketer,Lawyer,Psychologist
30,21,38,99,90,45,23,91,1,1,0,1,0,1,1,0,0,1,Data Scientist,UX/UI Designer,Lawyer
70,59,68,62,45,54,82,28,0,1,0,1,1,1,0,0,1,0,Civil Engineer,Marketing Manager,Data Scientist
31,55,61,40,71,93,82,99,1,0,0,0,0,1,1,0,0,0,Marketing Manager,Doctor,UX/UI Designer
79,67,78,68,93,72,81,39,0,0,1,1,0,1,0,0,1,1,UX/UI Designer,Marketing Manager,Civil Engineer
80,91,77,80,47,41,90,36,0,0,1,1,1,0,0,1,1,0,Civil Engineer,Content Writer,Lawyer
46,73,96,22,50,60,65,96,0,0,0,1,0,0,0,0,1,0,Content Writer,Lawyer,Psychologist
21,37,62,74,73,28,62,49,0,0,0,1,1,0,1,0,1,0,Software Developer,Content Writer,Graphic Designer
61,54,88,96,55,22,50,37,0,0,1,0,1,0,0,1,1,0,Teacher,Software Developer,Data Scientist
37,23,31,57,70,82,31,98,1,0,0,1,0,0,0,1,0,0,Data Scientist,UX/UI Designer,Financial Analyst
73,58,95,64,62,59,95,78,0,0,0,1,0,0,1,0,1,0,UX/UI Designer,Architect,Doctor
58,33,87,23,75,80,72,45,1,0,1,1,1,0,1,0,1,0,Civil Engineer,UX/UI Designer,Software Developer
26,25,93,21,48,69,45,83,1,1,1,0,0,1,0,0,0,1,Teacher,Data Scientist,Architect
51,68,53,79,26,35,92,40,0,1,0,0,1,1,1,0,1,0,Financial Analyst,Software Developer,Civil Engineer
82,48,45,47,86,82,66,65,0,0,1,1,1,1,0,1,0,0,Lawyer,Graphic Designer,Civil Engineer
74,90,97,100,78,26,31,49,1,1,0,0,1,1,0,1,1,0,Architect,Psychologist,Civil Engineer
72,85,42,46,70,36,41,35,0,1,0,1,1,0,0,1,0,1,Software Developer,Architect,Content Writer
86,95,53,46,58,58,82,73,0,0,0,1,1,1,1,1,1,1,Content Writer,Data Scientist,Graphic Designer
54,69,65,41,64,82,44,80,1,0,0,0,1,1,1,1,0,1,Data Scientist,Digital Marketer,Civil Engineer
53,38,74,56,80,77,87,25,1,0,1,1,0,1,0,1,1,1,Doctor,Architect,Digital Marketer
84,76,98,82,36,35,71,48,0,1,1,1,0,1,1,1,1,0,Lawyer,Content Writer,Software Developer
48,60,59,91,94,29,74,50,1,0,1,0,1,0,1,1,0,1,Graphic Designer,Civil Engineer,Architect
81,97,86,41,52,31,91,45,1,0,0,0,1,1,1,1,1,1,Civil Engineer,Mechanical Engineer,Lawyer
92,64,87,65,20,74,87,46,1,1,1,0,0,0,0,0,0,1,Content Writer,Teacher,Civil Engineer
60,87,85,37,65,22,42,76,1,1,0,1,0,1,0,0,0,0,UX/UI Designer,Data Scientist,Lawyer
65,69,70,85,60,52,83,84,1,0,1,1,0,1,0,0,0,1,Mechanical Engineer,Digital Marketer,Graphic Designer
29,96,85,27,60,63,31,44,1,1,1,0,0,1,0,0,1,1,Software Developer,Mechanical Engineer,UX/UI Designer
47,30,91,62,80,88,53,48,0,1,1,0,0,0,0,0,1,0,Architect,Data Scientist,Mechanical Engineer
73,86,45,45,38,26,51,40,1,0,0,0,0,0,1,1,1,0,Graphic Designer,Teacher,Data Scientist
78,37,61,43,58,91,58,43,0,1,1,0,0,1,0,0,0,0,Mechanical Engineer,Psychologist,Content Writer
22,89,73,48,24,38,88,75,0,1,0,1,0,1,0,0,0,0,Architect,Lawyer,Teacher
65,31,52,70,87,87,71,58,0,1,0,0,0,1,1,0,0,0,Content Writer,Mechanical Engineer,Psychologist
63,26,22,89,29,98,69,86,1,1,1,0,0,0,1,0,0,1,Psychologist,Teacher,Graphic Designer
61,64,99,61,20,76,92,87,0,0,1,0,0,0,1,1,1,0,Financial Analyst,Teacher,Marketing Manager
34,90,61,93,53,51,32,63,0,0,1,0,0,0,0,0,0,0,Teacher,Marketing Manager,Lawyer
51,20,87,59,97,44,45,55,1,0,0,0,1,0,1,0,0,1,Data Scientist,Financial Analyst,Software Developer
90,85,96,45,23,78,63,75,1,0,1,0,1,1,1,0,0,1,Financial Analyst,Digital Marketer,Software Developer
81,98,98,52,88,20,100,70,1,0,0,1,1,1,0,1,1,0,Teacher,Doctor,Civil Engineer
30,96,69,43,90,73,56,86,1,1,0,0,1,0,0,1,1,0,Digital Marketer,Psychologist,Software Developer
37,22,22,32,84,30,81,97,1,1,1,0,0,1,1,0,0,0,Graphic Designer,Civil Engineer,Software Developer
57,91,78,20,31,54,48,81,0,0,1,1,0,0,1,1,1,1,Graphic Designer,Marketing Manager,Doctor
25,41,55,92,32,22,71,88,0,1,0,1,0,1,0,0,0,0,Architect,Psychologist,Digital Marketer
58,58,68,27,84,80,68,27,0,0,1,1,1,0,0,0,0,0,Software Developer,Civil Engineer,Mechanical Engineer
40,90,82,75,55,65,59,33,0,1,1,1,0,0,1,0,0,0,Data Scientist,Software Developer,Teacher
73,65,92,53,35,95,44,35,1,1,1,0,1,0,0,1,0,0,Lawyer,Graphic Designer,Financial Analyst
36,65,76,71,92,56,81,23,1,0,1,1,0,0,1,0,0,1,Civil Engineer,Digital Marketer,UX/UI Designer
34,65,98,61,69,20,90,35,1,0,0,0,1,0,0,1,0,0,UX/UI Designer,Marketing Manager,Teacher
45,50,50,41,93,42,97,70,0,1,0,1,1,1,0,0,1,0,Content Writer,UX/UI Designer,Marketing Manager
56,61,61,48,35,59,31,81,0,1,1,1,1,0,1,0,1,0,Financial Analyst,Lawyer,UX/UI Designer
58,69,58,47,67,67,52,49,0,0,0,0,0,0,0,0,1,0,Lawyer,Digital Marketer,Teacher
44,21,23,57,91,54,86,39,0,0,0,0,1,0,1,0,0,0,Psychologist,Digital Marketer,Civil Engineer
32,82,69,75,46,48,100,31,0,0,0,0,1,1,0,1,0,0,UX/UI Designer,Software Developer,Data Scientist
34,38,64,21,96,90,45,65,1,0,0,0,1,1,0,0,1,0,Psychologist,Marketing Manager,Civil Engineer
69,31,70,97,52,49,90,49,1,1,0,0,0,0,0,1,0,0,Digital Marketer,Architect,Civil Engineer
57,56,62,24,58,68,51,95,0,0,0,1,0,0,1,0,0,1,Digital Marketer,UX/UI Designer,Data Scientist
51,78,48,38,77,70,47,22,1,1,0,0,0,0,1,0,1,1,Lawyer,Architect,Marketing Manager
75,89,26,33,77,74,89,32,1,1,1,1,0,0,1,0,0,1,Teacher,Graphic Designer,Software Developer
88,21,39,63,40,35,82,65,1,0,0,0,0,1,1,0,1,0,Data Scientist,Content Writer,Lawyer
67,76,45,97,31,43,65,81,1,0,1,1,0,1,1,0,1,1,Financial Analyst,Architect,Doctor
82,63,82,26,47,55,25,40,0,1,0,0,1,0,0,1,1,0,Mechanical Engineer,UX/UI Designer,Financial Analyst
43,43,95,69,28,45,75,100,1,0,1,1,0,0,1,0,0,0,Architect,Civil Engineer,Software Developer
83,65,34,44,66,38,73,69,1,0,1,0,0,1,1,0,1,0,Teacher,Architect,Graphic Designer
45,41,52,37,84,33,96,92,0,0,1,1,1,1,1,0,0,1,Digital Marketer,Mechanical Engineer,Financial Analyst
85,92,66,23,73,87,38,73,0,1,1,0,0,1,1,0,1,0,Teacher,Data Scientist,Graphic Designer
58,56,86,67,22,30,95,34,1,0,1,0,0,0,1,1,1,0,Psychologist,Architect,Graphic Designer
64,58,31,86,94,23,90,31,0,1,0,1,1,1,0,0,0,1,Data Scientist,Financial Analyst,Architect
88,34,43,52,73,59,89,88,1,1,1,0,0,0,1,0,1,0,Teacher,Mechanical Engineer,Financial Analyst
22,87,63,37,56,85,94,70,0,0,0,1,0,0,1,1,0,1,Digital Marketer,Psychologist,Doctor
97,99,49,75,73,90,86,37,0,0,0,1,1,1,1,1,1,0,Architect,Doctor,UX/UI Designer
97,94,83,87,27,52,97,88,0,1,1,0,0,0,0,1,0,1,Software Developer,Mechanical Engineer,Doctor
94,82,93,78,72,56,75,31,1,0,0,1,1,0,1,0,1,0,Graphic Designer,Mechanical Engineer,Content Writer
93,32,27,46,37,47,23,61,1,1,0,1,0,1,0,1,0,0,Software Developer,Data Scientist,Graphic Designer
91,30,98,68,82,39,69,42,1,0,0,1,1,0,0,0,1,0,Architect,Software Developer,Civil Engineer
90,34,27,95,73,29,71,92,0,1,0,1,0,0,0,0,0,1,Civil Engineer,Mechanical Engineer,Architect
86,51,33,22,92,89,70,21,0,0,0,0,1,1,0,0,0,1,Graphic Designer,Data Scientist,Software Developer
71,72,100,88,54,21,85,72,0,1,0,0,1,1,0,0,0,1,Civil Engineer,Financial Analyst,Digital Marketer
33,39,61,48,32,74,54,100,1,0,0,1,1,1,0,1,0,0,Doctor,Marketing Manager,Civil Engineer
65,88,86,62,54,26,97,99,1,1,0,1,0,1,0,0,1,1,Marketing Manager,Doctor,Data Scientist
95,64,53,30,93,20,99,35,0,1,0,1,1,0,0,0,1,1,Civil Engineer,Data Scientist,Psychologist
22,29,42,57,77,95,53,79,1,1,0,1,0,0,0,0,0,0,Marketing Manager,Lawyer,Doctor
28,87,65,50,61,81,39,76,0,1,1,1,0,1,1,1,0,1,Marketing Manager,Doctor,Architect
54,40,84,41,67,24,46,62,1,1,1,1,0,1,0,1,0,0,Architect,Doctor,Software Developer
52,69,85,92,90,21,47,76,1,0,0,1,1,1,0,1,0,1,Marketing Manager,Mechanical Engineer,Data Scientist
91,39,60,92,25,75,57,34,1,1,0,1,1,0,1,0,0,0,Psychologist,Architect,Marketing Manager
72,67,95,62,31,92,98,70,0,1,1,1,1,1,0,1,1,1,Lawyer,Graphic Designer,Doctor
98,38,38,61,37,54,58,36,0,1,1,1,0,0,0,0,1,1,Lawyer,Mechanical Engineer,Civil Engineer
72,25,92,60,45,42,44,35,0,1,1,0,0,0,1,0,1,1,Financial Analyst,Civil Engineer,Content Writer
42,54,65,36,77,37,71,71,1,0,0,0,0,1,1,0,1,0,Software Developer,Financial Analyst,Data Scientist
34,33,76,82,30,79,31,55,0,0,0,0,1,1,0,1,1,0,Digital Marketer,Architect,UX/UI Designer
54,26,22,59,56,20,24,42,1,1,0,0,1,0,1,1,1,0,Data Scientist,Digital Marketer,Graphic Designer
81,59,69,63,71,86,48,76,0,0,1,1,1,0,0,0,0,1,Financial Analyst,Mechanical Engineer,Lawyer
44,98,55,67,53,22,55,53,1,1,0,0,1,1,0,1,0,0,Architect,Mechanical Engineer,Teacher
74,59,60,91,90,26,54,94,1,0,0,0,0,1,0,1,1,1,Mechanical Engineer,Digital Marketer,Graphic Designer
93,70,86,37,65,73,28,50,1,0,0,1,1,0,1,1,1,1,Software Developer,Mechanical Engineer,Graphic Designer
29,56,22,85,53,42,70,59,1,0,0,1,0,1,0,0,0,0,UX/UI Designer,Civil Engineer,Psychologist
71,23,84,42,30,63,35,52,0,0,1,0,1,0,1,1,1,0,Architect,Marketing Manager,Graphic Designer
87,23,87,29,55,46,78,86,0,1,1,0,0,1,1,0,1,0,Doctor,Software Developer,Architect
60,92,98,69,79,50,94,68,1,1,0,1,0,0,1,1,1,0,Financial Analyst,Digital Marketer,Mechanical Engineer
28,55,84,99,24,55,63,63,0,0,0,1,1,1,0,0,1,1,Mechanical Engineer,Civil Engineer,Marketing Manager
32,59,28,36,41,73,76,22,1,0,1,1,0,0,0,1,0,0,Lawyer,Software Developer,Content Writer
52,65,28,56,77,25,59,68,1,0,0,1,0,0,0,0,1,0,Civil Engineer,Financial Analyst,Teacher
54,34,68,74,77,57,47,55,1,1,1,1,0,0,1,1,1,1,UX/UI Designer,Doctor,Graphic Designer
66,53,38,70,31,56,80,65,1,1,1,1,1,0,0,0,0,0,Data Scientist,Architect,Psychologist
100,89,66,79,66,98,23,95,0,1,1,1,0,1,0,0,1,0,Psychologist,Lawyer,Marketing Manager
92,48,71,93,80,35,91,61,0,0,0,1,1,0,1,1,1,1,Digital Marketer,Psychologist,Graphic Designer
50,56,46,26,27,56,94,42,0,0,0,1,0,1,0,0,1,0,Digital Marketer,UX/UI Designer,Data Scientist
62,62,55,38,48,23,54,85,1,1,0,1,1,0,1,1,1,1,Digital Marketer,Mechanical Engineer,Psychologist
41,25,80,87,67,58,55,46,1,1,1,0,1,0,1,1,0,0,Marketing Manager,Doctor,Mechanical Engineer
96,99,61,62,24,82,72,82,1,0,0,0,0,1,1,1,0,0,Content Writer,Architect,Lawyer
92,68,24,100,98,59,32,32,1,1,0,1,0,0,0,0,1,0,Data Scientist,UX/UI Designer,Software Developer
86,38,32,82,85,56,71,89,1,1,1,1,0,0,1,0,0,0,Architect,Data Scientist,Psychologist
83,25,30,85,88,86,54,80,1,1,1,1,1,0,0,0,1,0,Financial Analyst,Civil Engineer,Architect
57,65,87,86,100,82,95,69,0,0,1,1,0,0,1,1,0,1,Lawyer,Mechanical Engineer,Doctor
21,82,53,84,93,87,80,38,0,1,0,0,0,0,0,0,0,1,Psychologist,Teacher,Architect
74,73,69,48,32,86,69,20,1,1,0,1,0,0,1,0,0,1,Mechanical Engineer,Marketing Manager,Doctor
90,33,64,53,73,34,20,45,1,0,0,0,0,0,1,0,1,1,UX/UI Designer,Psychologist,Mechanical Engineer
21,53,95,42,100,96,43,56,0,1,0,1,0,0,1,0,0,0,Civil Engineer,Digital Marketer,Graphic Designer
78,39,23,43,37,58,53,96,1,0,1,1,1,1,0,1,1,1,Mechanical Engineer,Psychologist,Doctor
64,59,27,78,81,42,56,51,0,0,1,0,0,0,1,0,1,1,Architect,Content Writer,Teacher
84,67,40,44,31,24,62,48,0,0,0,0,1,0,0,0,0,1,Graphic Designer,Data Scientist,Financial Analyst
78,81,99,81,100,93,24,38,1,1,0,0,0,1,1,0,0,1,Digital Marketer,UX/UI Designer,Graphic Designer
29,51,40,45,67,64,56,90,1,0,0,0,1,1,0,1,0,0,UX/UI Designer,Digital Marketer,Doctor
91,78,23,85,22,57,33,66,0,1,1,1,0,0,0,0,1,0,Doctor,Content Writer,Software Developer
51,43,53,62,85,56,22,44,0,1,0,0,1,0,1,0,0,0,Lawyer,Content Writer,Mechanical Engineer
46,68,99,71,62,68,40,45,0,0,0,1,0,0,1,0,1,0,Content Writer,Marketing Manager,Software Developer
91,94,87,75,81,76,59,35,0,1,0,0,1,1,1,1,1,0,Graphic Designer,Psychologist,Architect
63,47,65,72,90,29,79,59,1,0,1,0,1,1,1,1,1,1,Software Developer,Teacher,Data Scientist
95,46,84,67,40,79,22,77,0,1,0,1,1,0,0,1,0,1,Civil Engineer,Teacher,Graphic Designer
99,48,63,92,35,38,34,67,1,1,1,0,0,0,1,0,1,0,Graphic Designer,Teacher,Lawyer
34,65,33,91,72,57,70,28,0,0,1,1,1,1,1,0,0,1,Psychologist,Architect,Data Scientist
57,60,64,21,56,29,41,99,0,1,1,1,1,0,1,0,1,1,Architect,Civil Engineer,UX/UI Designer
41,68,31,34,52,34,87,73,1,1,0,0,0,1,1,0,0,0,Doctor,Financial Analyst,Teacher
50,80,79,65,65,79,42,47,0,0,1,1,0,1,1,1,0,0,Doctor,Lawyer,Software Developer
48,40,21,98,59,46,24,39,1,1,0,0,0,0,0,0,1,0,Civil Engineer,Graphic Designer,Software Developer
78,90,65,72,80,53,81,54,0,0,1,0,1,0,1,0,1,1,Mechanical Engineer,Lawyer,Graphic Designer
98,81,59,33,54,31,73,42,1,0,0,0,0,1,1,1,0,1,Teacher,Graphic Designer,Marketing Manager
67,72,64,20,57,77,99,38,1,0,0,0,0,1,1,0,1,1,Doctor,Digital Marketer,Architect
46,85,72,94,46,91,20,58,0,0,1,1,1,0,0,1,0,0,UX/UI Designer,Software Developer,Digital Marketer
36,71,97,33,36,79,68,38,0,1,1,1,1,1,1,0,0,0,Architect,UX/UI Designer,Digital Marketer
61,63,40,40,55,75,91,66,0,1,0,0,0,1,1,1,1,1,UX/UI Designer,Graphic Designer,Software Developer
73,95,36,63,28,87,51,68,1,0,0,1,1,1,1,0,0,1,Teacher,Architect,Marketing Manager
85,91,67,81,33,73,84,89,1,1,1,0,0,1,0,0,0,1,Financial Analyst,Lawyer,Software Developer
37,94,22,51,40,43,33,21,1,1,1,1,0,1,1,0,1,1,Doctor,Teacher,Graphic Designer
94,20,73,52,35,50,82,65,0,1,1,0,1,1,0,0,0,1,Mechanical Engineer,Doctor,Marketing Manager
31,57,97,58,46,55,41,37,0,1,0,1,0,0,0,0,1,1,Data Scientist,Content Writer,Financial Analyst
48,78,84,65,33,94,98,27,1,0,1,0,0,1,1,1,0,0,UX/UI Designer,Teacher,Content Writer
41,40,48,35,58,62,52,83,1,1,1,0,0,1,1,0,1,0,Psychologist,Financial Analyst,Teacher
47,60,67,100,34,83,43,50,0,0,1,0,1,1,1,0,1,1,Marketing Manager,UX/UI Designer,Content Writer
28,87,97,93,63,92,86,55,1,1,0,1,1,0,1,0,0,1,Digital Marketer,Doctor,Psychologist
62,25,68,81,37,88,93,27,0,0,0,1,0,0,1,0,1,1,Data Scientist,Content Writer,UX/UI Designer
70,24,52,87,97,62,52,97,1,0,0,1,0,0,0,0,0,0,Data Scientist,Civil Engineer,Financial Analyst
81,61,79,50,77,43,77,52,0,0,1,1,1,0,1,1,0,1,Content Writer,Architect,Doctor
80,59,70,57,87,56,71,64,0,1,1,0,0,1,1,0,1,0,Graphic Designer,Data Scientist,Content Writer
47,39,77,88,54,22,48,96,1,1,1,1,0,1,1,0,0,0,Content Writer,Architect,Digital Marketer
43,72,75,50,83,88,45,79,1,0,1,1,1,1,0,1,0,0,UX/UI Designer,Civil Engineer,Mechanical Engineer
90,94,36,64,77,72,46,94,1,0,1,0,1,0,1,0,1,0,UX/UI Designer,Graphic Designer,Architect
36,83,36,21,22,87,24,52,1,1,0,0,1,1,0,1,1,1,Mechanical Engineer,Marketing Manager,Doctor
79,84,59,79,33,46,90,64,0,0,1,0,1,0,0,0,1,1,Doctor,Financial Analyst,Content Writer
21,43,69,40,42,83,50,59,1,1,0,1,0,1,1,0,1,1,Data Scientist,Graphic Designer,Architect
42,24,94,57,98,42,45,86,1,1,0,0,0,0,1,1,0,1,Psychologist,UX/UI Designer,Graphic Designer
67,84,47,32,95,20,82,47,0,0,1,1,1,1,1,0,0,1,Marketing Manager,Lawyer,Mechanical Engineer
66,53,27,95,61,32,62,57,0,0,1,1,0,0,1,0,1,1,UX/UI Designer,Mechanical Engineer,Digital Marketer
54,75,30,32,95,46,64,93,1,1,1,1,0,1,0,0,0,0,UX/UI Designer,Data Scientist,Software Developer
55,100,34,26,33,62,57,57,1,0,1,0,0,0,1,0,0,1,Mechanical Engineer,Lawyer,Digital Marketer
56,78,68,90,47,61,93,59,1,0,0,1,1,1,0,0,1,1,Civil Engineer,Marketing Manager,Content Writer
22,25,38,20,36,86,36,63,0,0,0,1,1,0,1,0,0,1,Teacher,Civil Engineer,Psychologist
100,95,47,27,80,43,60,29,0,0,0,1,0,0,1,0,0,0,Software Developer,Marketing Manager,Architect
96,100,90,32,54,80,96,94,0,0,1,0,0,1,1,0,0,0,Teacher,Lawyer,Graphic Designer
83,26,52,60,52,94,76,42,1,0,1,1,1,0,1,1,1,1,Marketing Manager,Software Developer,Teacher
94,31,65,78,94,89,49,57,0,0,1,1,0,1,0,0,1,0,Digital Marketer,Content Writer,Software Developer
76,69,84,70,97,79,97,30,0,1,0,0,1,1,0,1,0,1,Data Scientist,Digital Marketer,Mechanical Engineer
84,45,54,92,67,88,75,47,1,1,1,1,0,1,0,1,1,0,Civil Engineer,Doctor,Data Scientist
49,54,82,54,69,31,66,38,0,0,1,0,0,1,1,0,0,1,Graphic Designer,Architect,Data Scientist
89,80,78,87,20,27,80,62,0,1,1,1,0,1,1,1,0,1,Teacher,Financial Analyst,Content Writer
52,94,37,42,95,57,91,52,0,1,1,0,1,0,0,1,0,0,Lawyer,Graphic Designer,Teacher
31,44,20,99,31,55,87,21,1,0,1,1,0,1,0,0,1,1,Graphic Designer,Software Developer,Content Writer
31,30,26,62,28,64,49,20,0,0,1,1,1,1,0,0,1,1,Financial Analyst,Digital Marketer,Software Developer
36,96,73,65,84,51,46,44,0,1,1,0,0,0,0,1,1,0,Digital Marketer,Content Writer,Graphic Designer
31,85,49,79,43,40,66,27,1,1,1,0,1,0,0,1,0,1,Civil Engineer,Software Developer,Lawyer
24,21,30,92,32,32,68,67,0,1,1,1,1,1,0,0,0,0,UX/UI Designer,Financial Analyst,Data Scientist
95,70,48,83,80,22,69,31,1,0,0,1,0,0,1,0,1,0,Marketing Manager,Teacher,Civil Engineer
44,27,98,90,31,98,92,82,1,0,1,0,1,1,1,1,1,0,Software Developer,Content Writer,Teacher
94,35,45,80,32,88,95,32,0,0,0,0,1,1,0,0,1,0,Marketing Manager,Teacher,Data Scientist
69,50,72,90,20,37,94,69,0,1,0,0,0,1,0,0,0,1,Architect,Doctor,Marketing Manager
87,64,22,84,84,43,82,62,1,1,1,1,0,1,1,0,1,1,Mechanical Engineer,Teacher,UX/UI Designer
45,37,97,81,55,68,21,92,0,0,0,1,0,0,1,0,0,0,Teacher,Software Developer,Graphic Designer
90,48,29,35,91,55,84,89,0,1,0,0,1,1,1,0,1,0,Digital Marketer,Teacher,Data Scientist
90,64,55,90,28,93,68,74,1,1,1,1,1,0,0,0,1,1,Mechanical Engineer,Software Developer,UX/UI Designer
29,59,88,23,27,74,31,88,1,1,0,1,0,1,0,1,1,0,Civil Engineer,Mechanical Engineer,Marketing Manager
98,91,54,59,96,70,49,54,0,0,1,1,1,1,1,0,0,1,Mechanical Engineer,Psychologist,Lawyer
61,73,65,71,63,24,86,28,0,1,0,1,1,1,0,0,1,0,Architect,Marketing Manager,Civil Engineer
92,55,31,84,43,49,29,71,1,1,0,1,0,1,1,1,1,1,Psychologist,Teacher,Content Writer
64,54,20,31,87,26,95,89,1,1,0,1,0,0,0,0,1,0,Digital Marketer,Mechanical Engineer,Lawyer
69,87,81,37,54,94,69,68,0,1,1,1,1,1,0,1,1,0,Graphic Designer,UX/UI Designer,Teacher
30,61,78,82,82,35,100,48,1,1,1,0,0,0,1,0,0,0,UX/UI Designer,Financial Analyst,Lawyer
84,69,36,78,38,77,40,76,1,1,1,1,0,0,0,1,1,1,Teacher,Content Writer,UX/UI Designer
47,25,81,22,69,43,76,53,0,1,1,0,1,1,0,0,1,1,Marketing Manager,Civil Engineer,Data Scientist
70,20,94,47,60,48,26,34,0,1,1,0,0,1,1,1,0,0,Doctor,Teacher,Digital Marketer
23,63,60,71,93,78,71,26,0,1,0,1,1,0,0,1,1,1,UX/UI Designer,Teacher,Lawyer
74,99,37,24,82,86,60,65,0,0,0,0,1,0,1,1,0,0,Civil Engineer,Financial Analyst,Mechanical Engineer
100,38,21,77,77,60,21,53,0,1,1,0,1,1,0,0,1,1,Psychologist,Graphic Designer,Doctor
95,27,80,41,96,27,78,50,1,0,0,1,0,0,0,1,0,1,Architect,Civil Engineer,Financial Analyst
66,36,34,37,51,80,98,97,0,1,1,1,1,1,1,0,1,0,Mechanical Engineer,Financial Analyst,Psychologist
79,63,53,68,35,90,68,63,1,0,1,1,0,1,1,1,0,1,Civil Engineer,UX/UI Designer,Architect
75,99,71,80,82,81,50,85,1,1,0,0,0,0,1,0,1,0,Digital Marketer,Mechanical Engineer,Doctor
75,45,64,21,48,85,41,24,1,1,0,0,0,1,1,0,0,0,Marketing Manager,Civil Engineer,Software Developer
74,62,34,64,36,35,90,90,1,0,1,1,0,0,1,1,0,1,Data Scientist,Psychologist,Lawyer
48,79,76,58,29,56,94,84,0,1,1,1,1,1,0,1,1,1,Content Writer,Graphic Designer,Data Scientist
71,23,45,74,76,61,75,20,1,0,1,1,0,1,1,1,0,1,Graphic Designer,Doctor,Data Scientist
38,33,84,72,41,73,72,36,1,1,0,0,1,1,1,0,0,1,Software Developer,Architect,Teacher
52,43,68,93,28,70,62,70,0,1,1,1,1,1,1,0,0,0,Psychologist,Architect,Marketing Manager
63,30,40,48,62,30,42,67,1,1,0,0,0,0,1,1,1,1,Software Developer,Lawyer,Mechanical Engineer
42,100,21,26,80,22,53,90,0,1,1,0,1,0,0,0,0,1,Architect,Data Scientist,Graphic Designer
65,48,84,96,26,79,85,48,1,1,1,0,1,0,1,1,0,0,Psychologist,Doctor,Software Developer
64,50,93,23,49,21,74,35,0,1,1,0,0,0,0,1,1,0,Doctor,Marketing Manager,Data Scientist
68,60,30,56,40,27,71,93,0,0,1,1,1,1,1,1,0,0,Architect,UX/UI Designer,Psychologist
79,57,79,95,94,44,45,91,0,0,1,0,0,0,1,0,1,1,Marketing Manager,Software Developer,Graphic Designer
65,63,80,40,61,34,96,37,0,0,0,1,0,0,0,0,1,0,Digital Marketer,Lawyer,Teacher
21,24,95,73,33,76,60,28,1,1,1,1,0,1,1,1,0,1,Financial Analyst,Teacher,Digital Marketer
46,60,64,32,28,58,71,59,1,0,0,1,0,0,0,1,1,1,Content Writer,Digital Marketer,Lawyer
35,67,37,29,100,40,97,30,0,0,0,0,1,1,0,1,0,1,UX/UI Designer,Digital Marketer,Architect
22,32,99,85,27,96,72,67,1,0,1,0,1,0,0,1,0,1,Lawyer,Financial Analyst,Civil Engineer
100,74,82,93,84,80,36,93,0,0,1,1,0,0,0,1,1,1,Doctor,Teacher,Graphic Designer
59,47,66,61,94,35,41,58,0,0,0,0,0,1,1,1,0,1,Graphic Designer,Teacher,Lawyer
93,27,21,98,26,74,40,88,1,1,1,1,0,1,0,0,1,0,Architect,Financial Analyst,Graphic Designer
89,49,99,27,36,43,43,75,0,1,0,0,1,0,0,0,0,1,Lawyer,Content Writer,Doctor
41,73,59,20,97,57,98,77,0,1,1,1,1,1,0,1,0,0,Teacher,Civil Engineer,Mechanical Engineer
85,43,31,32,53,61,70,84,1,1,0,1,0,0,1,1,1,1,Financial Analyst,Psychologist,Mechanical Engineer
36,94,82,36,65,84,32,59,1,1,0,1,0,0,0,0,0,1,Software Developer,Graphic Designer,Mechanical Engineer
49,86,86,59,90,45,23,97,0,1,1,1,1,0,0,1,0,0,Marketing Manager,Software Developer,Data Scientist
96,69,97,71,37,42,93,45,0,0,0,1,0,0,1,1,0,0,Teacher,Lawyer,Graphic Designer
71,74,31,87,72,41,67,25,1,0,1,1,0,0,1,0,1,0,Architect,Graphic Designer,Data Scientist
59,75,80,48,55,68,49,93,1,0,1,0,1,1,0,1,0,0,Graphic Designer,Psychologist,Mechanical Engineer
28,35,46,24,95,46,69,68,0,1,0,0,0,0,1,1,1,1,Lawyer,Software Developer,Digital Marketer
44,85,27,47,81,50,42,77,1,1,0,1,0,0,1,0,1,0,Civil Engineer,Financial Analyst,Data Scientist
86,84,32,100,80,57,74,61,0,1,1,1,0,1,1,0,0,0,Civil Engineer,Mechanical Engineer,Digital Marketer
83,55,66,90,93,48,87,25,1,1,0,0,0,1,1,0,1,0,Marketing Manager,UX/UI Designer,Mechanical Engineer
50,78,64,94,73,35,51,78,1,1,1,0,0,1,1,0,1,0,Doctor,Teacher,Graphic Designer
38,86,80,81,85,27,56,72,0,1,0,1,0,1,1,0,1,1,Financial Analyst,Digital Marketer,Teacher
98,27,28,31,80,85,92,40,0,0,1,0,0,0,0,0,0,0,Software Developer,Marketing Manager,Data Scientist
100,87,39,81,70,29,82,45,1,1,0,1,1,0,0,1,0,0,Data Scientist,Software Developer,Digital Marketer
56,26,46,67,87,20,99,27,0,0,0,1,0,1,0,1,1,1,Teacher,Lawyer,Data Scientist
67,61,40,81,26,78,38,53,0,1,0,1,1,0,1,1,0,0,Data Scientist,Financial Analyst,UX/UI Designer
97,40,99,84,22,69,26,67,1,1,1,0,0,0,1,1,1,0,Teacher,Mechanical Engineer,Financial Analyst
44,92,81,68,69,86,96,97,0,0,0,1,0,1,1,1,0,1,UX/UI Designer,Psychologist,Digital Marketer
31,22,83,62,69,56,34,29,1,1,0,0,0,1,1,1,0,0,Doctor,Financial Analyst,Psychologist
66,49,56,83,41,50,68,78,1,0,0,0,0,0,1,0,0,0,Psychologist,Financial Analyst,Digital Marketer
29,74,54,26,76,56,69,38,1,1,0,1,0,1,0,0,1,1,Civil Engineer,Graphic Designer,Lawyer
33,58,92,89,79,23,28,69,0,1,1,1,1,0,1,0,1,1,UX/UI Designer,Teacher,Graphic Designer
60,85,96,31,74,64,72,65,1,1,0,1,1,1,1,1,0,0,Graphic Designer,Teacher,Psychologist
48,64,65,80,55,75,84,55,0,1,1,0,0,1,0,1,1,0,Financial Analyst,Digital Marketer,Software Developer
31,27,40,26,88,43,61,42,0,1,1,0,0,0,1,0,1,0,Doctor,Architect,UX/UI Designer
22,93,39,66,87,64,49,42,1,1,0,0,0,0,1,0,0,1,Civil Engineer,Lawyer,Financial Analyst
21,54,74,29,77,41,84,76,0,0,0,0,0,0,1,1,0,1,Software Developer,Teacher,Lawyer
66,84,84,41,99,23,96,77,1,0,1,0,1,1,1,1,1,0,Lawyer,Architect,Software Developer
92,63,68,39,36,29,62,100,0,1,0,1,1,1,1,0,1,1,Financial Analyst,Mechanical Engineer,Data Scientist
50,46,89,31,41,51,72,82,0,1,0,0,0,1,0,0,0,1,Lawyer,Marketing Manager,Architect
51,79,82,87,72,21,55,56,0,0,0,0,0,0,1,0,1,1,Civil Engineer,Doctor,Data Scientist
26,99,81,82,42,28,38,83,1,1,0,0,1,1,1,0,0,1,Graphic Designer,Mechanical Engineer,Architect
40,24,84,69,44,99,64,81,0,0,1,1,1,1,0,0,1,0,Architect,Civil Engineer,Lawyer
68,50,23,22,47,42,95,32,0,0,1,0,0,1,1,0,1,0,Civil Engineer,Lawyer,Psychologist
97,52,22,48,94,32,86,97,1,1,1,0,1,1,1,0,0,0,UX/UI Designer,Teacher,Architect
21,56,67,61,64,50,62,76,0,1,1,0,1,0,0,1,0,1,Psychologist,Mechanical Engineer,Content Writer
81,70,78,51,93,35,70,25,0,1,1,1,0,1,0,0,1,1,Architect,Mechanical Engineer,Civil Engineer
49,90,90,50,41,29,69,72,1,0,0,1,1,0,1,1,1,0,Graphic Designer,Digital Marketer,Marketing Manager
62,86,94,62,46,58,45,25,0,1,1,0,1,0,1,0,0,1,Marketing Manager,Lawyer,Mechanical Engineer
86,71,80,45,85,26,22,65,1,1,0,1,1,1,1,0,0,1,Mechanical Engineer,Architect,Data Scientist
31,62,47,35,24,46,92,74,0,0,0,0,1,1,0,0,1,1,UX/UI Designer,Civil Engineer,Graphic Designer
33,89,25,56,85,28,88,24,0,0,1,1,0,1,1,0,0,0,Data Scientist,Psychologist,Architect
66,37,82,67,54,26,27,34,0,0,0,0,1,1,0,1,0,0,Civil Engineer,Psychologist,Marketing Manager
73,69,37,38,50,85,61,49,1,0,0,0,0,1,1,1,0,0,Graphic Designer,Architect,Marketing Manager
87,99,21,28,49,24,99,32,1,0,0,0,1,0,0,0,0,1,Graphic Designer,Civil Engineer,Software Developer
54,81,81,90,37,33,20,99,0,0,1,0,1,0,1,1,0,0,Doctor,Content Writer,Lawyer
29,23,36,69,86,98,83,57,0,1,1,1,1,0,1,1,1,0,Psychologist,Data Scientist,Mechanical Engineer
90,98,95,89,72,87,53,72,1,1,0,0,1,0,1,1,1,0,Software Developer,Architect,Graphic Designer
45,23,28,53,96,85,37,27,0,1,1,0,1,1,0,1,1,0,Graphic Designer,Marketing Manager,Psychologist
29,39,23,74,34,70,96,42,0,1,1,1,1,1,1,1,0,0,Graphic Designer,Civil Engineer,Content Writer
68,72,28,89,46,53,49,98,1,0,1,0,0,1,0,0,0,0,Doctor,Marketing Manager,Lawyer
81,57,57,60,95,83,68,96,0,0,0,0,1,0,0,1,0,0,Data Scientist,Content Writer,Software Developer
59,80,51,86,43,63,46,91,1,1,0,0,1,1,1,1,1,0,Lawyer,Mechanical Engineer,Marketing Manager
73,25,72,70,36,51,40,37,0,0,0,1,1,0,0,0,0,0,Lawyer,Content Writer,Digital Marketer
99,33,25,36,89,37,22,56,1,0,0,0,0,1,1,1,0,0,Content Writer,Architect,Marketing Manager
73,53,88,24,45,65,49,66,1,0,1,1,0,1,0,0,0,1,Content Writer,Civil Engineer,Graphic Designer
71,47,67,23,55,81,73,99,1,1,1,0,0,0,0,0,1,0,Lawyer,Civil Engineer,Mechanical Engineer
86,96,28,94,100,79,88,66,0,1,1,1,1,1,1,0,0,0,Graphic Designer,Digital Marketer,Doctor
78,92,47,82,72,42,27,100,1,0,0,0,1,0,0,1,1,1,Data Scientist,UX/UI Designer,Digital Marketer
54,80,29,41,93,43,99,55,1,0,1,1,0,0,1,0,1,0,Psychologist,Data Scientist,Financial Analyst
84,74,78,53,53,83,60,82,1,1,1,1,0,1,0,1,1,1,Content Writer,Teacher,Architect
57,26,91,58,46,44,59,36,1,0,0,1,0,0,0,0,1,1,Psychologist,Graphic Designer,Financial Analyst
32,69,42,92,53,37,99,56,1,1,0,0,0,0,1,0,1,1,Civil Engineer,Software Developer,Lawyer
86,91,82,52,32,71,49,24,0,0,0,1,0,1,1,1,0,0,Digital Marketer,Graphic Designer,Financial Analyst
31,37,24,95,25,79,94,79,1,0,1,0,0,1,1,0,1,0,Psychologist,UX/UI Designer,Software Developer
81,20,25,80,98,37,35,73,1,0,1,1,1,0,0,1,0,1,Content Writer,Graphic Designer,Data Scientist
94,76,78,38,49,85,41,59,1,1,0,0,1,1,0,1,0,1,Architect,Mechanical Engineer,Software Developer
69,64,28,88,36,25,35,98,0,1,0,1,0,0,1,0,1,1,Financial Analyst,Architect,Psychologist
52,86,56,40,37,37,61,65,1,0,0,1,1,1,0,0,0,1,Financial Analyst,Digital Marketer,Lawyer
61,76,88,82,50,27,66,96,1,1,0,1,0,0,0,1,1,1,Civil Engineer,Psychologist,Mechanical Engineer
34,70,91,60,60,58,29,82,1,0,1,0,1,1,1,0,0,1,Software Developer,Civil Engineer,UX/UI Designer
91,79,41,33,36,37,68,59,1,0,0,0,0,0,1,0,1,1,Marketing Manager,Psychologist,Lawyer
25,48,59,95,42,31,39,42,0,0,0,0,1,0,1,1,0,0,Teacher,Financial Analyst,UX/UI Designer
68,58,81,45,64,79,80,83,1,1,1,0,0,1,1,1,1,0,Civil Engineer,Architect,Content Writer
66,47,76,68,76,66,51,88,1,0,0,1,1,1,1,1,1,1,Financial Analyst,Civil Engineer,Data Scientist
49,91,100,29,87,22,82,88,1,1,1,0,0,0,1,0,0,0,Teacher,Mechanical Engineer,Data Scientist
20,90,59,97,92,98,52,96,1,0,1,1,0,1,1,1,1,0,Data Scientist,Psychologist,Architect
55,30,36,64,20,97,79,45,0,0,0,1,0,0,0,0,0,0,UX/UI Designer,Financial Analyst,Content Writer
44,59,72,74,78,59,91,56,1,1,0,0,0,0,1,0,1,0,Content Writer,Psychologist,Doctor
92,29,31,60,41,80,95,72,1,0,0,1,0,1,0,0,1,1,Lawyer,Content Writer,Teacher
40,72,68,95,83,29,93,63,0,0,1,1,0,1,0,1,0,1,Marketing Manager,Digital Marketer,Lawyer
63,56,79,89,22,96,84,50,0,1,0,1,1,0,1,1,1,1,Psychologist,UX/UI Designer,Lawyer
34,35,100,75,49,60,70,84,0,1,0,0,1,0,0,0,1,0,Lawyer,UX/UI Designer,Data Scientist
47,66,87,22,25,67,39,48,1,1,0,0,1,1,0,0,0,1,Financial Analyst,Graphic Designer,Digital Marketer
44,29,34,51,56,69,77,28,1,0,1,1,1,0,1,1,1,0,Psychologist,Doctor,Civil Engineer
81,80,90,34,69,24,26,42,0,1,0,0,1,1,1,0,1,1,Lawyer,Marketing Manager,Financial Analyst
79,24,32,47,83,68,39,42,0,0,1,1,1,1,1,1,1,0,Lawyer,Teacher,Marketing Manager
56,80,20,80,90,97,26,86,1,1,0,1,1,1,0,0,1,0,Data Scientist,Marketing Manager,UX/UI Designer
97,75,25,78,87,36,74,34,1,0,0,1,1,1,0,1,0,1,Marketing Manager,Lawyer,Digital Marketer
69,99,36,57,80,92,96,48,0,0,1,1,0,1,0,0,1,1,Mechanical Engineer,Lawyer,Software Developer
53,84,83,86,67,30,58,71,1,1,1,1,1,0,0,0,0,0,Doctor,Graphic Designer,Mechanical Engineer
92,63,53,43,78,49,82,74,0,0,1,0,1,1,1,0,0,1,Doctor,Psychologist,Content Writer
71,55,97,44,35,53,100,48,1,0,1,1,1,1,1,0,0,1,Doctor,UX/UI Designer,Architect
32,35,54,80,81,94,80,73,0,1,1,0,1,0,1,1,1,1,Lawyer,Marketing Manager,Doctor
75,93,99,88,83,63,49,23,1,1,0,1,0,0,0,1,1,1,Psychologist,Civil Engineer,Teacher
28,49,58,31,85,45,35,34,0,1,1,1,1,0,0,1,1,1,Psychologist,Civil Engineer,UX/UI Designer
83,51,94,29,95,45,75,92,0,0,1,0,1,1,0,1,0,1,Content Writer,Psychologist,Teacher
92,20,47,29,28,64,80,34,1,0,1,0,1,1,1,1,0,0,Lawyer,Content Writer,Civil Engineer
80,98,67,93,34,92,80,70,1,0,0,0,0,1,1,0,1,0,Content Writer,Psychologist,Lawyer
36,46,97,28,74,56,84,72,1,1,0,1,1,1,1,0,0,0,Mechanical Engineer,Financial Analyst,Content Writer
20,86,80,32,23,90,85,46,0,1,0,0,1,0,1,1,0,0,Psychologist,UX/UI Designer,Marketing Manager
21,88,55,29,32,90,51,94,1,1,1,0,1,1,1,1,1,0,Digital Marketer,Psychologist,Software Developer
23,20,96,62,46,53,22,96,1,1,0,1,0,1,1,0,1,1,Marketing Manager,Architect,Teacher
82,59,71,96,61,42,65,75,1,0,0,0,0,0,1,0,1,0,Civil Engineer,Teacher,Mechanical Engineer
81,98,27,24,25,24,25,75,0,1,0,1,1,0,1,0,1,0,Software Developer,Graphic Designer,Financial Analyst
40,88,21,91,61,33,96,47,1,0,1,1,1,0,1,1,0,1,Architect,Marketing Manager,Psychologist
52,95,29,70,84,59,37,59,1,0,0,0,0,1,1,1,1,1,Data Scientist,Civil Engineer,Architect
75,79,73,81,42,84,51,66,1,1,1,0,0,1,0,0,0,1,Graphic Designer,Marketing Manager,Teacher
31,72,88,97,81,72,56,24,1,1,1,1,0,0,1,0,0,1,Mechanical Engineer,Lawyer,Marketing Manager
24,92,63,24,91,95,37,72,0,1,1,1,1,1,0,1,1,0,Data Scientist,Software Developer,Marketing Manager
64,61,39,100,93,57,32,46,1,0,0,1,0,1,0,1,1,0,Marketing Manager,Software Developer,Architect
64,88,23,38,40,90,37,52,1,0,0,1,0,1,1,1,1,1,UX/UI Designer,Content Writer,Data Scientist
32,66,47,40,71,25,34,45,0,0,1,1,1,1,1,0,1,1,Teacher,Lawyer,Digital Marketer
84,53,34,66,41,55,46,37,0,1,1,0,1,1,0,0,1,1,Marketing Manager,Software Developer,Data Scientist
33,78,38,52,60,22,25,80,0,1,0,1,1,0,0,1,1,0,Psychologist,Software Developer,Marketing Manager
27,29,96,33,99,77,80,61,0,1,0,1,0,1,1,1,0,0,Content Writer,Psychologist,Doctor
63,41,26,48,69,83,92,50,0,1,0,0,0,1,0,1,1,1,Marketing Manager,Content Writer,Digital Marketer
35,50,57,38,99,61,67,71,1,1,1,1,1,1,1,0,1,0,Graphic Designer,Marketing Manager,Software Developer
24,61,87,27,79,77,34,64,1,0,0,0,0,0,0,1,1,1,Doctor,Data Scientist,Content Writer
20,40,85,22,46,95,46,56,1,0,0,0,0,0,1,0,1,0,Software Developer,Financial Analyst,Teacher
20,63,86,28,89,82,40,67,0,1,1,1,1,0,0,0,1,1,Software Developer,Financial Analyst,Teacher
78,89,52,64,35,87,52,31,0,0,0,0,1,1,0,0,1,0,Doctor,Civil Engineer,Marketing Manager
86,74,45,79,84,88,74,55,1,0,0,0,1,0,1,0,1,1,Lawyer,Civil Engineer,Data Scientist
94,87,25,94,32,20,69,42,1,1,0,1,0,1,0,1,0,0,Marketing Manager,UX/UI Designer,Graphic Designer
93,36,32,90,31,33,100,48,0,0,0,1,0,0,1,0,0,1,Digital Marketer,Architect,Psychologist
100,61,39,66,93,88,91,75,0,0,0,1,0,1,1,1,0,0,Graphic Designer,Data Scientist,Lawyer
64,66,79,21,29,58,62,90,0,0,1,1,1,0,0,1,1,0,Civil Engineer,Architect,Content Writer
70,40,91,97,50,91,68,70,1,0,0,1,0,1,1,0,1,1,Psychologist,Financial Analyst,Digital Marketer
58,54,75,38,51,81,48,58,1,0,1,1,0,0,0,1,0,1,Software Developer,Teacher,UX/UI Designer
67,26,100,80,85,44,53,92,1,0,1,1,0,0,1,0,1,0,Marketing Manager,Data Scientist,UX/UI Designer
90,46,77,71,92,21,77,51,1,0,1,0,1,0,1,1,0,0,Architect,Data Scientist,Financial Analyst
81,71,98,78,61,54,38,26,0,0,0,1,1,1,1,0,0,1,Content Writer,Financial Analyst,Lawyer
72,99,98,91,24,83,72,46,0,1,1,0,1,1,0,0,1,1,Architect,Software Developer,Financial Analyst
99,85,80,30,22,59,84,87,1,1,0,1,0,0,0,0,0,1,Digital Marketer,Lawyer,Teacher
67,65,70,72,36,86,39,22,1,0,0,0,1,1,0,0,1,1,Psychologist,Digital Marketer,Teacher
46,57,51,57,71,84,53,98,0,0,0,1,0,0,0,1,1,1,Teacher,Digital Marketer,Doctor
68,100,57,94,65,47,20,64,0,0,0,1,1,0,0,1,0,0,Mechanical Engineer,Digital Marketer,UX/UI Designer
80,79,61,54,63,40,67,59,0,1,1,0,1,1,1,1,1,0,Financial Analyst,Mechanical Engineer,Psychologist
92,47,97,64,25,73,34,29,0,1,0,0,1,0,1,0,0,1,Graphic Designer,Content Writer,Digital Marketer
88,22,50,48,54,22,24,76,0,1,0,0,0,1,0,1,1,0,Civil Engineer,Architect,Digital Marketer
70,66,40,26,22,24,22,61,1,0,0,0,1,1,0,1,1,0,Teacher,Psychologist,Lawyer
78,60,40,33,63,95,87,99,0,1,1,0,1,1,1,0,0,0,Civil Engineer,Teacher,Lawyer
45,46,39,53,53,22,57,73,1,0,0,1,0,0,0,0,0,1,Data Scientist,Digital Marketer,Software Developer
57,62,97,97,60,65,20,73,1,0,1,0,0,0,0,0,0,0,Digital Marketer,Financial Analyst,Lawyer
30,63,77,75,78,77,59,40,0,1,0,0,1,1,0,0,0,0,Software Developer,Architect,Mechanical Engineer
58,46,27,96,73,67,94,73,0,0,0,1,0,0,1,0,1,0,Mechanical Engineer,Data Scientist,UX/UI Designer
98,35,42,21,94,45,35,52,1,0,1,0,1,0,1,1,1,1,Financial Analyst,Architect,Lawyer
36,70,47,54,59,75,42,70,1,0,1,0,1,1,1,1,0,1,Architect,Psychologist,Software Developer
23,62,27,42,52,89,75,33,0,1,1,0,0,1,1,1,0,0,Content Writer,Architect,Doctor
67,82,61,100,34,58,66,71,1,0,1,0,0,1,0,0,1,0,Graphic Designer,Data Scientist,Marketing Manager
28,97,60,42,25,57,24,21,1,1,0,0,1,0,0,0,0,0,Teacher,Content Writer,Software Developer
75,67,59,77,52,95,78,48,0,0,0,1,1,1,0,0,1,0,Financial Analyst,Content Writer,Teacher
79,95,79,20,47,65,22,22,0,1,0,1,1,0,0,1,1,0,Mechanical Engineer,Graphic Designer,Data Scientist
63,83,72,88,32,27,70,96,1,1,0,1,1,1,1,0,0,0,Financial Analyst,Mechanical Engineer,Data Scientist
60,91,64,61,56,31,28,64,1,0,0,0,1,1,0,1,0,0,Financial Analyst,Content Writer,Lawyer
78,68,96,75,24,40,58,62,1,1,1,0,1,1,1,1,1,0,Lawyer,Civil Engineer,Teacher
75,83,56,80,56,24,28,67,1,0,0,1,0,1,1,1,1,1,Lawyer,Financial Analyst,Psychologist
90,35,47,31,92,80,50,80,0,1,1,0,0,0,1,1,1,0,Software Developer,Architect,Psychologist
22,96,86,78,22,32,24,87,1,0,0,1,1,1,1,1,0,0,Marketing Manager,Doctor,Digital Marketer
94,71,65,83,32,20,72,43,0,1,1,0,0,1,1,0,0,0,Lawyer,Civil Engineer,Graphic Designer
80,26,64,67,86,75,58,78,0,1,1,0,1,0,0,1,1,0,Marketing Manager,Digital Marketer,UX/UI Designer
85,42,24,48,98,38,33,84,1,0,1,0,1,1,0,0,1,1,Graphic Designer,Architect,Civil Engineer
22,25,50,44,71,99,42,77,1,0,0,0,1,1,0,1,1,0,Psychologist,Doctor,Civil Engineer
32,69,50,57,81,29,66,58,0,0,0,1,1,0,1,1,0,1,UX/UI Designer,Teacher,Lawyer
31,33,94,97,39,47,41,22,1,0,1,1,0,1,0,1,1,0,Graphic Designer,Lawyer,Teacher
73,40,72,45,30,35,35,32,1,0,1,1,1,1,1,1,1,1,Doctor,Lawyer,Software Developer
39,52,98,81,82,34,62,71,1,0,1,1,1,1,0,0,1,0,UX/UI Designer,Software Developer,Data Scientist
21,84,78,33,24,23,56,72,1,0,1,0,1,0,1,0,0,1,Data Scientist,Graphic Designer,Software Developer
34,30,69,79,54,74,39,63,0,0,0,1,1,0,0,0,0,1,Doctor,Teacher,Digital Marketer
83,41,57,21,85,64,42,48,0,1,0,1,1,0,0,0,0,1,Digital Marketer,UX/UI Designer,Psychologist
64,27,72,54,52,67,83,56,0,1,1,1,0,1,1,1,1,1,Digital Marketer,Graphic Designer,Lawyer
56,91,100,67,73,100,56,75,1,1,0,0,0,0,0,0,0,0,Graphic Designer,Financial Analyst,Psychologist
71,71,39,81,98,60,95,76,1,0,0,0,0,0,0,0,0,0,Data Scientist,Marketing Manager,Digital Marketer
20,56,81,77,92,57,88,91,0,1,1,0,0,0,1,1,0,1,Doctor,Marketing Manager,Civil Engineer
44,25,82,87,63,80,89,81,0,0,1,1,1,0,0,0,1,1,Marketing Manager,Teacher,Digital Marketer
78,59,35,100,54,32,73,69,0,1,0,0,1,0,1,1,1,0,Lawyer,Doctor,Teacher
63,91,81,23,50,94,31,88,1,0,1,1,1,0,0,1,1,1,Lawyer,Data Scientist,Mechanical Engineer
25,27,83,66,57,47,67,83,0,1,1,1,1,1,0,1,1,0,Architect,Psychologist,Data Scientist
52,72,95,41,30,87,95,66,1,0,0,1,0,0,1,1,0,0,Doctor,Teacher,Digital Marketer
27,57,78,99,64,92,67,84,0,1,1,1,0,0,1,0,1,0,Doctor,Digital Marketer,Data Scientist
76,55,52,68,86,87,21,97,0,0,1,0,0,1,1,0,1,0,Content Writer,Marketing Manager,Psychologist
97,98,87,65,85,23,43,91,1,0,0,0,1,0,0,1,0,1,Financial Analyst,Mechanical Engineer,Software Developer
79,78,81,57,27,45,39,83,1,1,0,1,0,0,0,1,1,0,Lawyer,Financial Analyst,Graphic Designer
63,88,36,94,98,43,58,79,0,1,0,0,0,0,0,0,1,1,Teacher,UX/UI Designer,Marketing Manager
85,65,55,33,83,96,97,27,0,0,0,0,0,0,0,1,1,1,Software Developer,Content Writer,Digital Marketer
87,64,72,43,27,85,79,46,1,1,1,1,0,1,1,0,1,1,Mechanical Engineer,Marketing Manager,Architect
82,28,59,51,40,69,37,91,1,0,0,0,1,0,0,0,1,1,Doctor,Marketing Manager,Digital Marketer
100,46,70,94,65,30,67,64,0,0,0,1,0,0,1,0,1,0,UX/UI Designer,Graphic Designer,Teacher
20,89,65,96,100,27,76,56,1,0,0,1,1,0,0,0,0,1,Marketing Manager,Psychologist,Architect
78,96,66,21,36,73,69,70,0,0,0,0,1,0,1,0,0,0,Mechanical Engineer,Lawyer,Psychologist
40,55,73,42,76,89,26,46,0,0,1,1,0,1,0,0,1,0,Financial Analyst,Content Writer,Data Scientist
83,79,35,45,34,82,97,25,0,0,0,1,1,1,1,1,1,1,Content Writer,Digital Marketer,Graphic Designer
76,30,40,83,32,52,69,87,1,0,0,1,0,1,0,0,1,1,Lawyer,Doctor,Architect
75,38,47,54,48,81,75,39,1,0,1,1,1,0,1,0,1,0,Financial Analyst,Software Developer,Content Writer
53,74,100,45,52,77,88,59,1,0,1,1,0,1,1,1,1,0,Software Developer,Data Scientist,Content Writer
40,43,59,41,76,56,25,57,1,0,0,0,1,0,1,0,0,1,Financial Analyst,Architect,Psychologist
69,74,85,58,71,95,20,38,1,0,1,0,1,1,1,1,1,1,Teacher,Mechanical Engineer,Data Scientist
90,27,26,22,20,53,37,51,1,0,0,1,1,0,0,0,0,0,Digital Marketer,Civil Engineer,Data Scientist
78,88,42,62,61,91,37,29,1,1,1,1,0,1,1,0,1,0,Mechanical Engineer,Doctor,Marketing Manager
42,45,76,80,35,73,62,97,0,0,0,0,1,0,0,1,1,0,Psychologist,Content Writer,Software Developer
58,44,40,34,30,65,78,90,0,0,0,1,0,1,1,0,1,1,Digital Marketer,Content Writer,Marketing Manager
82,47,79,69,29,23,42,29,1,0,0,0,1,0,0,0,1,1,Digital Marketer,Doctor,Data Scientist
91,56,52,39,56,40,74,97,1,0,0,0,1,0,0,0,1,1,Content Writer,Lawyer,Financial Analyst
23,43,98,70,93,74,24,75,0,1,0,1,1,1,1,1,0,0,UX/UI Designer,Civil Engineer,Teacher
65,45,27,52,76,85,96,50,0,0,0,1,0,1,0,0,1,0,Architect,Teacher,Civil Engineer
31,89,68,50,85,29,73,85,1,1,1,0,0,1,0,0,1,0,Content Writer,Psychologist,Data Scientist
92,80,41,89,60,86,71,78,1,1,0,0,0,0,0,1,1,1,Doctor,Content Writer,UX/UI Designer
47,46,26,93,55,22,66,58,0,1,0,0,0,1,1,0,1,0,Financial Analyst,Psychologist,Lawyer
20,75,39,31,35,82,87,47,1,1,0,0,0,0,1,0,0,0,Lawyer,Doctor,Architect
59,56,68,98,95,34,81,20,1,1,0,0,1,1,1,0,0,0,Civil Engineer,Data Scientist,Software Developer
37,95,64,98,77,75,87,68,0,1,0,0,1,1,0,1,0,1,Mechanical Engineer,Data Scientist,Psychologist
89,94,55,24,64,48,43,38,0,1,0,1,0,0,0,1,1,1,Architect,Data Scientist,Content Writer
96,93,56,45,35,27,28,39,1,0,0,1,1,1,1,1,1,1,Psychologist,Digital Marketer,Marketing Manager
74,88,67,32,70,90,91,66,0,0,0,1,1,1,1,1,1,0,Software Developer,Financial Analyst,Mechanical Engineer
30,67,59,56,98,86,51,46,0,0,0,0,1,0,0,1,0,0,Digital Marketer,Mechanical Engineer,Architect
74,73,67,78,59,41,95,30,1,1,1,0,1,0,0,1,1,1,Lawyer,Software Developer,Marketing Manager
43,34,48,28,27,34,62,86,0,1,1,0,0,1,0,0,1,1,Graphic Designer,Financial Analyst,Lawyer
85,91,28,47,97,83,49,52,1,0,1,1,0,0,1,0,0,0,Teacher,Financial Analyst,Marketing Manager
91,60,38,28,72,82,66,52,0,0,0,1,0,0,0,0,1,1,Software Developer,Lawyer,Civil Engineer
94,42,87,77,76,65,35,62,0,1,0,0,1,0,0,0,0,1,Doctor,Lawyer,Civil Engineer
39,91,24,30,51,21,93,34,1,1,1,1,1,1,0,0,1,1,Civil Engineer,Lawyer,Mechanical Engineer
27,43,78,75,31,32,59,55,1,1,1,1,0,1,0,0,0,1,Psychologist,Marketing Manager,Mechanical Engineer
30,63,40,39,85,50,78,63,0,1,1,1,1,1,1,0,0,1,Content Writer,Civil Engineer,Teacher
97,53,55,97,90,60,72,77,1,0,0,0,0,0,0,0,1,0,Financial Analyst,Content Writer,Architect
42,34,89,59,20,54,38,68,0,0,1,1,0,1,0,1,1,1,Doctor,Lawyer,Marketing Manager
84,99,69,62,25,79,50,56,0,0,1,1,0,1,1,0,0,1,Financial Analyst,Content Writer,Lawyer
58,65,100,88,45,85,51,36,0,0,1,0,0,0,1,0,1,1,Marketing Manager,Architect,Data Scientist
43,80,63,93,51,45,72,57,1,1,1,0,0,1,0,0,0,0,Content Writer,Marketing Manager,Graphic Designer
67,70,51,94,79,96,85,97,1,0,0,0,0,0,1,0,1,1,Mechanical Engineer,Graphic Designer,Lawyer
50,45,56,90,22,64,21,31,0,1,1,0,0,1,1,1,0,0,Marketing Manager,Financial Analyst,Mechanical Engineer
32,87,29,98,55,99,34,66,1,0,0,0,0,0,1,1,0,0,Data Scientist,Architect,Marketing Manager
58,29,98,70,54,71,44,52,0,1,1,0,0,1,1,1,0,1,Civil Engineer,Digital Marketer,Lawyer
56,93,42,34,73,38,34,90,1,0,0,1,0,1,1,0,0,0,Digital Marketer,UX/UI Designer,Software Developer
66,27,27,36,70,88,95,43,1,0,0,0,0,1,1,0,0,1,Software Developer,Psychologist,Doctor
91,99,21,37,66,56,88,45,0,1,1,0,1,0,1,1,1,1,Content Writer,Civil Engineer,Mechanical Engineer
52,60,33,54,26,42,83,57,0,0,0,0,0,1,1,1,0,1,Graphic Designer,Digital Marketer,Software Developer
98,95,55,28,25,98,61,57,0,1,1,1,0,1,1,1,1,1,Lawyer,Mechanical Engineer,Data Scientist
64,44,49,20,61,55,51,63,1,0,1,1,0,0,1,0,0,1,Graphic Designer,Financial Analyst,Lawyer
68,98,22,94,62,83,48,60,1,1,0,0,1,1,0,1,1,0,Financial Analyst,Data Scientist,Doctor
94,93,72,20,48,89,24,22,0,0,0,0,0,0,0,0,0,1,Financial Analyst,Doctor,UX/UI Designer
59,73,64,55,88,91,22,20,1,0,1,1,1,0,0,0,1,1,Mechanical Engineer,Digital Marketer,Teacher
71,84,94,91,45,90,63,82,1,0,0,1,0,1,1,0,1,1,Content Writer,Doctor,Psychologist
82,97,84,43,39,99,91,71,1,1,0,1,1,0,0,0,0,1,Teacher,Lawyer,Data Scientist
30,93,47,41,89,34,53,31,0,0,1,0,0,1,0,0,0,0,Civil Engineer,Software Developer,Marketing Manager
89,42,75,53,89,21,96,21,0,1,1,1,0,0,1,0,1,0,Data Scientist,Teacher,Civil Engineer
48,69,93,25,23,76,81,66,1,1,1,0,1,1,0,1,1,0,Psychologist,Lawyer,Teacher
97,94,94,83,49,57,81,25,1,0,0,1,0,1,0,0,0,0,UX/UI Designer,Architect,Content Writer
27,32,27,94,96,35,43,88,0,1,0,0,0,1,0,1,0,1,Doctor,Financial Analyst,Marketing Manager
44,80,99,44,53,79,44,44,0,1,0,1,0,1,1,1,1,1,Psychologist,Content Writer,Digital Marketer
60,34,88,81,43,89,30,49,0,1,0,1,1,1,1,1,1,1,Doctor,Digital Marketer,Civil Engineer
56,45,71,65,96,54,86,41,1,0,1,0,1,1,0,0,0,0,Teacher,Mechanical Engineer,Lawyer
92,23,59,38,50,85,82,38,0,0,0,1,0,1,0,0,1,0,Marketing Manager,Architect,Mechanical Engineer
95,83,40,41,90,20,51,63,1,1,0,0,0,0,1,1,1,0,Civil Engineer,Graphic Designer,UX/UI Designer
100,99,56,86,62,30,53,58,1,0,0,0,1,0,1,0,1,0,Software Developer,Digital Marketer,Financial Analyst
64,66,26,84,28,42,27,100,0,0,1,0,0,1,0,0,0,1,Financial Analyst,UX/UI Designer,Marketing Manager
33,71,64,37,28,31,83,54,1,0,0,0,0,1,1,0,1,0,Graphic Designer,Teacher,Content Writer
73,81,41,21,22,84,99,89,0,1,0,1,0,1,1,1,1,0,Architect,Financial Analyst,Teacher
44,92,36,85,76,44,56,61,1,0,1,0,0,0,1,0,1,1,Lawyer,Psychologist,Teacher
61,60,98,68,37,52,78,40,1,1,1,1,0,1,0,0,1,0,Digital Marketer,Teacher,Psychologist
52,38,78,69,96,67,69,30,0,1,1,1,0,1,1,1,0,0,Software Developer,Architect,Teacher
47,68,39,61,83,100,66,37,0,1,0,1,1,1,0,1,1,1,Content Writer,Doctor,UX/UI Designer
64,53,86,100,26,84,57,91,0,1,1,1,0,0,1,1,1,0,Financial Analyst,Marketing Manager,Lawyer
20,82,89,56,51,72,72,58,0,0,1,0,1,1,0,1,1,0,Psychologist,Mechanical Engineer,Marketing Manager
48,30,78,46,29,53,49,63,0,1,1,0,0,1,0,1,0,0,Teacher,Financial Analyst,Content Writer
52,56,53,80,77,27,42,69,1,0,0,1,0,1,1,0,1,1,Teacher,Mechanical Engineer,Doctor
29,23,36,78,42,31,20,72,0,1,1,1,0,1,0,1,1,1,Psychologist,Architect,Lawyer
24,40,97,44,73,77,54,94,0,1,0,1,1,0,1,0,1,0,Civil Engineer,UX/UI Designer,Doctor
40,48,42,67,59,55,29,26,0,0,1,1,1,0,0,1,1,0,Lawyer,Software Developer,Financial Analyst
63,97,37,49,83,58,92,36,1,0,0,1,1,1,0,0,1,0,Teacher,Data Scientist,Psychologist
100,91,64,89,91,66,51,21,1,1,0,0,0,1,0,1,1,0,Psychologist,UX/UI Designer,Mechanical Engineer
82,40,88,39,72,78,70,30,0,1,1,0,1,0,0,1,0,0,Civil Engineer,Content Writer,Teacher
100,49,47,45,20,27,63,29,1,0,0,0,0,1,0,0,0,0,Doctor,Financial Analyst,Content Writer
77,89,56,33,56,34,76,33,1,1,1,0,1,0,1,1,0,0,Digital Marketer,Data Scientist,Software Developer
58,91,94,65,36,93,61,81,1,0,1,1,1,0,0,1,0,1,Graphic Designer,Civil Engineer,Architect
86,48,25,36,69,29,91,66,1,0,1,0,0,1,1,0,0,0,Teacher,Financial Analyst,Doctor
42,88,78,38,80,85,85,25,0,0,1,0,1,0,1,1,0,1,Marketing Manager,Teacher,Digital Marketer
84,35,99,83,88,21,67,88,1,0,1,1,0,0,1,0,1,1,Financial Analyst,Architect,Content Writer
77,71,59,66,72,74,45,34,1,1,0,1,0,0,1,0,0,1,Doctor,Architect,Psychologist
95,57,44,67,45,56,58,59,0,1,1,1,0,0,1,1,1,0,Content Writer,Lawyer,Architect
99,70,96,76,92,31,88,73,1,0,1,0,0,0,0,0,1,1,Digital Marketer,Psychologist,Lawyer
68,96,89,64,100,57,25,60,0,0,1,0,1,0,0,1,1,0,Software Developer,Digital Marketer,Civil Engineer
27,71,72,76,66,91,68,56,0,0,1,1,1,0,0,1,0,0,Architect,UX/UI Designer,Content Writer
90,31,75,55,69,73,77,28,1,0,0,0,1,0,1,0,0,0,Psychologist,Doctor,Teacher
48,75,46,84,42,88,97,81,0,0,0,0,0,0,0,0,1,0,Psychologist,Data Scientist,Software Developer
68,49,32,85,87,60,72,41,0,0,1,1,1,0,0,0,0,1,Marketing Manager,Doctor,Financial Analyst
36,90,36,91,59,44,84,82,1,1,1,0,1,0,1,1,0,0,Psychologist,Marketing Manager,Doctor
95,55,24,57,70,31,44,37,1,0,0,0,1,0,1,0,0,0,Financial Analyst,Teacher,Software Developer
91,85,79,75,90,64,50,48,1,0,1,1,0,1,1,1,0,0,Content Writer,UX/UI Designer,Financial Analyst
28,75,52,100,57,27,89,93,1,0,0,1,1,0,0,1,0,0,Digital Marketer,Architect,Data Scientist
93,25,35,44,28,50,78,87,1,1,1,1,1,0,0,0,0,0,Civil Engineer,Financial Analyst,Graphic Designer
52,44,78,34,30,46,96,44,0,0,1,1,1,1,0,1,0,1,Software Developer,Teacher,Mechanical Engineer
96,71,82,76,23,97,43,39,1,1,1,1,0,0,0,1,0,0,Psychologist,Financial Analyst,UX/UI Designer
52,34,79,32,61,56,36,80,0,0,1,1,0,0,1,1,1,1,Data Scientist,Teacher,Digital Marketer
31,21,86,24,77,33,70,38,1,0,1,1,1,0,1,1,0,1,Marketing Manager,Lawyer,Graphic Designer
61,32,64,78,22,73,100,65,0,1,0,0,0,1,0,1,0,1,Financial Analyst,Marketing Manager,Digital Marketer
75,80,76,61,66,30,57,38,1,1,1,0,0,1,0,1,1,1,Digital Marketer,Architect,Mechanical Engineer
66,88,86,54,64,37,97,26,1,0,1,0,1,1,0,0,0,1,Mechanical Engineer,Marketing Manager,Architect
56,81,69,70,30,61,75,90,0,0,0,1,0,0,0,0,0,1,Mechanical Engineer,Content Writer,Civil Engineer
59,59,52,22,96,43,48,89,0,0,0,0,0,0,1,1,1,1,Doctor,Mechanical Engineer,Psychologist
24,36,71,49,29,96,82,23,0,0,0,1,1,1,0,1,0,1,Architect,Financial Analyst,Psychologist
32,93,39,79,100,88,26,90,1,1,0,0,1,0,1,0,0,0,Architect,Civil Engineer,UX/UI Designer
59,71,42,24,27,25,21,21,0,0,1,1,1,1,1,0,0,1,Mechanical Engineer,Architect,Financial Analyst
23,92,93,85,35,20,73,81,0,0,1,1,0,1,0,0,1,1,Digital Marketer,Data Scientist,Psychologist
23,75,70,56,84,34,92,89,0,1,0,1,1,0,1,0,1,0,Doctor,Psychologist,Data Scientist
85,68,88,40,93,34,49,79,0,0,1,1,1,1,0,0,1,0,Software Developer,Mechanical Engineer,Graphic Designer
30,25,30,32,70,54,81,25,1,1,0,1,1,1,0,1,0,0,Content Writer,Mechanical Engineer,Software Developer
52,57,60,63,35,32,95,96,1,0,1,0,0,0,0,0,1,1,Digital Marketer,UX/UI Designer,Mechanical Engineer
66,26,20,51,70,53,88,95,0,1,0,1,0,0,0,1,1,1,Graphic Designer,Lawyer,Mechanical Engineer
29,85,37,60,43,43,70,24,0,0,0,0,1,0,0,1,1,1,Content Writer,Civil Engineer,Doctor
92,30,91,91,35,65,52,58,0,0,0,1,1,0,1,0,0,1,Teacher,Civil Engineer,Lawyer
57,48,31,86,27,55,99,95,0,0,0,0,0,0,1,1,1,0,Psychologist,Civil Engineer,Graphic Designer
69,65,49,52,47,93,45,99,0,0,0,1,1,1,0,0,1,0,Marketing Manager,Software Developer,Teacher
42,90,77,65,27,87,74,98,1,0,1,0,0,0,0,0,0,0,Teacher,Graphic Designer,UX/UI Designer
40,36,100,99,92,90,39,61,1,1,1,0,1,0,1,1,1,0,UX/UI Designer,Financial Analyst,Data Scientist
94,81,69,64,33,93,100,90,1,0,0,0,1,1,0,1,0,1,Lawyer,Architect,Software Developer
80,24,41,51,35,56,24,91,1,0,0,0,0,1,0,1,1,0,Software Developer,Financial Analyst,Doctor
97,55,77,41,87,62,57,42,0,1,0,1,0,1,0,0,1,1,Marketing Manager,Mechanical Engineer,Data Scientist
27,54,75,47,34,95,77,58,1,0,1,1,1,0,1,0,0,0,Marketing Manager,Mechanical Engineer,Data Scientist
21,67,58,25,64,51,65,68,1,1,1,1,1,0,1,1,1,0,Mechanical Engineer,Graphic Designer,Software Developer
42,58,72,88,62,77,52,85,1,1,0,1,1,1,1,1,1,1,Civil Engineer,UX/UI Designer,Marketing Manager
47,36,21,66,95,21,74,47,0,0,0,1,0,1,1,1,0,1,Architect,Teacher,Doctor
46,91,82,72,22,55,30,56,0,0,1,0,0,1,0,1,0,0,Lawyer,Marketing Manager,Content Writer
69,95,90,32,63,54,66,22,1,1,1,1,0,1,1,0,0,1,Software Developer,Marketing Manager,Mechanical Engineer
52,86,60,71,78,30,58,69,1,0,1,0,1,0,1,1,1,0,Data Scientist,Graphic Designer,Software Developer
34,62,80,55,66,74,74,55,0,0,0,1,0,1,0,0,1,1,UX/UI Designer,Architect,Marketing Manager
44,93,29,56,22,36,35,72,1,0,1,0,1,1,0,0,1,1,Financial Analyst,Software Developer,Data Scientist
58,30,40,79,28,66,60,40,0,1,1,1,0,1,1,1,1,0,Software Developer,Digital Marketer,Content Writer
25,74,20,25,70,83,65,30,0,1,0,1,1,0,0,0,1,1,UX/UI Designer,Financial Analyst,Content Writer
52,68,79,81,57,67,97,65,1,0,1,0,1,0,1,0,0,0,Digital Marketer,Doctor,Mechanical Engineer
54,70,33,26,94,80,98,60,0,0,0,1,1,1,0,0,1,0,Teacher,Marketing Manager,Psychologist
93,55,38,53,37,22,91,87,1,0,1,0,1,0,1,1,0,1,Software Developer,Marketing Manager,Civil Engineer
63,45,34,76,44,56,57,79,0,0,0,1,1,1,0,0,1,0,Psychologist,Software Developer,Digital Marketer
85,98,31,48,49,62,82,27,1,1,1,1,1,0,1,1,0,0,Lawyer,Psychologist,Mechanical Engineer
91,66,91,63,69,87,89,36,0,0,1,1,1,0,0,1,0,1,Graphic Designer,Civil Engineer,Teacher
80,39,42,92,33,33,89,43,1,1,0,0,1,0,1,0,1,0,Content Writer,Graphic Designer,Teacher
45,92,91,61,77,71,53,79,1,0,1,1,0,0,0,0,1,0,Data Scientist,Graphic Designer,Mechanical Engineer
27,76,86,39,41,42,31,89,0,1,0,0,0,0,0,0,1,1,Software Developer,UX/UI Designer,Lawyer
41,51,46,53,78,81,70,65,0,1,1,1,1,0,0,1,0,0,Mechanical Engineer,Doctor,Civil Engineer
96,38,40,51,62,33,26,85,0,1,1,1,0,1,1,0,1,1,Content Writer,Teacher,Mechanical Engineer
38,57,94,84,61,92,31,89,1,1,1,1,0,1,0,0,0,1,Digital Marketer,Graphic Designer,Marketing Manager
39,90,79,95,22,63,33,69,1,0,1,0,1,1,0,1,0,1,Doctor,Civil Engineer,Financial Analyst
90,85,22,66,78,25,73,70,0,1,0,1,1,1,1,0,0,1,Teacher,Psychologist,Lawyer
30,94,93,86,84,73,80,74,1,0,0,1,1,1,0,1,1,1,Architect,Data Scientist,UX/UI Designer
90,72,63,70,78,37,86,96,0,0,1,0,0,0,1,1,0,1,Doctor,Software Developer,Graphic Designer
74,22,79,35,66,94,68,69,1,1,0,1,0,1,0,0,1,0,Teacher,Content Writer,Financial Analyst
34,73,62,57,91,26,59,23,0,0,0,0,0,1,0,0,1,1,Data Scientist,Lawyer,Software Developer
73,73,70,95,74,82,76,23,1,1,1,1,1,1,1,1,0,0,Graphic Designer,Software Developer,Teacher
70,35,54,96,91,41,21,38,1,0,1,0,1,0,0,1,0,0,UX/UI Designer,Psychologist,Marketing Manager
68,97,90,46,54,20,22,91,0,0,0,1,1,1,0,1,0,0,Architect,Graphic Designer,Lawyer
33,33,90,86,62,54,82,95,0,1,1,1,1,0,0,0,0,0,Data Scientist,Financial Analyst,Marketing Manager
93,82,52,87,22,74,88,69,1,1,1,1,0,0,1,1,0,0,Lawyer,Architect,Marketing Manager
72,83,90,56,46,21,62,98,1,1,0,0,1,0,0,0,1,1,Architect,Content Writer,Teacher
75,87,59,31,26,45,57,79,1,1,0,1,0,1,0,1,0,0,Digital Marketer,Teacher,Marketing Manager
97,71,99,79,86,28,61,64,0,0,1,0,1,1,1,0,1,0,Content Writer,Lawyer,Doctor
38,41,58,68,35,37,49,57,1,1,0,0,0,0,1,0,1,0,Digital Marketer,Graphic Designer,Content Writer
36,49,88,96,78,48,87,87,1,1,1,1,1,1,1,1,1,1,Architect,Financial Analyst,Teacher
57,25,37,88,79,75,51,100,0,0,0,1,0,0,1,1,1,1,Marketing Manager,Lawyer,Architect
29,96,54,71,82,45,71,62,1,1,1,0,1,1,1,0,0,0,Content Writer,Software Developer,Mechanical Engineer
54,85,23,34,27,90,47,53,0,1,1,1,1,1,0,1,1,1,UX/UI Designer,Architect,Mechanical Engineer
22,22,76,27,40,43,70,79,1,0,0,1,0,0,1,0,0,0,Software Developer,Mechanical Engineer,Graphic Designer
65,49,36,76,32,56,38,93,0,1,0,1,0,0,1,0,1,0,Financial Analyst,UX/UI Designer,Content Writer
52,70,45,73,31,42,99,86,1,0,0,1,0,0,1,1,1,1,Content Writer,Mechanical Engineer,Teacher
25,65,89,87,37,85,40,20,0,0,0,1,1,0,1,0,1,1,Content Writer,Marketing Manager,Digital Marketer
30,77,74,56,55,34,20,63,1,0,1,1,1,1,0,1,0,1,UX/UI Designer,Data Scientist,Marketing Manager
66,47,39,81,49,88,38,28,1,0,0,1,1,1,0,1,0,0,Psychologist,Civil Engineer,Financial Analyst
100,50,46,72,24,67,80,90,0,0,1,0,1,1,0,1,1,0,Content Writer,Software Developer,Digital Marketer
73,72,48,31,57,68,43,66,0,0,0,0,0,1,0,0,0,0,Marketing Manager,UX/UI Designer,Financial Analyst
73,49,80,26,84,34,79,49,0,0,0,1,1,1,1,1,0,0,Graphic Designer,Psychologist,Civil Engineer
36,63,80,33,36,27,92,72,1,0,1,1,0,1,1,1,1,1,Digital Marketer,Psychologist,Mechanical Engineer
52,24,64,60,99,74,45,35,1,1,0,1,0,0,0,1,1,0,UX/UI Designer,Digital Marketer,Graphic Designer
66,74,86,56,33,53,69,57,1,1,0,1,1,0,1,0,1,1,Teacher,Software Developer,Digital Marketer
56,59,59,20,30,28,32,61,0,0,0,0,0,1,0,1,0,1,Teacher,Psychologist,Digital Marketer
53,20,92,100,57,63,67,73,1,1,0,0,0,1,1,1,0,0,Graphic Designer,Digital Marketer,Software Developer
40,89,34,22,25,31,70,81,1,1,0,0,1,1,1,0,0,0,UX/UI Designer,Graphic Designer,Civil Engineer
33,99,52,96,62,87,51,45,0,1,0,0,1,0,1,0,1,1,UX/UI Designer,Digital Marketer,Data Scientist
70,31,97,39,61,98,68,57,0,0,1,0,0,1,1,1,0,1,Civil Engineer,Graphic Designer,Architect
45,80,34,29,64,28,77,66,1,1,0,0,0,1,0,0,1,1,Architect,Psychologist,Graphic Designer
23,57,39,76,53,35,52,77,0,0,1,0,0,1,0,1,1,1,Marketing Manager,Financial Analyst,Data Scientist
92,48,59,94,62,55,90,26,1,0,0,0,0,1,0,0,0,1,Financial Analyst,Mechanical Engineer,Architect
21,91,66,47,86,69,28,52,1,1,0,1,0,1,0,1,1,0,Digital Marketer,Lawyer,UX/UI Designer
82,95,43,24,73,90,84,83,0,0,1,1,0,0,0,0,0,0,Software Developer,Lawyer,Marketing Manager
20,31,80,24,83,50,61,79,1,1,0,0,1,1,0,1,1,0,Mechanical Engineer,Doctor,Marketing Manager
52,92,35,98,29,31,43,21,1,1,1,1,0,0,1,0,0,1,Teacher,Content Writer,Financial Analyst
27,50,37,25,36,80,72,75,0,1,1,1,1,0,1,1,0,1,Architect,Graphic Designer,Financial Analyst
94,96,88,25,71,56,100,74,1,0,1,1,1,1,0,0,0,1,Architect,UX/UI Designer,Digital Marketer
59,56,59,42,86,97,78,30,1,0,1,1,1,1,1,1,0,0,Civil Engineer,Lawyer,Financial Analyst
25,46,69,34,67,96,30,55,1,1,1,1,1,1,0,1,1,0,Marketing Manager,Content Writer,Architect
56,26,20,87,29,78,33,72,0,0,0,1,0,0,1,0,0,0,UX/UI Designer,Psychologist,Financial Analyst
62,30,79,83,43,62,64,85,1,1,0,0,0,0,0,1,1,1,Data Scientist,Graphic Designer,Architect
38,49,70,92,79,82,78,41,0,0,1,0,0,0,1,0,0,1,Lawyer,Software Developer,Teacher
21,94,42,81,51,35,46,23,1,0,1,0,1,1,0,1,1,0,Data Scientist,Digital Marketer,Architect
67,50,89,21,49,23,82,32,0,1,1,1,0,1,0,0,1,0,Marketing Manager,Psychologist,Data Scientist
99,40,80,90,95,53,78,80,1,0,1,0,0,1,1,1,0,0,Financial Analyst,Teacher,Civil Engineer
25,84,33,68,87,92,68,98,0,0,1,0,0,0,1,0,1,0,Lawyer,UX/UI Designer,Marketing Manager
25,56,50,37,82,77,61,34,0,0,0,1,1,1,1,0,0,1,Civil Engineer,Psychologist,Lawyer
44,57,34,45,64,33,43,59,1,0,1,1,0,1,1,1,0,0,Doctor,Graphic Designer,UX/UI Designer
38,34,42,62,31,93,82,84,1,0,0,1,0,0,1,0,1,1,Architect,Content Writer,Data Scientist
59,80,92,27,57,70,25,88,1,1,0,1,1,0,0,0,0,0,Digital Marketer,Content Writer,Marketing Manager
39,42,33,76,24,87,41,85,0,1,1,1,1,0,0,1,1,0,Mechanical Engineer,Software Developer,Digital Marketer
79,78,33,98,47,25,45,66,1,0,0,1,0,0,1,0,1,0,Financial Analyst,Lawyer,Psychologist
89,90,48,70,42,36,24,70,0,1,1,1,1,1,1,0,1,1,Marketing Manager,Data Scientist,Content Writer
41,37,33,24,35,20,43,46,0,0,1,0,0,1,1,0,1,1,Lawyer,Financial Analyst,Psychologist
28,49,64,64,35,90,42,20,0,0,0,0,0,1,0,1,1,0,Digital Marketer,Civil Engineer,Data Scientist
51,92,79,67,78,54,62,67,1,0,1,1,0,0,0,1,0,0,Graphic Designer,Mechanical Engineer,Digital Marketer
53,91,57,53,40,100,20,93,0,1,0,1,1,1,0,0,0,1,UX/UI Designer,Civil Engineer,Teacher
49,68,58,68,37,36,27,87,1,1,1,1,0,1,0,1,0,1,Architect,Data Scientist,Marketing Manager
99,22,89,33,68,38,83,30,1,0,0,1,1,0,1,1,0,0,Teacher,Psychologist,Marketing Manager
26,87,92,59,86,70,87,27,1,1,0,1,0,0,0,0,0,1,Civil Engineer,Financial Analyst,Marketing Manager
94,77,93,23,70,84,53,60,1,0,0,0,1,0,0,0,0,1,Financial Analyst,Graphic Designer,Psychologist
24,47,26,61,61,47,100,66,1,0,1,1,1,0,0,0,1,1,Psychologist,Software Developer,Teacher
92,97,60,51,81,65,78,55,1,1,1,1,1,0,1,0,0,0,Software Developer,Digital Marketer,Graphic Designer
26,74,70,31,100,88,99,96,0,0,0,0,0,1,0,0,0,1,Mechanical Engineer,Psychologist,Civil Engineer
72,98,42,23,51,30,52,86,0,0,1,1,1,1,1,1,1,1,Financial Analyst,Doctor,Psychologist
40,64,41,95,57,80,58,99,0,0,1,1,1,1,1,1,1,0,Financial Analyst,Software Developer,Lawyer
58,52,91,42,20,64,81,40,1,0,0,0,1,0,0,0,1,1,Lawyer,Psychologist,Teacher
97,29,67,32,64,62,100,70,1,0,0,0,1,0,0,1,1,1,Civil Engineer,Psychologist,Architect
78,28,72,28,88,33,44,57,1,0,0,0,1,0,1,0,1,0,Graphic Designer,Content Writer,Psychologist
59,49,42,81,46,100,44,40,0,0,1,1,0,0,1,1,1,0,Financial Analyst,Teacher,Doctor
78,33,40,34,68,29,39,71,1,0,1,1,1,1,0,1,1,0,Data Scientist,Software Developer,Content Writer
92,21,36,53,53,77,36,77,0,1,1,0,0,1,1,1,0,0,Doctor,Architect,Software Developer
45,75,81,97,74,43,78,87,0,0,1,1,1,0,0,0,0,0,Mechanical Engineer,Digital Marketer,Civil Engineer
97,83,95,21,95,96,54,97,1,1,0,0,1,1,1,0,1,1,Content Writer,Doctor,Lawyer
88,68,27,25,52,43,54,93,0,1,1,0,0,0,1,1,1,1,Data Scientist,Content Writer,Marketing Manager
95,52,36,90,80,50,86,67,1,1,1,0,0,1,0,0,1,0,Psychologist,Lawyer,Mechanical Engineer
41,73,90,84,52,58,30,31,1,1,0,1,0,1,0,0,0,0,Doctor,Data Scientist,Civil Engineer
97,41,51,69,65,88,66,45,0,1,0,1,1,1,1,1,0,1,Content Writer,Civil Engineer,Data Scientist
84,76,21,58,92,58,85,38,1,0,1,1,1,1,1,1,1,0,Graphic Designer,Digital Marketer,Mechanical Engineer
65,35,52,55,26,55,83,49,0,0,0,1,0,1,0,0,1,0,Doctor,Lawyer,Content Writer
27,62,30,79,48,51,34,46,1,0,1,0,0,0,0,1,0,0,Data Scientist,Financial Analyst,Architect
31,35,93,83,56,25,39,21,0,1,1,1,0,1,0,1,1,1,Teacher,Data Scientist,Marketing Manager
67,74,54,31,44,86,47,63,1,0,1,0,0,0,0,0,0,1,Graphic Designer,Civil Engineer,Teacher
68,48,95,63,31,33,22,50,1,0,0,1,0,1,0,0,0,1,Content Writer,Digital Marketer,Psychologist
26,47,80,45,21,64,85,40,0,1,0,1,0,0,0,1,0,1,Content Writer,Psychologist,Digital Marketer
54,25,81,96,68,60,50,34,1,1,0,0,0,0,0,1,0,1,Graphic Designer,Architect,Marketing Manager
38,25,64,41,55,46,83,82,1,0,0,1,1,0,0,1,0,1,Doctor,Mechanical Engineer,Lawyer
27,93,100,59,38,36,96,84,0,1,1,1,0,1,1,0,0,0,Software Developer,Graphic Designer,Psychologist
64,57,51,23,61,67,84,22,0,0,0,1,0,0,0,0,1,1,Data Scientist,Software Developer,Digital Marketer
26,86,97,79,93,73,91,61,1,1,1,1,0,1,1,1,1,0,Architect,Teacher,Data Scientist
43,70,25,68,99,78,60,70,1,1,1,1,0,0,1,0,1,1,UX/UI Designer,Architect,Marketing Manager
66,57,99,79,24,36,52,47,0,0,0,0,1,0,1,0,1,0,Marketing Manager,Psychologist,Graphic Designer
79,29,25,97,32,99,64,30,1,0,0,1,1,0,0,0,0,0,Mechanical Engineer,UX/UI Designer,Architect
33,84,91,95,100,73,83,28,1,0,0,1,0,0,1,1,1,1,Marketing Manager,Digital Marketer,Software Developer
32,54,79,50,37,23,83,50,0,1,0,0,0,0,1,1,1,0,Mechanical Engineer,Software Developer,Doctor
77,40,100,35,51,21,74,99,0,0,1,1,0,1,0,0,0,1,Graphic Designer,Software Developer,Marketing Manager
87,48,54,55,96,36,32,50,1,1,0,1,1,0,1,1,0,0,Marketing Manager,Mechanical Engineer,Psychologist
96,44,41,92,61,39,27,92,1,0,1,1,0,0,0,0,1,0,Financial Analyst,Graphic Designer,Psychologist
63,86,40,82,49,21,40,33,0,1,0,0,1,1,1,1,1,1,Software Developer,Marketing Manager,Psychologist
40,24,91,72,32,46,73,47,1,1,0,0,1,0,1,1,1,0,Marketing Manager,Content Writer,Doctor
86,56,87,79,61,57,100,93,1,0,0,1,0,1,1,0,1,1,Civil Engineer,Psychologist,Doctor
97,54,84,51,68,66,77,49,1,1,1,0,0,1,0,1,1,0,Architect,Content Writer,Civil Engineer
31,88,65,80,38,78,48,59,1,1,0,0,0,0,0,0,0,1,Architect,Software Developer,UX/UI Designer
98,33,100,71,85,84,95,80,1,0,0,1,1,0,0,0,1,0,Software Developer,Teacher,Financial Analyst
90,25,41,84,79,39,37,45,1,1,0,0,1,1,1,0,0,1,Psychologist,Software Developer,Marketing Manager
65,41,36,89,38,42,75,97,0,0,1,1,1,0,0,0,0,0,Marketing Manager,Lawyer,Financial Analyst
69,30,77,55,45,31,40,59,1,1,1,0,1,0,1,0,1,0,Doctor,Psychologist,Content Writer
79,23,96,85,57,61,56,50,1,0,0,0,0,1,1,1,1,0,Digital Marketer,Data Scientist,Architect
60,37,66,96,36,57,48,99,0,0,1,1,0,1,0,0,1,0,Civil Engineer,Data Scientist,Lawyer
62,22,100,26,45,25,61,59,1,0,0,1,1,0,0,0,1,1,Teacher,Psychologist,UX/UI Designer
22,43,41,84,38,60,75,54,1,0,1,1,1,0,1,1,1,0,Software Developer,Mechanical Engineer,Data Scientist
49,60,82,64,41,21,78,34,0,1,1,1,0,0,0,0,1,1,Financial Analyst,Lawyer,UX/UI Designer
42,38,78,53,32,47,57,80,0,0,0,1,1,1,0,1,0,1,UX/UI Designer,Civil Engineer,Software Developer
92,29,43,96,40,85,54,80,1,0,1,1,0,0,0,0,1,0,Mechanical Engineer,Architect,Psychologist
90,52,69,89,20,96,68,89,0,0,0,0,0,1,1,0,1,0,Lawyer,Digital Marketer,Psychologist
45,82,88,99,98,60,38,56,0,0,1,0,0,0,1,0,1,1,Digital Marketer,Data Scientist,UX/UI Designer
33,68,51,86,53,36,48,38,0,1,0,1,0,1,0,0,0,0,Digital Marketer,Doctor,Civil Engineer
49,96,66,55,100,68,46,24,0,1,0,1,0,1,0,1,1,1,Doctor,Financial Analyst,Psychologist
77,48,31,76,44,96,83,77,1,1,1,1,0,1,1,1,1,0,Civil Engineer,Marketing Manager,Doctor
68,42,96,48,71,70,54,85,1,1,0,0,1,0,0,0,0,0,Architect,Psychologist,Civil Engineer
69,43,31,89,54,72,74,40,0,1,0,0,1,0,1,1,1,1,Content Writer,Graphic Designer,Civil Engineer
58,97,43,76,80,83,42,57,0,1,1,0,1,0,0,1,0,1,Doctor,UX/UI Designer,Graphic Designer
86,90,89,66,30,34,79,89,1,1,1,0,1,0,0,0,0,1,Content Writer,Digital Marketer,Doctor
49,50,96,90,37,32,60,100,0,1,1,0,1,0,1,1,1,0,Data Scientist,Doctor,Civil Engineer
27,34,36,89,73,70,33,26,0,1,0,0,1,0,0,1,1,0,Software Developer,Graphic Designer,Architect
46,96,44,71,41,28,35,38,0,0,1,1,1,0,1,0,0,1,Content Writer,Digital Marketer,Data Scientist
29,84,88,56,77,54,61,20,1,1,1,0,1,1,0,0,1,0,Financial Analyst,Architect,Data Scientist
68,58,74,62,37,75,61,58,1,0,1,0,1,0,0,0,1,0,Civil Engineer,Digital Marketer,Mechanical Engineer
80,76,60,53,49,41,66,49,1,0,0,0,1,1,1,0,1,0,Graphic Designer,Software Developer,Mechanical Engineer
66,35,66,66,88,47,20,75,0,1,0,0,0,0,1,1,0,0,Content Writer,Financial Analyst,UX/UI Designer
26,99,53,60,88,43,51,42,1,0,0,0,1,1,1,1,0,1,Financial Analyst,Architect,Doctor
46,96,56,95,45,80,29,99,1,1,1,0,1,0,0,0,0,1,Doctor,Civil Engineer,Marketing Manager
45,27,25,59,33,78,89,53,1,0,0,0,1,1,0,0,1,0,Doctor,Graphic Designer,Data Scientist
34,56,68,82,27,72,33,54,0,1,1,1,0,0,0,1,1,0,Software Developer,Lawyer,Financial Analyst
87,77,84,35,60,82,21,63,1,1,1,0,1,0,0,1,1,1,Teacher,Civil Engineer,Doctor
45,35,76,84,94,64,62,78,1,0,0,0,1,0,1,1,0,0,Financial Analyst,Doctor,Data Scientist
52,38,43,33,41,24,47,87,0,0,1,1,1,0,1,1,1,0,Mechanical Engineer,Financial Analyst,Data Scientist
67,87,90,26,47,92,75,65,1,1,0,0,1,0,1,0,0,1,Doctor,Content Writer,Marketing Manager
91,83,79,59,35,67,59,34,1,0,1,0,0,1,1,1,1,1,Mechanical Engineer,Digital Marketer,Civil Engineer
59,30,87,57,82,40,31,75,0,0,1,1,0,0,1,1,1,1,Psychologist,Doctor,Lawyer
77,85,27,49,90,96,52,44,0,1,1,1,0,1,0,1,0,0,Content Writer,Lawyer,Financial Analyst
29,24,86,72,99,59,55,90,0,0,0,1,0,0,0,1,0,0,Mechanical Engineer,Architect,Graphic Designer
37,84,80,93,29,85,82,26,1,0,1,0,0,1,0,1,0,0,UX/UI Designer,Architect,Software Developer
46,63,41,32,54,68,53,25,0,0,1,1,0,0,0,1,1,1,Teacher,Software Developer,Civil Engineer
61,46,51,23,52,26,80,27,0,0,1,0,0,1,1,1,0,1,Psychologist,Data Scientist,Teacher
91,57,30,44,48,33,94,74,0,0,0,1,0,0,0,0,0,0,Civil Engineer,Doctor,Content Writer
65,83,35,84,87,76,74,84,1,1,0,1,0,1,1,1,1,1,UX/UI Designer,Content Writer,Lawyer
88,32,45,92,71,64,39,30,1,0,0,1,0,1,0,1,1,0,Digital Marketer,Architect,Financial Analyst
81,98,64,58,44,37,60,20,0,0,1,0,0,0,1,1,0,1,Financial Analyst,Lawyer,Graphic Designer
80,85,44,45,90,29,86,77,0,1,0,1,0,1,0,1,1,1,Marketing Manager,Financial Analyst,Civil Engineer
33,77,30,93,89,92,49,76,0,1,1,0,1,0,0,1,1,1,Content Writer,UX/UI Designer,Graphic Designer
55,73,30,72,46,30,27,75,0,0,1,0,1,1,1,0,1,1,UX/UI Designer,Psychologist,Doctor
74,68,83,52,77,94,46,94,1,0,0,1,0,0,0,0,1,0,Software Developer,Mechanical Engineer,UX/UI Designer
56,79,23,85,90,58,93,55,0,0,0,1,0,1,1,0,1,0,Marketing Manager,Mechanical Engineer,Psychologist
81,77,31,92,94,46,42,45,1,1,1,0,0,1,0,0,1,1,Psychologist,Marketing Manager,Graphic Designer
45,64,29,92,71,97,60,83,0,1,1,0,1,1,1,0,1,1,Digital Marketer,Civil Engineer,Lawyer
38,98,43,40,38,68,68,41,0,1,1,0,1,1,0,0,0,0,Graphic Designer,Teacher,Doctor
100,28,52,53,51,65,44,70,1,0,0,1,0,0,1,0,1,0,Marketing Manager,Psychologist,Mechanical Engineer
94,80,26,84,93,63,81,20,0,1,0,0,0,1,1,1,0,1,Teacher,Marketing Manager,Data Scientist
28,77,81,42,80,84,90,32,0,1,0,0,0,1,0,0,0,0,Psychologist,Digital Marketer,Financial Analyst
39,33,71,76,44,78,98,36,1,0,1,0,0,1,0,0,0,0,Civil Engineer,Architect,UX/UI Designer
76,32,61,46,79,44,98,47,0,0,1,0,1,1,0,1,0,0,Financial Analyst,Teacher,Software Developer
98,52,25,39,93,96,70,73,1,1,1,0,0,0,0,1,0,1,Software Developer,Graphic Designer,Civil Engineer
24,41,95,32,93,57,22,57,1,0,1,0,0,1,0,1,1,1,Lawyer,Psychologist,Civil Engineer
86,78,69,61,80,44,74,40,1,0,1,1,1,1,1,0,1,0,Data Scientist,Graphic Designer,Digital Marketer
24,50,39,73,100,64,36,53,1,1,0,0,1,0,1,1,1,1,Doctor,Civil Engineer,Mechanical Engineer
82,43,36,89,83,75,39,97,0,0,1,1,1,1,0,0,0,1,Software Developer,UX/UI Designer,Data Scientist
92,27,93,82,86,55,34,89,0,0,1,0,0,0,1,0,0,1,Architect,UX/UI Designer,Data Scientist
98,71,32,30,82,75,58,41,0,1,1,1,0,0,1,0,0,1,Architect,Software Developer,Psychologist
55,50,68,49,23,29,40,78,0,0,0,0,1,1,1,0,1,0,Content Writer,Architect,Civil Engineer
40,44,65,76,54,88,83,52,1,1,0,1,0,0,1,0,1,1,Data Scientist,Financial Analyst,Doctor
40,89,79,87,69,89,30,99,0,1,0,1,1,1,0,1,0,1,Digital Marketer,Data Scientist,Doctor
100,79,35,80,20,70,98,47,1,1,1,1,1,0,1,1,0,1,Architect,Lawyer,Teacher
40,31,63,50,49,91,93,56,1,1,1,0,0,1,1,1,0,1,Marketing Manager,Lawyer,Psychologist
66,31,85,48,35,73,69,49,1,1,0,0,1,1,0,0,1,1,Lawyer,Mechanical Engineer,Data Scientist
82,73,58,38,80,78,40,49,0,1,0,0,0,1,0,0,1,1,Marketing Manager,Civil Engineer,Financial Analyst
42,91,80,21,32,32,58,65,0,0,0,1,0,1,0,1,1,1,Mechanical Engineer,Lawyer,Marketing Manager
80,48,25,57,65,43,99,23,1,1,0,1,1,0,0,0,0,1,Graphic Designer,UX/UI Designer,Civil Engineer
72,77,47,71,84,77,85,31,0,0,0,0,1,1,1,0,0,1,Content Writer,Marketing Manager,Software Developer
81,85,86,79,83,27,68,84,0,1,0,0,0,0,1,0,1,0,Data Scientist,Architect,Content Writer
44,44,35,77,21,87,68,38,1,0,1,0,0,0,1,1,0,0,Psychologist,Marketing Manager,Data Scientist
35,24,46,99,84,20,69,31,0,1,1,0,0,0,1,0,1,1,Psychologist,Graphic Designer,Architect
100,56,62,77,36,73,58,98,0,0,0,0,1,1,1,0,0,1,Lawyer,Digital Marketer,Software Developer
51,96,45,40,40,36,59,44,0,1,1,1,0,0,1,0,0,1,Digital Marketer,UX/UI Designer,Psychologist
98,71,93,100,27,88,37,43,1,0,1,1,0,0,0,0,0,0,Digital Marketer,Software Developer,Architect
70,88,91,87,72,90,87,66,0,0,1,0,1,0,0,0,0,1,UX/UI Designer,Mechanical Engineer,Data Scientist
31,31,38,65,87,49,34,78,1,0,1,0,0,1,0,1,0,0,Psychologist,Lawyer,Content Writer
59,27,60,76,65,22,83,64,0,0,0,0,0,0,1,1,0,0,Data Scientist,Digital Marketer,Marketing Manager
72,45,87,25,63,80,89,76,1,1,0,1,1,0,0,1,1,0,Digital Marketer,Psychologist,Marketing Manager
75,73,74,43,98,51,25,66,1,0,0,1,1,0,0,1,0,0,Marketing Manager,Psychologist,Doctor
33,58,78,26,55,31,55,81,1,1,1,0,0,1,1,1,0,0,Marketing Manager,Architect,Digital Marketer
51,67,34,98,43,26,39,78,1,1,0,1,1,0,0,0,1,0,Data Scientist,Graphic Designer,Software Developer
89,25,53,31,90,20,64,93,1,1,1,1,1,1,1,0,1,1,Graphic Designer,Marketing Manager,Teacher
34,75,54,81,44,76,54,22,0,1,1,0,0,0,1,1,0,0,Lawyer,Software Developer,Psychologist
46,69,50,64,28,92,29,22,1,1,1,1,0,0,0,0,0,0,Content Writer,Marketing Manager,Software Developer
56,45,44,56,39,43,100,34,1,1,0,1,1,0,0,0,0,1,UX/UI Designer,Doctor,Graphic Designer
81,42,83,27,79,88,83,46,1,1,0,1,0,0,1,0,1,1,Civil Engineer,Lawyer,Graphic Designer
25,53,36,92,63,74,30,70,0,1,0,1,0,0,1,1,1,1,Mechanical Engineer,Data Scientist,Teacher
93,49,39,28,22,80,42,99,1,0,1,1,0,0,1,0,0,1,UX/UI Designer,Content Writer,Psychologist
78,43,60,44,48,87,55,25,0,0,1,0,0,0,1,1,0,0,Doctor,Mechanical Engineer,Graphic Designer
86,65,73,60,72,78,39,99,0,0,0,0,1,0,0,0,1,0,Lawyer,Architect,Civil Engineer
49,79,28,89,22,49,26,29,0,0,0,0,0,0,1,1,1,1,Marketing Manager,UX/UI Designer,Software Developer
89,77,93,47,96,28,61,62,0,0,1,1,0,0,1,1,0,0,Data Scientist,Marketing Manager,Psychologist
97,59,65,68,42,97,38,66,0,1,0,0,0,0,0,1,0,1,Teacher,Graphic Designer,Content Writer
20,37,73,44,22,37,88,55,0,0,1,1,1,1,1,1,0,0,Teacher,Architect,Lawyer
36,55,25,91,73,81,49,33,0,0,0,1,0,1,0,0,1,1,UX/UI Designer,Content Writer,Psychologist
38,38,40,44,98,61,42,49,1,0,0,0,1,1,1,1,0,0,Marketing Manager,Teacher,Software Developer
66,35,34,96,30,79,61,61,1,1,1,1,1,1,0,0,0,1,Lawyer,Doctor,Financial Analyst
62,38,34,50,29,92,62,51,0,0,0,0,1,0,1,0,0,0,Teacher,Architect,Lawyer
60,37,57,51,69,81,45,69,0,1,0,1,1,1,0,0,1,0,Psychologist,UX/UI Designer,Doctor
56,55,28,35,62,75,90,59,0,1,1,1,1,0,1,0,0,0,Psychologist,Teacher,Financial Analyst
66,29,81,54,33,93,78,56,1,0,0,1,0,0,0,0,1,1,Mechanical Engineer,Graphic Designer,UX/UI Designer
80,22,35,70,55,67,27,82,0,0,0,1,0,0,1,0,0,0,Financial Analyst,Software Developer,Graphic Designer
37,99,46,41,50,84,72,82,1,0,1,0,1,1,0,1,1,1,Content Writer,Doctor,Lawyer
22,42,48,58,87,77,51,95,0,0,0,0,1,0,1,1,0,1,Financial Analyst,Graphic Designer,Architect
95,40,62,69,47,67,32,42,1,0,1,0,1,1,0,1,1,0,Software Developer,UX/UI Designer,Marketing Manager
78,77,99,84,92,60,65,90,0,0,0,1,1,1,1,1,0,0,UX/UI Designer,Graphic Designer,Financial Analyst
91,86,49,91,58,46,38,63,0,0,1,1,1,0,1,0,0,1,Lawyer,Teacher,Digital Marketer
64,45,82,92,22,85,57,98,1,0,1,1,1,1,1,0,0,1,Digital Marketer,Software Developer,Mechanical Engineer
50,75,53,86,34,24,92,32,0,1,0,1,0,0,1,0,0,0,Teacher,Civil Engineer,Graphic Designer
28,73,69,66,99,49,53,80,0,0,1,1,1,0,0,0,1,0,Digital Marketer,Psychologist,Content Writer
38,79,99,33,95,94,66,90,1,1,1,0,1,0,0,1,0,1,Psychologist,Software Developer,Teacher
33,30,95,30,89,42,45,58,0,0,1,0,0,0,0,0,1,1,Digital Marketer,Teacher,Civil Engineer
96,23,39,61,49,78,61,22,1,0,0,0,0,1,1,1,1,0,Civil Engineer,Data Scientist,Content Writer
45,90,75,52,72,72,24,97,1,1,0,1,0,0,1,1,1,0,Doctor,Lawyer,Mechanical Engineer
79,82,84,93,67,40,92,59,1,0,0,1,1,0,0,1,1,1,Data Scientist,Marketing Manager,Psychologist
55,67,20,75,56,28,90,25,1,0,1,0,1,1,1,0,1,1,Psychologist,Financial Analyst,Doctor
59,40,50,100,47,97,65,46,1,1,0,1,0,1,1,0,0,1,Psychologist,Graphic Designer,Lawyer
91,37,66,70,53,87,86,98,1,0,0,1,1,0,0,0,1,1,Content Writer,Data Scientist,Lawyer
55,87,83,68,94,23,20,26,1,1,1,0,0,1,1,1,0,1,Financial Analyst,Software Developer,UX/UI Designer
98,23,81,66,54,69,61,43,1,0,1,1,1,0,0,0,0,1,Civil Engineer,Doctor,Lawyer
45,36,29,100,30,22,57,35,1,1,0,0,1,0,1,0,0,0,Mechanical Engineer,Doctor,Teacher
72,36,85,72,55,53,23,28,0,1,0,0,1,0,0,1,0,0,Architect,Teacher,Financial Analyst
80,80,80,53,53,69,63,65,0,1,0,1,1,0,1,1,1,0,Lawyer,Financial Analyst,Graphic Designer
36,40,46,86,73,23,77,75,0,0,1,1,0,0,1,0,1,0,Data Scientist,Financial Analyst,Lawyer
79,86,24,20,75,81,30,83,1,0,0,1,1,0,1,1,1,0,Financial Analyst,Teacher,Psychologist
100,47,37,97,23,38,60,94,1,1,0,0,1,0,1,0,0,1,Financial Analyst,Doctor,Architect
47,43,56,86,21,32,96,82,1,1,0,0,0,1,0,0,1,1,Mechanical Engineer,Content Writer,Civil Engineer
75,100,58,21,57,56,63,83,0,0,0,1,1,0,1,1,1,1,Marketing Manager,Psychologist,Graphic Designer
53,22,68,49,98,60,48,88,0,0,1,1,0,0,1,1,0,1,Digital Marketer,Civil Engineer,Marketing Manager
74,59,21,57,24,51,71,55,1,1,1,0,0,1,1,1,0,1,Civil Engineer,Lawyer,Data Scientist
54,76,88,97,73,77,27,82,0,0,1,0,0,1,0,0,0,1,Teacher,Financial Analyst,UX/UI Designer
50,82,85,88,99,97,95,76,0,1,1,0,1,1,1,0,0,1,Architect,Content Writer,Lawyer
54,27,47,91,94,82,51,96,0,0,0,1,0,1,1,0,0,1,Mechanical Engineer,Doctor,Psychologist
52,94,97,59,72,85,83,46,0,0,1,0,1,1,1,0,0,1,Architect,Psychologist,Digital Marketer
25,67,78,26,37,50,81,45,0,1,1,0,0,1,1,0,1,1,Digital Marketer,Marketing Manager,Teacher
92,57,98,68,76,31,31,38,1,1,0,0,0,0,0,1,0,0,Marketing Manager,UX/UI Designer,Digital Marketer
97,35,40,78,47,26,91,23,0,1,1,0,1,1,0,1,1,1,Civil Engineer,Digital Marketer,Content Writer
54,81,54,96,96,78,97,40,0,1,0,1,0,1,1,0,1,0,Architect,Mechanical Engineer,Psychologist
78,75,75,97,53,100,88,95,1,0,0,0,1,1,1,1,0,0,Architect,Data Scientist,Financial Analyst
98,52,84,44,72,52,28,28,0,1,0,1,1,1,0,1,1,0,Content Writer,Psychologist,Doctor
39,83,68,70,43,20,38,94,0,0,1,1,0,1,1,1,0,0,Mechanical Engineer,Content Writer,Digital Marketer
90,23,85,36,54,39,42,64,0,0,0,1,1,0,1,1,0,1,Data Scientist,Teacher,Doctor
21,23,20,85,38,76,35,49,1,0,1,0,1,0,1,1,1,0,Lawyer,Data Scientist,Financial Analyst
51,22,48,84,61,35,36,80,1,1,0,1,1,1,1,1,1,1,Civil Engineer,Lawyer,Content Writer
36,84,29,75,47,32,69,38,0,0,1,0,0,0,0,0,0,0,UX/UI Designer,Mechanical Engineer,Content Writer
90,33,51,99,66,55,42,75,1,0,1,0,0,0,0,0,0,0,Data Scientist,Teacher,Civil Engineer
34,53,45,61,80,31,92,57,0,1,1,0,1,0,0,0,0,1,Teacher,Software Developer,Civil Engineer
54,26,25,35,39,49,61,59,0,1,1,0,1,1,1,1,0,0,Mechanical Engineer,Lawyer,Teacher
39,99,35,91,99,29,73,60,1,0,1,0,1,1,1,1,0,0,Doctor,Software Developer,Financial Analyst
61,79,61,99,39,98,90,25,0,0,1,1,0,1,1,1,0,1,Marketing Manager,Psychologist,Doctor
31,72,65,67,30,32,60,66,0,0,1,1,1,0,0,1,0,1,Lawyer,Graphic Designer,Digital Marketer
95,23,90,29,48,49,37,49,1,0,1,1,0,0,1,1,1,1,Doctor,Architect,Mechanical Engineer
75,45,86,57,65,39,96,33,0,0,1,1,1,0,0,0,0,0,Lawyer,Architect,Marketing Manager
71,36,25,94,52,47,83,94,1,1,0,1,1,0,1,1,0,1,Mechanical Engineer,Doctor,Civil Engineer
81,63,43,73,51,56,76,48,0,0,1,1,0,1,1,0,0,0,Doctor,Digital Marketer,Teacher
22,39,100,46,24,83,29,25,0,0,1,1,1,0,0,1,1,0,UX/UI Designer,Content Writer,Graphic Designer
93,35,84,36,83,92,27,83,1,0,0,1,0,1,1,0,0,1,UX/UI Designer,Digital Marketer,Financial Analyst
34,32,48,53,87,72,52,79,1,0,1,1,1,0,1,1,1,0,Content Writer,Marketing Manager,Civil Engineer
70,28,74,69,57,64,63,69,0,0,0,0,0,0,1,0,0,1,Civil Engineer,Mechanical Engineer,Financial Analyst
81,23,48,35,32,55,78,48,0,1,0,1,1,0,0,0,1,0,Graphic Designer,Data Scientist,Marketing Manager
53,20,39,25,77,70,56,28,1,0,1,0,1,1,0,0,0,1,UX/UI Designer,Software Developer,Graphic Designer
91,72,62,84,36,88,57,22,0,0,1,0,0,1,1,1,1,1,Architect,Teacher,Software Developer
75,70,29,37,53,100,33,56,0,0,0,0,0,1,0,0,0,1,Software Developer,Architect,Content Writer
21,51,41,93,66,84,45,48,0,1,0,1,1,0,1,0,0,0,Doctor,Civil Engineer,Lawyer
69,91,72,74,82,30,72,69,0,0,0,0,1,1,1,0,1,1,Teacher,Software Developer,Architect
45,63,49,55,86,39,77,96,0,0,1,0,1,1,0,1,0,1,Content Writer,Mechanical Engineer,Teacher
44,84,24,83,36,25,90,57,0,1,1,1,1,0,0,1,1,1,Content Writer,Architect,Doctor
55,96,71,87,94,39,58,91,1,1,0,0,0,0,0,0,1,1,Digital Marketer,UX/UI Designer,Lawyer
50,78,30,85,63,67,54,84,1,0,0,0,0,0,0,1,1,0,Marketing Manager,Data Scientist,Content Writer
65,72,58,69,28,80,31,98,0,1,1,0,0,1,0,0,0,0,Software Developer,Digital Marketer,Teacher
47,40,43,34,66,90,42,80,0,0,1,0,0,0,1,0,1,1,Psychologist,Financial Analyst,Marketing Manager
75,85,96,52,40,69,72,76,0,1,0,1,1,1,0,0,0,1,UX/UI Designer,Financial Analyst,Software Developer
71,43,46,49,82,90,34,63,1,1,0,0,0,0,1,0,1,0,Mechanical Engineer,Data Scientist,Teacher
37,39,69,37,56,29,34,81,0,0,0,1,1,0,1,0,0,1,Data Scientist,Doctor,Software Developer
38,76,39,64,24,90,75,97,1,0,1,1,1,0,0,0,1,0,Marketing Manager,Data Scientist,Financial Analyst
33,79,39,31,43,65,90,56,0,0,1,1,0,1,1,1,0,1,Mechanical Engineer,Software Developer,Psychologist
63,65,53,64,94,54,29,20,0,0,1,1,1,0,0,1,1,1,Financial Analyst,Lawyer,Doctor
64,99,45,64,64,93,89,53,1,0,0,1,1,1,0,0,1,0,Psychologist,Architect,Doctor
100,67,41,92,36,49,80,56,1,1,1,0,0,1,1,1,0,0,Data Scientist,Psychologist,Lawyer
99,73,51,60,80,39,28,77,0,1,0,0,1,1,0,1,0,0,Civil Engineer,Lawyer,Doctor
51,62,77,76,54,97,44,76,0,0,0,1,0,0,0,0,1,1,Graphic Designer,Financial Analyst,Doctor
38,58,45,30,57,97,49,63,1,0,1,0,0,0,1,1,0,1,Data Scientist,Lawyer,Teacher
68,53,73,63,21,97,53,28,1,1,1,0,0,1,0,1,1,1,Lawyer,Teacher,Software Developer
82,36,83,48,99,85,34,57,1,0,1,0,1,1,0,1,1,1,Graphic Designer,Digital Marketer,Doctor
72,96,31,41,85,44,50,39,1,0,1,0,1,1,1,0,0,1,Content Writer,Architect,Digital Marketer
23,51,39,66,85,45,20,91,0,1,1,0,0,0,1,1,1,0,Architect,Content Writer,Teacher
73,93,77,20,44,43,77,61,1,0,0,1,1,0,0,1,1,1,Data Scientist,Software Developer,Digital Marketer
49,57,87,59,54,60,60,50,0,0,0,1,0,1,1,0,0,0,Mechanical Engineer,Doctor,Civil Engineer
77,58,65,44,28,42,65,100,1,1,0,0,0,0,0,1,1,0,Lawyer,Civil Engineer,Marketing Manager
92,75,72,80,38,70,40,74,0,0,0,0,0,0,1,1,1,0,Psychologist,Mechanical Engineer,Lawyer
70,94,59,49,86,78,73,53,0,1,0,0,1,0,0,0,1,0,UX/UI Designer,Teacher,Software Developer
69,29,94,28,82,61,50,72,0,1,1,0,0,1,1,0,1,1,Content Writer,Graphic Designer,Financial Analyst
39,45,42,91,66,95,67,46,1,0,1,1,0,0,0,1,1,0,Teacher,Content Writer,Doctor
69,99,69,51,68,91,75,76,1,0,0,1,0,0,1,1,0,1,Civil Engineer,Software Developer,Doctor
51,27,43,72,67,55,66,61,1,0,0,0,1,0,1,1,1,1,Graphic Designer,UX/UI Designer,Doctor
85,25,82,68,34,74,91,23,0,1,0,1,1,1,1,1,1,0,Architect,Graphic Designer,Doctor
69,59,84,33,77,93,48,46,1,0,1,0,0,0,1,1,0,1,Lawyer,Graphic Designer,Digital Marketer
71,58,54,36,88,97,61,57,1,1,0,1,1,0,0,0,1,0,Architect,Digital Marketer,Lawyer
31,63,82,47,46,57,66,42,1,1,0,1,0,1,1,1,0,0,Psychologist,Digital Marketer,Graphic Designer
40,63,59,49,67,61,27,36,1,1,1,0,0,0,1,0,0,1,Digital Marketer,Marketing Manager,Architect
25,37,36,52,77,90,71,88,1,0,0,1,0,1,1,0,1,0,Content Writer,Software Developer,Digital Marketer
78,35,38,47,25,67,45,24,1,1,0,1,0,0,1,0,0,0,Marketing Manager,Doctor,Digital Marketer
52,95,84,79,68,97,57,56,1,1,0,0,0,0,0,1,0,0,Mechanical Engineer,Data Scientist,Lawyer
49,23,48,74,29,39,34,95,1,0,0,0,0,1,1,0,0,0,Data Scientist,Lawyer,Financial Analyst
53,67,46,83,57,57,96,23,0,0,1,1,0,1,1,0,1,1,Teacher,Architect,Psychologist
90,81,24,35,27,42,81,52,0,1,1,1,1,0,0,0,0,0,Software Developer,Architect,UX/UI Designer
35,42,38,91,66,95,67,78,1,0,0,0,1,1,1,0,1,1,Software Developer,Architect,Mechanical Engineer
47,68,92,82,30,78,43,64,1,1,1,1,1,0,1,1,0,1,Software Developer,Data Scientist,Architect
31,91,54,27,98,21,93,80,0,1,0,0,1,1,0,1,0,1,Digital Marketer,Mechanical Engineer,Marketing Manager
60,60,83,82,100,74,45,79,1,1,1,0,0,0,1,1,0,1,Graphic Designer,Content Writer,Software Developer
66,57,66,32,33,71,26,82,1,1,1,1,0,1,0,0,1,1,Civil Engineer,Teacher,Architect
57,73,43,44,80,38,29,78,1,0,0,1,1,1,0,1,1,1,Doctor,Software Developer,Psychologist
58,98,74,27,56,73,37,81,1,1,0,1,1,1,1,0,1,1,Marketing Manager,Content Writer,Doctor
46,88,43,49,88,40,40,91,0,1,1,0,0,0,0,0,0,1,Data Scientist,Architect,Lawyer
41,77,93,78,67,76,22,67,0,1,1,1,0,0,0,0,1,1,Civil Engineer,Teacher,Psychologist
39,80,53,22,86,85,87,81,0,0,1,1,1,0,1,1,0,0,Civil Engineer,Architect,Marketing Manager
36,55,69,62,72,53,80,60,1,1,0,0,1,0,1,1,0,1,Architect,Teacher,Software Developer
33,40,22,56,53,96,72,80,1,1,0,0,0,1,1,1,1,0,Civil Engineer,Lawyer,Psychologist
82,48,54,30,30,79,59,21,0,1,0,1,0,0,0,1,1,0,Civil Engineer,Lawyer,Doctor
22,45,53,67,66,55,43,31,1,1,1,1,0,1,0,1,1,0,Psychologist,Doctor,Teacher
94,85,72,90,98,31,71,93,0,0,0,0,0,0,0,1,0,1,Software Developer,UX/UI Designer,Lawyer
33,38,52,88,77,34,36,75,1,0,1,1,1,1,0,0,1,0,Software Developer,Financial Analyst,Architect
57,38,89,49,67,87,100,40,1,0,1,1,0,1,1,0,1,1,Civil Engineer,Content Writer,Lawyer
22,66,85,99,100,65,96,38,1,1,0,0,0,1,0,0,1,0,Lawyer,Digital Marketer,Civil Engineer
89,61,67,55,43,63,77,22,1,0,0,0,0,0,1,0,1,1,Teacher,Mechanical Engineer,Content Writer
87,98,30,81,96,34,59,73,0,0,1,0,1,0,0,0,0,1,Graphic Designer,Content Writer,Teacher
66,49,24,54,88,43,21,91,0,1,0,0,0,0,1,1,0,1,Architect,Software Developer,Content Writer
43,73,25,75,53,50,95,33,0,0,1,1,0,1,0,0,1,0,Digital Marketer,Data Scientist,Architect
96,20,29,30,41,33,58,86,0,0,0,1,1,1,1,1,1,0,Digital Marketer,Lawyer,Marketing Manager
29,27,23,88,69,20,88,33,0,1,1,1,1,0,1,1,1,0,Content Writer,Doctor,Civil Engineer
87,91,38,25,42,68,69,91,1,1,0,1,0,1,0,1,1,1,Doctor,Digital Marketer,Psychologist
21,65,35,28,100,71,36,68,1,1,0,0,0,1,0,0,1,0,Mechanical Engineer,Financial Analyst,Digital Marketer
24,58,100,60,93,79,44,81,0,0,0,0,1,1,0,1,1,1,Digital Marketer,Software Developer,Teacher
20,86,79,25,99,58,88,60,0,0,0,0,1,0,1,0,0,1,Lawyer,Financial Analyst,UX/UI Designer
47,34,93,62,91,94,65,43,0,0,1,1,0,0,0,0,0,0,UX/UI Designer,Data Scientist,Psychologist
63,71,92,58,70,48,35,23,1,0,0,1,1,1,0,0,1,0,Marketing Manager,Mechanical Engineer,Financial Analyst
90,59,64,24,75,38,50,21,0,0,1,0,0,0,1,0,1,1,Doctor,Architect,Financial Analyst
98,50,50,32,33,36,56,100,0,1,1,0,1,1,1,1,0,1,Financial Analyst,Data Scientist,Software Developer
90,73,76,74,81,94,33,63,0,1,1,0,1,0,1,1,0,0,UX/UI Designer,Lawyer,Civil Engineer
30,83,77,87,96,75,85,99,1,1,0,1,1,1,1,1,1,1,Civil Engineer,Digital Marketer,Architect
80,96,90,59,31,81,40,38,0,0,0,1,1,1,1,0,1,1,Lawyer,Marketing Manager,UX/UI Designer
77,76,55,86,69,21,44,66,0,0,0,1,1,1,1,1,1,0,Content Writer,Doctor,Architect
40,29,92,32,72,33,65,82,1,1,0,0,0,1,0,0,0,1,Mechanical Engineer,Psychologist,Architect
24,61,99,98,97,30,47,66,1,0,1,1,0,0,1,0,0,0,Financial Analyst,Graphic Designer,Content Writer
29,33,78,77,92,46,96,78,1,0,1,0,1,1,1,0,1,1,Lawyer,Financial Analyst,UX/UI Designer
95,93,100,82,63,88,83,83,1,0,1,1,1,1,1,0,0,0,Content Writer,Graphic Designer,Mechanical Engineer
28,26,34,78,24,76,99,44,0,1,0,1,0,0,0,1,1,1,Content Writer,Financial Analyst,Civil Engineer
80,62,39,61,88,67,86,79,0,1,0,0,1,0,0,0,0,1,Graphic Designer,Digital Marketer,UX/UI Designer
63,76,22,68,58,39,61,92,0,0,1,0,0,1,0,1,0,1,Financial Analyst,Data Scientist,Teacher
72,78,84,60,56,49,74,78,0,1,0,0,1,0,0,1,0,0,Financial Analyst,Data Scientist,Mechanical Engineer
83,34,60,49,70,35,55,31,0,0,0,0,1,1,0,1,0,0,Data Scientist,Teacher,UX/UI Designer
25,31,57,80,46,51,49,63,0,1,0,0,0,0,0,0,1,0,Architect,Software Developer,Teacher
49,35,77,70,20,54,77,69,1,0,0,1,0,1,0,1,0,1,Civil Engineer,Financial Analyst,Psychologist
60,61,89,90,68,55,84,73,0,1,1,1,0,0,1,0,0,1,Digital Marketer,Psychologist,Lawyer
36,69,35,50,45,20,78,51,0,1,1,1,0,0,1,0,1,1,Content Writer,Mechanical Engineer,Financial Analyst
84,50,26,68,36,48,53,25,1,0,1,0,1,1,1,1,0,0,Psychologist,Lawyer,UX/UI Designer
99,70,44,48,80,73,62,58,0,1,1,0,0,0,1,1,1,1,Graphic Designer,Software Developer,Financial Analyst
56,89,89,62,58,56,40,26,0,0,0,1,0,0,1,0,0,1,Teacher,Architect,Mechanical Engineer
75,85,55,62,64,88,26,36,1,0,0,1,1,0,0,1,1,1,Software Developer,Marketing Manager,Civil Engineer
61,38,83,44,23,22,92,77,0,1,0,1,1,0,0,1,1,0,Architect,Digital Marketer,Financial Analyst
89,93,73,43,70,53,25,56,0,1,0,1,0,1,1,0,1,0,Architect,Graphic Designer,UX/UI Designer
66,81,65,53,75,87,37,72,0,0,1,1,0,0,1,1,1,0,Teacher,Content Writer,Digital Marketer
22,97,24,29,79,100,39,52,1,1,1,0,0,1,0,1,0,1,Graphic Designer,Financial Analyst,Software Developer
60,38,53,52,70,48,27,75,0,0,1,1,0,0,1,0,0,1,Data Scientist,Financial Analyst,Psychologist
72,39,53,50,96,60,32,67,0,1,0,0,1,1,0,1,1,0,Software Developer,Graphic Designer,UX/UI Designer
46,43,73,55,37,80,41,90,0,0,0,0,0,1,1,1,1,1,Teacher,Psychologist,Data Scientist
30,39,28,82,24,63,41,75,0,0,1,1,0,1,1,1,0,0,Lawyer,Content Writer,Teacher
45,20,95,98,52,54,63,38,0,1,1,1,0,0,1,1,1,1,UX/UI Designer,Teacher,Digital Marketer
51,58,77,72,85,77,94,77,1,1,1,0,0,0,1,1,1,1,Data Scientist,Lawyer,Psychologist
70,65,97,39,38,67,23,77,0,1,0,1,0,0,0,1,0,1,Software Developer,Architect,UX/UI Designer
96,43,72,73,24,80,46,78,1,1,1,0,0,1,0,1,0,0,Lawyer,Marketing Manager,UX/UI Designer
54,98,56,91,61,87,97,28,1,0,0,1,0,0,0,0,0,0,Lawyer,Data Scientist,Software Developer
47,57,32,32,73,41,74,72,0,1,1,1,0,0,0,1,1,0,Graphic Designer,Data Scientist,Doctor
81,66,55,26,35,54,29,63,0,0,1,0,1,1,0,0,1,0,Architect,Software Developer,UX/UI Designer
36,65,46,93,58,62,67,40,0,0,0,1,1,0,0,1,1,1,Content Writer,Graphic Designer,Digital Marketer
73,54,49,79,85,34,63,95,0,0,0,1,1,1,1,0,0,1,Psychologist,Mechanical Engineer,Financial Analyst
32,59,59,44,62,59,31,36,1,1,0,1,1,0,0,0,1,0,Mechanical Engineer,Architect,Teacher
61,37,65,55,36,36,62,93,0,1,1,1,0,0,1,0,0,0,Psychologist,UX/UI Designer,Lawyer
43,67,27,47,48,99,71,55,1,0,0,1,0,0,1,1,1,1,Teacher,Mechanical Engineer,Data Scientist
75,96,89,74,77,71,44,52,1,1,0,1,0,1,1,0,0,1,Mechanical Engineer,Financial Analyst,UX/UI Designer
72,82,23,85,28,36,63,38,0,0,0,0,1,1,1,1,0,0,Mechanical Engineer,Civil Engineer,Digital Marketer
56,89,24,90,90,94,24,99,0,1,1,1,1,0,0,0,1,0,Mechanical Engineer,Graphic Designer,Marketing Manager
99,90,57,27,42,40,92,40,0,1,0,0,1,0,1,1,0,0,Lawyer,Doctor,Teacher
81,79,83,38,72,34,31,83,1,1,1,1,0,1,0,0,1,1,Civil Engineer,Psychologist,Content Writer
22,94,54,65,28,85,72,93,1,0,0,1,0,0,1,0,0,1,Software Developer,Financial Analyst,Marketing Manager
62,42,64,99,25,20,26,76,0,1,1,0,1,0,1,0,1,0,Civil Engineer,Lawyer,Mechanical Engineer
86,37,92,25,58,82,23,81,1,1,1,1,1,1,1,0,1,0,Content Writer,UX/UI Designer,Marketing Manager
45,39,34,47,50,34,93,36,1,1,1,0,0,1,0,0,1,0,Data Scientist,Civil Engineer,Architect
90,47,99,32,46,47,42,79,1,0,0,1,0,1,1,1,1,0,Digital Marketer,Doctor,Marketing Manager
75,54,52,95,88,86,33,68,1,0,0,0,1,1,1,1,1,0,Digital Marketer,Teacher,Financial Analyst
60,33,27,58,73,57,61,79,1,0,1,1,0,0,1,1,1,0,Psychologist,Financial Analyst,Mechanical Engineer
27,42,84,27,26,30,39,63,1,1,0,0,1,1,1,0,0,0,Marketing Manager,Psychologist,Doctor
49,89,23,80,44,63,81,49,0,1,1,0,1,0,0,0,0,1,Digital Marketer,Software Developer,Civil Engineer
36,63,30,96,21,27,93,34,0,1,1,1,1,1,1,0,1,0,Data Scientist,UX/UI Designer,Lawyer
39,66,90,30,56,28,45,48,0,0,1,1,0,1,0,1,0,0,Data Scientist,Financial Analyst,Architect
97,32,40,57,62,66,91,77,0,1,0,1,0,0,0,1,1,1,UX/UI Designer,Graphic Designer,Civil Engineer
32,86,29,50,76,44,96,69,0,1,0,0,1,0,1,1,1,0,Lawyer,Graphic Designer,UX/UI Designer
88,63,94,49,92,28,92,98,0,1,0,0,1,1,1,1,0,0,Psychologist,Civil Engineer,Teacher
42,96,91,41,66,95,85,36,1,0,1,0,1,0,0,1,1,1,Lawyer,Civil Engineer,Architect
96,76,63,88,28,87,81,85,1,1,1,1,1,1,1,1,1,1,Data Scientist,Architect,Software Developer
51,77,29,49,69,60,100,90,1,0,0,1,1,1,0,1,1,0,Lawyer,Doctor,Graphic Designer
82,99,50,61,66,73,57,49,1,0,0,1,0,0,1,1,1,0,Architect,Lawyer,Financial Analyst
85,46,35,60,45,97,28,84,1,0,0,0,1,0,0,1,0,1,Financial Analyst,Marketing Manager,Data Scientist
83,87,54,31,78,21,77,58,1,1,1,0,1,1,1,0,1,0,Marketing Manager,Content Writer,Graphic Designer
40,80,26,27,31,67,66,61,0,0,0,1,0,0,0,0,1,0,Lawyer,Teacher,Financial Analyst
61,32,92,81,53,69,38,47,1,1,0,0,1,0,0,0,0,1,Digital Marketer,Software Developer,Civil Engineer
41,60,60,20,70,32,99,41,0,0,0,0,0,1,1,0,0,0,Doctor,Mechanical Engineer,Teacher
48,35,42,95,58,21,42,21,0,1,0,1,1,1,1,0,1,1,Marketing Manager,Graphic Designer,Lawyer
38,97,55,67,98,97,59,68,0,0,1,0,1,1,0,0,0,0,Data Scientist,Content Writer,Psychologist
100,81,80,46,66,51,98,20,1,1,0,1,1,1,0,0,1,0,Marketing Manager,Graphic Designer,Financial Analyst
51,92,20,67,63,55,49,57,1,0,1,0,1,0,1,0,1,1,Civil Engineer,Mechanical Engineer,Software Developer
91,43,33,93,78,30,97,65,0,0,0,1,0,0,0,1,0,1,Teacher,Doctor,Psychologist
52,40,91,58,38,82,34,72,1,1,1,1,0,0,1,0,1,0,Psychologist,Mechanical Engineer,Content Writer
30,92,32,75,36,75,55,82,1,1,1,0,1,0,1,0,0,0,UX/UI Designer,Doctor,Mechanical Engineer
73,47,89,78,95,99,75,43,0,1,1,1,1,0,1,1,1,1,Software Developer,Architect,Graphic Designer
96,79,24,43,43,52,72,57,0,0,1,1,0,0,1,1,1,1,Lawyer,Financial Analyst,Mechanical Engineer
74,63,98,74,35,75,27,49,1,0,0,0,0,1,1,0,1,0,Doctor,Teacher,UX/UI Designer
37,79,84,27,96,33,23,28,1,0,1,0,1,1,0,0,1,1,Civil Engineer,Doctor,Content Writer
95,91,90,37,90,70,22,73,1,0,1,0,0,1,0,0,1,0,Content Writer,Software Developer,Psychologist
24,96,94,68,24,40,71,75,0,0,0,1,1,1,1,1,0,1,Digital Marketer,Content Writer,Architect
42,54,57,42,61,41,92,41,0,1,0,1,1,1,1,0,0,0,Content Writer,Digital Marketer,Civil Engineer
77,82,30,33,51,100,70,83,1,0,1,0,0,0,1,1,1,0,Lawyer,Financial Analyst,UX/UI Designer
100,41,36,45,65,50,63,40,0,1,1,1,1,0,0,1,1,1,Architect,UX/UI Designer,Lawyer
26,88,77,46,52,62,78,36,0,0,1,1,0,1,1,1,1,0,Financial Analyst,Marketing Manager,Digital Marketer
52,25,73,93,89,22,61,76,1,1,1,1,1,1,1,0,0,0,Lawyer,Psychologist,Marketing Manager
45,77,62,67,83,60,45,78,1,0,1,0,0,0,1,1,0,0,Teacher,Graphic Designer,UX/UI Designer
37,75,78,59,43,93,22,56,0,0,1,1,1,1,0,1,1,0,Architect,Mechanical Engineer,Data Scientist
57,31,21,76,93,25,79,94,0,1,0,1,1,1,1,0,0,1,Data Scientist,Financial Analyst,Architect
96,85,95,99,53,25,80,24,1,1,0,1,0,0,0,1,0,0,Doctor,UX/UI Designer,Lawyer
58,47,56,42,91,74,35,86,0,0,0,0,0,0,1,0,0,1,Psychologist,Civil Engineer,Doctor
98,31,92,39,62,67,99,30,0,1,0,1,0,0,0,1,1,1,Digital Marketer,Civil Engineer,Software Developer
95,71,95,97,84,34,86,43,0,0,1,1,0,0,0,1,1,1,Financial Analyst,Architect,Lawyer
38,66,96,60,73,69,25,73,1,1,1,0,0,1,1,0,0,1,Data Scientist,Graphic Designer,Financial Analyst
94,28,30,39,22,41,80,89,0,1,1,1,1,0,0,1,1,1,Financial Analyst,Digital Marketer,Graphic Designer
28,59,22,51,85,50,69,72,0,0,0,0,1,1,1,0,0,0,Teacher,Lawyer,Software Developer
56,61,86,52,82,97,83,23,0,1,1,0,0,1,1,0,1,0,Psychologist,Marketing Manager,Doctor
30,34,78,65,87,87,37,48,0,1,1,1,1,1,0,0,1,1,Psychologist,Data Scientist,Lawyer
41,66,93,60,47,85,55,79,0,1,0,1,0,1,0,0,0,1,Data Scientist,Doctor,Content Writer
47,62,86,38,100,62,57,41,1,0,0,0,0,1,0,0,0,0,Software Developer,Psychologist,Teacher
85,47,44,42,93,34,65,22,1,1,0,0,0,1,0,1,0,0,Civil Engineer,Data Scientist,Financial Analyst
55,33,72,63,88,57,60,85,1,1,0,0,1,1,1,1,0,0,Mechanical Engineer,UX/UI Designer,Digital Marketer
31,51,84,96,51,62,64,58,0,1,1,0,0,0,0,1,1,1,Architect,Software Developer,Lawyer
99,79,84,92,94,46,78,36,0,1,1,1,0,1,0,0,1,1,Content Writer,Psychologist,Software Developer
93,61,64,93,22,79,26,81,1,0,1,1,1,1,0,0,0,1,Architect,Lawyer,Marketing Manager
72,68,25,92,62,28,54,39,0,0,0,0,0,1,0,1,1,0,Digital Marketer,Civil Engineer,Software Developer
85,49,26,56,50,48,59,85,0,0,0,1,0,0,1,1,0,1,Graphic Designer,Content Writer,Teacher
33,35,78,39,41,36,62,37,0,0,1,0,0,0,0,1,0,0,Teacher,Mechanical Engineer,Graphic Designer
29,62,95,33,65,42,35,23,0,1,0,1,1,0,0,0,1,1,Mechanical Engineer,Data Scientist,Architect
50,81,65,48,51,52,82,31,1,1,1,0,1,0,1,0,1,0,Architect,Psychologist,Mechanical Engineer
25,44,93,84,82,40,55,27,0,1,0,1,0,0,1,0,0,1,Psychologist,Software Developer,Content Writer
34,47,71,45,46,94,87,35,1,0,0,1,0,1,1,0,0,1,Marketing Manager,Doctor,Civil Engineer
59,53,56,39,30,95,48,68,0,0,0,0,0,1,0,0,1,0,UX/UI Designer,Civil Engineer,Lawyer
56,47,55,90,47,81,26,53,1,0,1,1,0,0,0,1,0,0,Content Writer,Mechanical Engineer,Lawyer
23,51,97,62,91,35,76,23,0,1,1,0,1,1,0,0,0,0,Lawyer,Psychologist,Content Writer
27,80,53,99,42,77,23,57,0,1,0,1,1,1,0,1,0,0,Content Writer,Digital Marketer,Lawyer
68,62,51,25,43,63,25,68,1,1,1,0,1,1,1,0,1,0,Mechanical Engineer,Doctor,UX/UI Designer
45,52,37,74,20,39,100,35,1,0,0,1,0,1,0,1,0,1,Teacher,Civil Engineer,Financial Analyst
92,65,39,71,50,90,24,89,1,1,0,0,1,1,1,1,1,0,UX/UI Designer,Doctor,Mechanical Engineer
66,21,90,20,54,41,40,82,1,1,1,1,0,1,1,1,0,1,Architect,Lawyer,Data Scientist
55,85,95,27,72,70,79,78,1,1,1,0,1,1,0,1,1,1,Digital Marketer,Lawyer,Data Scientist
97,56,55,27,98,84,36,63,0,0,0,1,0,0,0,1,0,1,Content Writer,Doctor,Financial Analyst
89,83,68,42,39,75,32,56,0,0,0,0,0,1,0,0,0,1,Psychologist,Graphic Designer,Mechanical Engineer
63,26,58,88,37,85,43,75,0,1,1,1,0,0,1,1,1,0,Software Developer,Doctor,Marketing Manager
33,52,35,75,99,99,89,31,1,1,1,0,1,0,0,0,1,0,Financial Analyst,Marketing Manager,UX/UI Designer
58,41,70,94,72,41,69,78,0,1,0,0,1,0,1,1,0,0,Teacher,Content Writer,Psychologist
28,96,25,98,73,56,46,68,1,1,0,1,0,1,1,1,0,0,Architect,Content Writer,Mechanical Engineer
47,91,37,97,31,63,37,91,0,0,0,1,1,1,1,0,0,0,Marketing Manager,Architect,Graphic Designer
50,22,20,52,39,84,29,74,1,1,0,1,0,0,0,0,0,0,UX/UI Designer,Graphic Designer,Teacher
97,56,80,94,97,66,76,52,0,1,0,1,0,0,1,1,1,0,Financial Analyst,Architect,Lawyer
85,49,97,21,67,97,94,32,1,0,1,1,0,1,0,1,1,0,Psychologist,Content Writer,Teacher
66,64,40,84,26,52,48,29,1,1,1,1,1,0,1,1,1,1,Teacher,Content Writer,Lawyer
71,71,35,45,98,83,89,33,1,1,1,1,1,0,1,0,0,1,UX/UI Designer,Psychologist,Software Developer
62,65,31,86,40,54,52,33,1,1,1,0,0,1,1,0,0,1,Lawyer,UX/UI Designer,Mechanical Engineer
34,57,99,71,72,95,63,56,1,1,0,0,0,0,1,0,0,0,Teacher,Financial Analyst,Content Writer
59,71,71,81,64,25,23,55,0,0,0,0,1,1,1,0,0,0,Digital Marketer,Data Scientist,Financial Analyst
81,26,27,91,41,35,36,45,1,0,0,0,1,0,0,1,1,1,Graphic Designer,Data Scientist,Architect
99,63,69,26,26,52,33,38,0,1,0,0,0,1,0,0,1,0,Doctor,Digital Marketer,Psychologist
86,47,23,90,66,38,86,66,0,1,0,1,0,1,0,1,0,1,Marketing Manager,Architect,Doctor
77,80,51,81,71,31,56,21,0,0,1,0,1,1,0,0,1,1,Psychologist,Graphic Designer,Mechanical Engineer
90,83,93,72,46,94,87,57,0,0,0,0,1,0,0,0,0,1,Software Developer,UX/UI Designer,Psychologist
43,20,55,63,83,55,42,41,0,0,0,0,0,0,0,1,1,1,Lawyer,Data Scientist,Financial Analyst
61,68,88,94,39,33,25,76,1,0,1,1,1,0,1,1,1,0,Digital Marketer,UX/UI Designer,Lawyer
95,80,96,55,32,87,98,30,0,1,1,1,1,0,0,0,1,0,Teacher,Software Developer,Digital Marketer
89,66,55,62,63,33,60,70,0,0,1,0,1,1,1,1,0,1,Mechanical Engineer,Software Developer,UX/UI Designer
64,62,42,69,61,66,33,53,0,1,1,0,1,1,1,0,1,1,Mechanical Engineer,Psychologist,UX/UI Designer
24,26,75,69,24,100,35,57,0,1,0,0,1,1,1,0,0,1,Digital Marketer,Content Writer,UX/UI Designer
85,89,29,46,31,45,37,55,0,0,1,0,0,0,0,1,1,0,Graphic Designer,Financial Analyst,UX/UI Designer
58,76,81,28,45,32,41,73,0,1,0,1,1,0,1,1,0,1,Lawyer,Graphic Designer,UX/UI Designer
97,62,24,56,56,90,94,21,1,1,1,0,0,1,0,0,0,0,Civil Engineer,UX/UI Designer,Content Writer
100,24,100,48,72,64,87,32,0,0,0,0,0,1,1,0,1,1,Civil Engineer,Lawyer,Mechanical Engineer
74,22,57,42,53,63,86,69,0,1,1,1,1,1,0,1,1,1,UX/UI Designer,Civil Engineer,Data Scientist
76,47,31,75,35,74,90,94,1,0,0,1,0,1,0,1,0,1,Financial Analyst,Data Scientist,Lawyer
57,56,34,70,31,98,32,41,1,0,0,0,1,0,1,1,0,0,Doctor,Marketing Manager,UX/UI Designer
68,76,82,78,22,27,70,81,0,1,0,0,0,1,0,1,0,0,UX/UI Designer,Mechanical Engineer,Architect
96,51,23,49,88,39,60,96,1,1,1,0,0,0,0,1,0,0,Mechanical Engineer,UX/UI Designer,Lawyer
22,22,76,73,51,36,49,61,1,0,1,0,0,1,0,0,0,0,Lawyer,Graphic Designer,UX/UI Designer
77,29,48,77,88,90,58,99,1,1,0,1,0,1,0,1,1,1,Data Scientist,Software Developer,Doctor
54,38,41,26,85,33,83,65,1,0,0,1,1,1,0,0,0,1,Teacher,Digital Marketer,Doctor
41,96,28,94,76,57,31,90,1,1,0,0,1,1,1,1,0,1,UX/UI Designer,Psychologist,Content Writer
57,23,29,64,24,73,23,60,1,0,0,1,0,0,1,0,1,1,Digital Marketer,Architect,Psychologist
91,57,61,63,29,98,39,26,0,0,0,1,0,0,0,0,0,1,Architect,Teacher,Digital Marketer
27,37,45,98,90,20,90,99,0,0,1,1,0,0,0,0,1,0,Software Developer,Architect,Digital Marketer
64,54,26,43,22,62,63,52,1,1,0,0,1,1,0,1,1,1,Mechanical Engineer,Architect,Digital Marketer
26,74,97,34,60,83,70,41,0,0,0,0,1,1,0,1,1,1,Doctor,UX/UI Designer,Teacher
78,25,48,67,33,59,100,69,1,0,0,0,1,1,1,1,1,1,Financial Analyst,Graphic Designer,Civil Engineer
83,65,93,84,70,85,94,86,0,0,0,0,1,1,1,1,1,1,Teacher,Lawyer,Doctor
83,30,40,55,62,26,79,35,0,1,1,0,1,0,1,1,0,0,Lawyer,UX/UI Designer,Civil Engineer
95,63,51,92,71,41,40,86,0,1,1,1,1,1,1,0,0,1,Graphic Designer,Content Writer,Architect
45,50,85,67,42,63,60,47,0,0,0,1,1,0,0,1,1,0,Data Scientist,Marketing Manager,Mechanical Engineer
61,24,66,31,39,42,63,66,1,1,0,0,1,0,1,0,0,0,Psychologist,Data Scientist,Content Writer
22,62,91,64,81,81,27,78,0,1,1,0,1,1,0,0,1,1,Digital Marketer,Data Scientist,Psychologist
91,44,37,37,41,27,95,25,1,1,1,0,1,0,1,0,1,0,Psychologist,Doctor,Mechanical Engineer
72,73,54,58,88,87,89,85,0,0,0,1,0,0,1,0,0,1,Data Scientist,UX/UI Designer,Marketing Manager
84,46,29,36,21,35,86,30,1,1,0,0,1,0,0,0,1,1,Psychologist,Architect,Doctor
67,40,60,96,57,39,92,61,1,1,0,0,0,1,1,1,1,1,Civil Engineer,Marketing Manager,Software Developer
62,51,73,53,75,78,45,51,0,0,1,0,1,0,0,0,0,0,UX/UI Designer,Psychologist,Teacher
23,53,52,24,47,48,77,32,1,0,1,1,0,0,1,0,1,1,Lawyer,Mechanical Engineer,Financial Analyst
28,69,83,86,82,31,65,52,1,1,0,0,0,1,0,1,0,1,Mechanical Engineer,Psychologist,UX/UI Designer
52,58,70,72,30,44,71,92,0,0,1,1,1,0,1,0,0,1,Teacher,Marketing Manager,Civil Engineer
79,23,42,79,86,79,30,79,1,1,1,0,0,0,0,0,0,0,Content Writer,UX/UI Designer,Financial Analyst
88,26,91,91,100,65,40,29,0,1,0,1,0,1,1,1,0,1,Lawyer,Doctor,Financial Analyst
20,64,82,83,89,48,28,27,0,0,1,0,1,1,0,0,1,0,Teacher,Mechanical Engineer,Lawyer
34,39,99,82,61,99,26,99,0,1,0,0,0,1,1,1,1,0,Lawyer,Architect,Mechanical Engineer
88,39,30,51,57,97,24,59,1,0,0,0,1,1,1,1,0,0,Content Writer,Financial Analyst,Architect
88,90,99,72,90,28,85,63,1,0,1,0,1,1,1,0,0,0,Digital Marketer,Doctor,Graphic Designer
57,28,67,86,100,77,39,21,0,1,1,1,0,1,1,1,1,0,Civil Engineer,Digital Marketer,Graphic Designer
43,48,52,48,30,68,41,38,1,0,0,0,0,0,1,0,1,0,Civil Engineer,Teacher,Mechanical Engineer
84,35,21,83,81,32,76,93,0,0,0,1,0,1,0,1,0,0,Psychologist,Software Developer,Lawyer
50,36,85,71,63,79,97,92,0,1,1,0,0,1,1,0,0,1,Architect,Lawyer,Civil Engineer
90,24,32,33,41,47,92,97,1,1,1,0,0,1,1,0,0,0,Civil Engineer,Psychologist,Teacher
29,38,22,76,81,87,31,47,1,1,1,1,1,1,0,1,1,0,Software Developer,Digital Marketer,Doctor
39,84,63,91,72,87,86,26,1,0,1,1,0,1,0,0,0,0,Mechanical Engineer,Data Scientist,Software Developer
56,86,96,80,31,53,52,83,0,0,0,1,1,0,0,1,0,0,Software Developer,Digital Marketer,Psychologist
76,76,64,42,70,42,87,30,1,0,0,0,0,1,0,0,0,1,Mechanical Engineer,Financial Analyst,Civil Engineer
49,92,85,69,29,90,51,63,0,1,0,0,0,1,1,1,1,1,Doctor,Financial Analyst,Architect
91,97,73,23,23,46,69,53,1,0,0,0,0,0,0,1,0,0,Teacher,Content Writer,Civil Engineer
92,63,25,90,60,59,39,47,1,1,0,1,0,1,0,1,0,0,Marketing Manager,Financial Analyst,Civil Engineer
42,73,47,29,22,94,40,67,1,1,0,0,0,1,1,0,1,1,Doctor,Mechanical Engineer,Content Writer
41,51,57,65,33,38,31,51,1,0,1,0,1,1,1,0,0,1,Content Writer,Digital Marketer,Civil Engineer
67,97,99,47,67,83,43,62,1,1,0,0,0,1,0,1,0,0,Civil Engineer,Financial Analyst,Psychologist
46,97,41,83,87,65,45,96,1,0,0,0,0,0,0,0,0,1,Graphic Designer,Teacher,Marketing Manager
95,73,46,50,56,28,36,64,0,1,0,0,1,0,0,1,0,1,Architect,Psychologist,Data Scientist
30,40,65,49,60,40,95,74,1,1,0,0,0,0,1,1,1,0,Financial Analyst,Digital Marketer,Graphic Designer
81,80,94,71,72,56,95,73,0,0,0,1,0,0,1,1,1,0,Financial Analyst,Doctor,Marketing Manager
66,40,42,68,64,64,77,100,0,0,0,0,0,0,1,1,1,1,Graphic Designer,Doctor,Teacher
39,97,23,100,29,65,23,76,1,0,0,0,0,0,1,1,0,0,Teacher,Marketing Manager,Mechanical Engineer
36,45,86,63,87,93,61,57,0,1,0,0,1,1,1,0,1,1,Doctor,Lawyer,Marketing Manager
79,94,52,89,21,92,95,40,0,0,1,1,1,0,1,0,1,0,Financial Analyst,Psychologist,Civil Engineer
50,36,81,65,98,37,24,55,1,1,0,0,0,1,0,0,1,0,Teacher,Doctor,Lawyer
56,95,69,76,87,38,67,62,0,0,0,0,0,0,0,0,0,1,UX/UI Designer,Software Developer,Architect
93,92,93,29,55,21,60,68,0,0,1,1,0,0,1,1,0,0,Financial Analyst,UX/UI Designer,Digital Marketer
65,23,83,87,85,77,54,100,0,0,0,1,0,1,0,1,1,1,UX/UI Designer,Graphic Designer,Lawyer
47,41,83,57,100,81,98,20,0,1,0,1,1,0,0,1,0,0,Mechanical Engineer,Lawyer,Graphic Designer
45,90,87,54,94,48,80,100,1,1,0,0,0,1,1,1,1,0,Teacher,UX/UI Designer,Graphic Designer
30,95,99,72,41,68,45,95,1,0,1,0,1,0,1,1,1,0,Doctor,Digital Marketer,Data Scientist
57,77,75,26,75,24,74,50,1,1,1,0,1,0,1,0,1,1,Graphic Designer,Lawyer,Psychologist
60,56,83,48,66,29,68,96,1,0,1,0,0,1,0,0,1,0,Content Writer,Software Developer,UX/UI Designer
29,48,20,62,44,64,85,46,1,1,1,0,1,0,0,1,0,0,UX/UI Designer,Doctor,Content Writer
41,58,45,72,42,93,55,63,1,1,1,1,0,0,1,0,0,0,Financial Analyst,Doctor,Data Scientist
45,55,79,94,39,40,57,76,1,1,0,0,1,1,1,0,0,0,Teacher,Architect,Marketing Manager
92,64,43,34,40,83,73,55,0,1,1,0,1,0,0,0,1,1,Content Writer,Teacher,Architect
43,44,84,38,42,74,81,49,0,1,1,0,0,1,0,1,0,0,Mechanical Engineer,Marketing Manager,Teacher
50,21,88,63,62,34,29,86,0,0,0,1,1,0,0,1,0,0,Civil Engineer,Lawyer,Mechanical Engineer
38,85,38,62,49,78,28,44,0,0,1,0,0,0,0,0,1,1,Doctor,Architect,Lawyer
20,43,82,42,81,31,42,85,0,1,0,1,0,1,0,1,0,0,UX/UI Designer,Civil Engineer,Mechanical Engineer
93,88,33,36,39,33,96,64,0,0,0,1,0,0,0,0,1,0,Architect,Financial Analyst,Marketing Manager
95,68,23,82,27,88,20,95,1,1,0,1,1,0,0,1,0,1,Doctor,UX/UI Designer,Digital Marketer
92,77,84,81,49,93,85,60,0,0,0,1,0,1,0,1,1,1,Software Developer,Digital Marketer,Lawyer
66,73,74,54,39,26,32,97,0,0,1,0,0,1,0,1,1,0,Digital Marketer,Architect,Civil Engineer
43,93,71,40,58,61,43,43,0,1,1,1,0,0,0,0,1,0,Financial Analyst,Digital Marketer,Content Writer
97,92,86,98,80,65,87,76,0,1,1,1,0,0,1,1,1,0,Marketing Manager,Lawyer,Content Writer
20,59,75,50,31,79,78,21,1,0,0,1,1,0,0,0,0,0,Doctor,Architect,Marketing Manager
24,27,80,99,93,49,85,58,0,1,0,0,1,0,1,0,1,1,Digital Marketer,Graphic Designer,Civil Engineer
23,24,44,78,66,85,43,90,1,0,0,1,1,0,1,1,0,0,Lawyer,Civil Engineer,Teacher
22,78,89,39,53,67,47,70,1,0,1,1,0,0,0,0,0,0,Civil Engineer,Software Developer,Lawyer
60,88,80,27,52,75,23,38,0,0,0,0,1,0,1,1,0,0,Lawyer,Graphic Designer,Data Scientist
42,90,48,78,86,81,60,68,0,0,0,1,0,0,1,0,1,1,Graphic Designer,Marketing Manager,Content Writer
76,49,80,27,93,74,26,48,0,0,0,1,1,1,1,0,0,1,Lawyer,Teacher,UX/UI Designer
58,70,30,57,61,97,33,51,1,1,0,0,0,0,1,1,1,1,Civil Engineer,Software Developer,Marketing Manager
43,57,40,53,26,99,58,42,1,1,0,0,0,1,0,1,0,0,Marketing Manager,Doctor,Data Scientist
49,85,61,85,60,25,96,96,0,0,1,1,0,1,0,0,0,1,Teacher,Financial Analyst,Psychologist
56,20,86,42,49,92,81,82,0,1,0,1,0,0,0,0,0,1,Teacher,Lawyer,Doctor
98,44,100,59,42,82,72,60,0,0,1,0,0,1,0,0,0,0,Lawyer,Software Developer,Digital Marketer
28,64,85,41,28,45,31,74,0,1,0,1,1,1,0,1,1,1,Mechanical Engineer,Teacher,Content Writer
53,31,50,68,54,27,73,86,0,1,0,1,1,0,0,0,1,1,Psychologist,Civil Engineer,Content Writer
51,91,37,73,37,22,31,30,1,1,0,0,1,0,0,1,0,0,Content Writer,Graphic Designer,UX/UI Designer
73,91,48,91,63,56,81,82,0,0,0,0,1,0,1,0,1,1,Teacher,Lawyer,Doctor
51,58,37,39,46,43,23,43,1,1,1,1,0,0,1,0,1,0,Content Writer,UX/UI Designer,Graphic Designer
29,28,71,56,73,89,70,95,1,1,0,1,1,0,1,0,1,1,Mechanical Engineer,Data Scientist,Teacher
92,21,53,44,37,66,73,30,0,1,1,0,0,1,0,0,1,1,Civil Engineer,Software Developer,Content Writer
72,93,53,42,97,73,47,68,0,0,1,1,0,1,1,0,0,1,Mechanical Engineer,UX/UI Designer,Financial Analyst
72,93,97,47,45,88,93,43,0,0,0,1,0,1,0,0,0,0,Psychologist,Doctor,Financial Analyst
70,60,96,42,26,88,88,21,0,0,0,0,0,1,0,0,1,1,Psychologist,Civil Engineer,Marketing Manager
57,82,71,83,45,99,81,34,0,0,1,0,1,1,0,1,1,1,Doctor,Financial Analyst,Digital Marketer
72,41,55,99,27,22,23,90,1,0,0,0,0,1,1,1,1,1,Architect,Doctor,Software Developer
31,83,63,73,77,66,40,52,1,0,1,0,0,1,0,0,0,0,Teacher,Lawyer,Software Developer
43,40,77,100,47,91,78,65,0,1,0,1,0,0,1,0,0,1,Lawyer,Data Scientist,Digital Marketer
22,69,96,63,89,41,83,82,0,1,0,1,1,0,0,0,0,1,Content Writer,UX/UI Designer,Doctor
27,37,35,49,29,24,80,38,1,1,1,1,0,1,0,1,0,1,Psychologist,Content Writer,Graphic Designer
73,29,36,63,97,65,22,69,0,0,0,0,0,0,0,1,0,0,Architect,Graphic Designer,Lawyer
25,38,86,89,28,79,36,37,1,0,1,0,0,1,1,1,0,1,Civil Engineer,Graphic Designer,Psychologist
66,31,55,44,39,50,51,43,1,1,0,0,0,0,1,0,1,0,Content Writer,Graphic Designer,Software Developer
88,76,86,40,25,32,29,20,0,0,1,1,0,1,0,1,0,0,Lawyer,Financial Analyst,Content Writer
56,55,32,86,73,96,43,87,0,1,1,1,1,0,0,0,0,0,Graphic Designer,Data Scientist,Doctor
68,89,65,38,84,45,78,72,1,0,1,1,0,1,0,0,0,1,Mechanical Engineer,Software Developer,Digital Marketer
25,26,71,61,79,58,100,83,0,1,1,0,1,1,1,0,0,0,Graphic Designer,Software Developer,Lawyer
36,53,29,79,29,49,95,36,1,0,1,0,0,1,1,0,0,0,Mechanical Engineer,Digital Marketer,Software Developer
43,86,40,70,23,88,78,51,0,1,1,0,1,1,0,0,1,1,Doctor,UX/UI Designer,Mechanical Engineer
45,90,49,54,99,24,75,35,1,1,0,1,1,1,1,0,0,0,Digital Marketer,Civil Engineer,Financial Analyst
25,66,85,100,34,98,27,77,0,0,1,1,1,1,0,1,1,0,Psychologist,Graphic Designer,Content Writer
56,30,53,60,75,47,77,85,1,0,1,1,0,1,1,1,1,1,Civil Engineer,UX/UI Designer,Architect
22,31,78,89,43,20,80,46,1,1,1,0,0,1,1,1,1,1,Psychologist,UX/UI Designer,Doctor
27,90,77,75,72,70,72,66,0,1,0,0,1,1,1,0,1,1,Data Scientist,Graphic Designer,Digital Marketer
35,100,32,22,56,77,52,55,0,1,0,1,0,1,1,0,0,0,Architect,Mechanical Engineer,Psychologist
99,53,25,70,42,55,64,92,1,0,1,1,1,1,0,1,0,1,Marketing Manager,Financial Analyst,Teacher
37,96,86,93,94,23,38,50,0,1,0,0,1,0,0,1,0,0,UX/UI Designer,Marketing Manager,Teacher
64,38,74,74,48,86,61,49,0,0,0,1,1,1,1,1,0,0,Civil Engineer,Content Writer,Financial Analyst
68,98,89,41,35,36,90,37,0,0,1,1,0,0,1,1,1,1,Doctor,Mechanical Engineer,Teacher
80,40,59,28,70,64,50,23,0,0,1,0,1,1,0,0,1,1,Doctor,UX/UI Designer,Architect
73,58,75,42,40,23,60,59,1,0,0,1,0,1,0,1,0,0,Doctor,Graphic Designer,Digital Marketer
76,70,60,63,66,92,90,31,0,1,0,1,1,0,0,0,1,1,Graphic Designer,Data Scientist,Digital Marketer
59,54,81,98,83,60,58,48,0,1,1,0,0,0,0,0,1,1,Graphic Designer,Doctor,Marketing Manager
23,80,71,27,90,57,44,48,0,0,1,1,0,1,1,0,1,1,Graphic Designer,Doctor,Teacher
86,84,31,35,42,46,90,87,0,1,1,1,1,1,1,1,1,1,Graphic Designer,Architect,Data Scientist
81,82,41,50,83,76,46,28,1,1,0,1,0,0,1,0,1,0,Marketing Manager,Graphic Designer,Financial Analyst
70,59,38,68,60,83,58,46,1,1,1,1,1,0,0,1,1,1,Digital Marketer,Teacher,Graphic Designer
74,54,44,21,89,36,83,57,0,1,1,1,1,1,1,1,0,0,Marketing Manager,Software Developer,Doctor
92,37,75,97,78,47,73,21,1,1,0,1,1,1,0,0,1,0,Doctor,Financial Analyst,Teacher
70,63,86,77,35,93,91,36,0,1,1,0,1,0,0,0,1,1,Digital Marketer,Software Developer,Doctor
48,81,30,25,96,81,73,72,1,1,0,1,1,1,0,0,1,0,Financial Analyst,Doctor,Architect
62,29,32,87,41,66,58,27,1,1,0,1,1,0,0,1,1,0,Lawyer,Data Scientist,Graphic Designer
95,66,81,47,78,22,62,91,0,0,1,1,1,1,1,1,0,1,Mechanical Engineer,Lawyer,Financial Analyst
29,49,49,30,27,91,95,42,1,0,0,1,0,1,0,1,0,1,Data Scientist,Teacher,Financial Analyst
38,86,38,39,82,62,95,59,1,0,0,1,1,1,0,0,1,0,Mechanical Engineer,Software Developer,Marketing Manager
69,89,63,93,88,32,43,23,1,1,0,0,1,1,0,0,0,0,Graphic Designer,Lawyer,Mechanical Engineer
54,68,49,68,25,55,43,94,1,1,0,0,0,1,1,0,1,0,Graphic Designer,Lawyer,Software Developer
22,53,55,85,21,34,29,85,1,1,1,0,1,1,1,0,1,0,Graphic Designer,Doctor,Marketing Manager
100,50,73,61,82,57,86,68,1,1,1,1,1,0,1,1,1,1,Psychologist,Marketing Manager,Doctor
71,87,43,36,90,76,74,37,1,1,1,0,0,1,0,0,0,1,Civil Engineer,Marketing Manager,Data Scientist
61,30,38,93,73,66,26,41,1,1,1,1,0,0,1,1,0,1,Digital Marketer,Mechanical Engineer,Architect
55,96,54,58,54,85,48,61,0,0,1,1,0,1,1,1,0,1,Civil Engineer,Marketing Manager,Mechanical Engineer
44,49,42,62,26,99,39,31,0,0,0,1,0,1,0,0,1,0,Teacher,Architect,Civil Engineer
24,79,100,33,22,97,31,98,0,1,1,1,0,1,0,0,0,0,Graphic Designer,Psychologist,Digital Marketer
99,74,60,57,64,66,36,100,0,0,0,0,0,1,1,1,1,0,Doctor,Digital Marketer,Software Developer
90,81,91,67,70,100,35,89,0,1,1,0,0,1,0,1,0,0,UX/UI Designer,Data Scientist,Lawyer
36,40,55,42,46,89,80,80,1,0,1,1,1,0,0,1,1,0,Financial Analyst,Content Writer,Doctor
71,62,39,28,40,67,72,72,1,1,1,1,0,0,0,1,0,0,Psychologist,Graphic Designer,Data Scientist
32,59,98,20,47,91,45,92,1,0,0,1,1,0,0,1,1,0,Digital Marketer,Civil Engineer,Software Developer
66,29,73,70,38,20,72,58,0,0,1,1,0,0,0,0,1,1,Psychologist,Mechanical Engineer,Doctor
78,46,72,86,90,64,80,62,0,1,0,1,1,1,0,0,1,1,Doctor,UX/UI Designer,Content Writer
72,32,70,21,58,98,27,43,0,0,0,0,0,1,0,1,1,1,Graphic Designer,Civil Engineer,Data Scientist
71,87,35,38,47,84,89,25,0,1,0,0,0,1,0,1,0,1,Lawyer,Teacher,Software Developer
94,21,32,45,45,83,85,20,0,1,0,1,0,1,1,0,1,0,Doctor,Marketing Manager,Financial Analyst
82,51,43,81,98,94,29,94,1,1,1,0,0,0,0,1,0,1,UX/UI Designer,Financial Analyst,Digital Marketer
67,29,96,69,44,37,62,59,1,1,1,1,1,1,1,0,0,1,Psychologist,Mechanical Engineer,Teacher
41,39,50,23,52,30,37,88,0,0,0,1,1,0,0,0,0,0,Architect,Marketing Manager,Psychologist
68,63,31,28,87,88,27,31,1,1,0,0,1,0,0,1,1,1,Doctor,Digital Marketer,Teacher
24,97,71,37,74,73,21,92,1,1,0,1,0,1,1,0,1,0,Teacher,Content Writer,Data Scientist
43,92,47,41,25,88,72,100,0,0,0,1,0,1,1,1,0,1,Data Scientist,Civil Engineer,Software Developer
91,34,50,65,69,28,47,34,0,0,0,0,1,0,1,0,1,0,Psychologist,Mechanical Engineer,Civil Engineer
73,97,42,72,55,56,78,42,1,1,1,1,0,0,1,1,0,0,Doctor,Civil Engineer,Teacher
94,94,44,34,87,67,45,37,1,0,1,0,0,1,1,0,1,0,Architect,Mechanical Engineer,Data Scientist
50,93,99,22,66,90,21,29,1,1,1,1,1,0,0,1,0,0,Marketing Manager,UX/UI Designer,Software Developer
40,35,80,81,64,99,41,24,1,1,0,0,0,1,0,0,1,1,Software Developer,Doctor,Marketing Manager
68,53,44,63,98,77,68,36,0,0,1,1,1,1,0,1,0,1,Marketing Manager,Mechanical Engineer,Graphic Designer
49,66,96,96,27,58,59,23,0,1,1,0,1,1,0,1,0,0,UX/UI Designer,Content Writer,Doctor
37,75,33,66,22,66,73,59,1,1,0,0,1,1,0,1,0,1,Content Writer,Teacher,Mechanical Engineer
79,72,84,62,49,31,90,64,0,1,0,1,0,1,1,1,0,1,Financial Analyst,Doctor,Software Developer
98,28,34,90,42,71,99,62,1,1,0,0,1,0,0,0,0,0,Marketing Manager,Financial Analyst,Graphic Designer
25,95,33,31,56,29,23,36,1,1,0,1,0,1,0,0,0,1,Doctor,Lawyer,Digital Marketer
30,27,33,82,91,37,27,65,1,1,1,0,0,1,0,1,1,0,Architect,Software Developer,Content Writer
99,27,51,50,77,69,37,47,1,0,0,1,0,0,1,0,0,1,Architect,Teacher,Lawyer
62,86,65,61,85,21,56,91,1,0,1,1,0,0,0,0,0,0,Doctor,Software Developer,Lawyer
96,73,42,28,47,37,22,37,0,1,1,1,0,1,0,1,0,1,Civil Engineer,Architect,Doctor
99,87,95,88,64,82,98,61,1,0,1,1,1,0,1,0,0,1,Content Writer,Marketing Manager,Civil Engineer
52,80,52,82,30,60,36,23,1,1,0,1,1,0,1,0,1,0,Mechanical Engineer,Teacher,Psychologist
22,22,23,59,93,47,48,81,1,1,0,1,1,1,1,1,1,1,Architect,Data Scientist,Mechanical Engineer
69,26,89,42,70,69,83,60,0,1,1,1,0,1,1,1,1,1,Architect,Marketing Manager,Psychologist
29,62,99,89,87,27,68,80,1,0,0,0,1,0,0,1,1,0,Digital Marketer,Data Scientist,Doctor
81,21,72,55,24,57,68,75,1,0,1,0,1,0,0,1,1,1,Graphic Designer,Lawyer,Architect
57,60,80,74,29,69,47,34,0,1,1,0,0,1,1,0,1,0,Content Writer,Data Scientist,Lawyer
93,87,22,87,20,70,37,69,0,0,0,0,0,1,0,1,0,1,Doctor,Architect,Teacher
79,24,34,40,38,78,89,89,0,1,1,0,0,1,0,0,0,0,Civil Engineer,Software Developer,Mechanical Engineer
79,89,82,40,80,53,75,40,1,1,1,1,1,0,0,1,1,0,Civil Engineer,Digital Marketer,Doctor
97,99,41,24,78,25,99,86,1,0,0,0,1,1,0,0,1,1,Psychologist,Data Scientist,Content Writer
88,83,35,81,86,82,33,69,0,1,0,1,0,0,0,0,1,0,Software Developer,Doctor,Data Scientist
60,72,94,42,39,59,89,55,1,1,1,1,1,1,1,1,1,1,Marketing Manager,Lawyer,Software Developer
80,22,38,49,82,93,44,38,0,1,0,1,0,1,1,1,0,0,Marketing Manager,Content Writer,Data Scientist
51,76,20,52,54,51,52,31,0,1,1,0,0,0,0,0,0,0,Lawyer,Psychologist,Software Developer
37,50,89,45,62,25,72,53,0,0,0,0,1,1,0,1,1,1,Teacher,Lawyer,Content Writer
62,64,70,67,74,74,46,75,1,1,1,1,0,1,0,1,1,0,Mechanical Engineer,Content Writer,Lawyer
78,32,48,66,24,83,47,50,0,1,1,1,1,0,0,1,0,1,Civil Engineer,Mechanical Engineer,Lawyer
95,86,28,61,98,49,31,89,0,0,0,1,1,0,0,0,1,0,Content Writer,Digital Marketer,Doctor
22,54,28,69,95,49,57,30,1,0,0,0,1,1,0,1,1,0,Civil Engineer,Psychologist,Architect
21,92,23,59,82,92,67,41,1,1,0,0,0,1,1,0,0,1,Architect,Doctor,Lawyer
66,45,81,96,75,93,62,27,1,0,1,0,0,0,1,0,1,0,Data Scientist,Content Writer,Architect
46,23,34,62,22,100,90,62,1,1,1,0,0,0,0,0,1,1,Content Writer,Marketing Manager,Teacher
76,99,64,48,67,85,34,34,0,0,1,0,0,0,1,0,0,0,Teacher,Psychologist,Software Developer
99,58,83,48,63,20,57,70,1,1,1,0,0,0,1,0,0,0,Psychologist,Mechanical Engineer,UX/UI Designer
53,85,23,24,37,61,73,54,0,1,1,0,0,0,0,0,0,1,Architect,Doctor,Data Scientist
33,40,87,20,63,47,30,75,0,1,1,1,0,0,1,1,1,1,Mechanical Engineer,Digital Marketer,Content Writer
51,81,56,45,65,30,55,54,1,1,0,1,0,0,1,1,1,1,Data Scientist,Architect,Graphic Designer
64,23,66,78,33,92,78,94,1,0,0,1,1,1,0,0,0,0,Content Writer,Civil Engineer,Teacher
68,73,91,31,62,84,20,31,1,0,0,1,0,1,0,1,0,1,Mechanical Engineer,Doctor,Software Developer
49,63,72,50,68,30,93,50,1,0,0,1,1,0,1,0,1,0,Data Scientist,Civil Engineer,Lawyer
51,98,90,49,39,33,81,27,1,0,0,0,1,0,1,0,0,0,Software Developer,Graphic Designer,Doctor
49,21,26,83,66,61,39,52,1,0,1,1,0,0,0,1,0,1,Mechanical Engineer,Psychologist,Digital Marketer
30,65,35,93,76,23,55,89,1,0,1,1,0,0,0,1,1,0,Graphic Designer,Software Developer,Civil Engineer
54,62,82,86,48,49,44,43,0,1,0,0,0,1,0,0,0,1,Architect,Marketing Manager,Digital Marketer
38,49,84,97,90,88,36,89,1,1,1,1,0,1,0,1,1,0,Content Writer,Data Scientist,Mechanical Engineer
72,43,34,23,53,32,60,22,0,1,0,1,1,1,1,0,0,0,Architect,Lawyer,Teacher
41,82,58,61,32,58,31,39,0,0,1,0,0,1,1,1,1,1,Psychologist,Civil Engineer,Architect
44,20,31,23,60,71,24,74,1,0,0,0,1,0,1,1,1,0,Civil Engineer,Doctor,UX/UI Designer
24,33,23,26,64,60,58,59,0,0,1,1,1,1,1,0,1,1,Financial Analyst,Mechanical Engineer,Architect
36,64,31,94,36,30,90,45,1,1,0,0,0,1,1,1,0,0,Data Scientist,Content Writer,Digital Marketer
83,71,88,33,76,50,46,53,0,1,0,1,0,0,1,0,1,0,Psychologist,Marketing Manager,Mechanical Engineer
21,92,73,85,97,96,84,21,0,1,0,1,0,1,0,0,1,0,Content Writer,Teacher,Graphic Designer
41,81,75,33,38,94,91,70,0,0,0,1,1,1,1,1,1,1,Architect,Civil Engineer,Graphic Designer
74,83,100,98,82,63,73,33,1,1,0,0,1,1,1,1,0,0,Lawyer,Architect,UX/UI Designer
47,99,74,27,59,58,28,74,0,1,1,0,0,1,0,1,1,1,Graphic Designer,UX/UI Designer,Content Writer
37,50,37,99,40,77,48,47,0,1,0,1,1,1,0,0,0,1,Architect,Lawyer,Financial Analyst
65,24,46,38,25,65,87,94,1,0,1,1,1,0,1,1,0,0,Graphic Designer,Data Scientist,Mechanical Engineer
60,88,29,69,92,96,43,35,1,0,1,0,0,0,0,1,1,1,Financial Analyst,Civil Engineer,Architect
90,69,48,29,56,70,93,41,0,1,1,1,1,0,1,1,1,1,Doctor,Content Writer,Marketing Manager
57,44,52,57,62,97,63,81,1,1,1,1,0,1,1,0,0,0,Content Writer,Civil Engineer,Mechanical Engineer
75,87,84,56,96,77,93,97,0,0,1,1,1,0,1,0,1,0,Digital Marketer,Architect,Financial Analyst
29,93,52,42,62,86,68,51,0,0,0,1,1,1,1,1,1,1,Civil Engineer,Financial Analyst,Mechanical Engineer
97,46,85,26,47,69,45,29,1,0,1,1,0,0,0,0,1,1,Digital Marketer,Financial Analyst,Graphic Designer
43,76,55,91,42,88,72,40,1,0,1,1,0,0,0,1,0,1,UX/UI Designer,Mechanical Engineer,Graphic Designer
78,87,78,89,48,21,73,64,1,1,0,0,0,1,1,1,0,1,Financial Analyst,Psychologist,Lawyer
40,30,63,60,81,41,73,37,1,0,0,0,0,0,1,1,1,1,Mechanical Engineer,Data Scientist,Doctor
52,50,80,40,98,71,74,64,0,0,1,1,0,0,1,0,1,1,Doctor,Lawyer,Psychologist
69,32,66,81,34,65,53,88,0,1,0,0,1,0,1,1,0,1,Civil Engineer,Graphic Designer,Mechanical Engineer
29,54,85,45,90,24,84,85,1,0,0,0,0,1,1,0,1,0,Financial Analyst,Data Scientist,Marketing Manager
34,65,44,38,38,22,67,93,0,0,1,1,1,0,1,0,0,1,Software Developer,Financial Analyst,Lawyer
81,77,54,92,64,34,33,32,0,0,0,0,1,0,0,1,0,0,Civil Engineer,Content Writer,Lawyer
74,74,40,96,97,69,87,91,0,1,1,1,1,0,0,0,0,1,Financial Analyst,Civil Engineer,Content Writer
46,66,78,73,96,46,61,35,0,1,0,0,1,0,0,0,1,0,Digital Marketer,Content Writer,Data Scientist
59,23,42,34,91,56,53,84,1,0,0,1,1,0,0,0,0,1,Graphic Designer,Financial Analyst,Mechanical Engineer
35,27,95,49,68,83,45,63,0,0,1,1,1,0,0,1,1,0,Marketing Manager,Financial Analyst,Software Developer
92,62,21,29,37,25,92,53,1,1,0,1,0,0,1,0,1,0,Doctor,Lawyer,Teacher
81,74,67,61,87,64,97,36,0,1,0,0,1,0,1,0,1,1,UX/UI Designer,Doctor,Digital Marketer
36,58,98,21,43,75,78,26,1,0,0,0,0,1,1,0,0,1,Mechanical Engineer,Civil Engineer,Content Writer
35,100,48,71,79,27,62,41,1,0,1,1,0,0,1,0,0,1,Teacher,Architect,Digital Marketer
80,73,63,32,48,70,87,26,0,0,0,1,1,1,0,1,0,1,Psychologist,Marketing Manager,Financial Analyst
100,62,38,77,90,74,76,75,1,1,0,1,1,0,1,0,1,0,Mechanical Engineer,UX/UI Designer,Teacher
31,64,35,94,84,92,39,69,0,1,1,1,0,1,1,0,1,1,Mechanical Engineer,Lawyer,UX/UI Designer
92,46,81,61,56,84,28,26,0,0,1,1,0,1,0,0,1,1,Content Writer,Architect,Financial Analyst
36,68,38,30,46,50,63,90,0,1,0,1,1,1,1,0,1,1,Financial Analyst,Digital Marketer,Psychologist
78,48,73,81,74,78,80,64,0,1,0,1,1,1,0,1,1,1,Marketing Manager,Mechanical Engineer,Architect
23,24,39,55,36,63,99,48,1,1,1,0,0,0,0,1,0,1,Digital Marketer,Psychologist,Civil Engineer
37,71,65,72,95,30,81,88,0,0,0,0,0,0,1,1,1,0,UX/UI Designer,Lawyer,Architect
76,92,94,53,73,57,46,46,0,0,1,0,1,1,1,0,1,1,Teacher,Financial Analyst,Graphic Designer
94,23,81,36,79,70,20,32,0,1,0,0,0,0,1,0,0,1,Architect,Lawyer,Doctor
96,77,84,62,49,96,29,91,1,0,1,1,0,0,0,0,0,0,Data Scientist,Architect,Mechanical Engineer
74,73,71,27,45,61,60,34,1,1,0,0,0,0,1,0,1,1,Financial Analyst,Architect,Content Writer
37,73,57,95,77,84,34,57,0,1,0,1,0,0,0,0,0,1,Doctor,Marketing Manager,Lawyer
98,29,20,52,71,23,59,53,1,0,1,0,1,0,0,0,1,0,Content Writer,Marketing Manager,Data Scientist
60,44,75,36,38,88,99,30,1,0,0,1,1,0,0,1,1,1,Doctor,Teacher,Data Scientist
30,49,97,28,28,49,23,62,0,0,0,1,0,1,0,1,0,1,Content Writer,Doctor,Financial Analyst
63,97,70,57,56,68,32,68,1,0,0,0,0,1,0,1,0,0,Psychologist,Teacher,Digital Marketer
85,92,96,41,86,49,75,75,0,0,0,1,0,0,0,1,1,1,Psychologist,Mechanical Engineer,Software Developer
56,81,62,93,50,75,24,50,1,0,1,1,1,0,1,0,0,0,Psychologist,Teacher,Doctor
75,86,74,63,58,48,28,85,1,0,1,1,0,1,0,1,1,0,Doctor,Marketing Manager,Data Scientist
97,27,95,29,47,78,36,30,1,0,0,0,1,1,0,1,1,1,Doctor,Teacher,Architect
78,60,30,43,70,80,47,73,1,1,0,1,0,1,1,0,0,1,Architect,Teacher,Lawyer
40,43,58,93,81,64,21,30,0,0,1,0,1,0,1,1,1,1,Doctor,Mechanical Engineer,Content Writer
90,69,60,50,58,56,30,36,1,0,0,1,1,0,0,1,1,1,Data Scientist,Lawyer,Teacher
90,44,20,54,44,59,41,99,1,0,0,1,0,0,0,1,0,1,Architect,Marketing Manager,Content Writer
86,61,87,40,75,26,64,93,1,0,0,1,1,0,1,1,1,1,Architect,Civil Engineer,Mechanical Engineer
87,71,70,35,52,21,68,53,1,0,0,0,0,1,0,1,1,0,Marketing Manager,Civil Engineer,Lawyer
53,78,99,27,96,58,32,79,0,1,0,1,0,1,0,1,1,1,Psychologist,Lawyer,Marketing Manager
62,58,85,44,90,59,98,41,0,0,0,0,1,1,1,0,1,0,Data Scientist,Financial Analyst,Civil Engineer
65,44,53,47,72,57,28,67,0,1,1,1,0,0,1,0,0,0,Software Developer,Teacher,Doctor
48,99,36,66,71,25,62,43,1,1,0,1,0,1,0,1,1,0,Software Developer,Graphic Designer,Doctor
95,73,57,51,77,60,41,96,1,1,1,0,1,0,1,1,0,1,Mechanical Engineer,Lawyer,Marketing Manager
79,40,92,57,73,33,46,39,1,0,1,1,0,0,1,0,0,1,Marketing Manager,Financial Analyst,Doctor
37,53,75,79,42,35,94,22,1,0,0,1,1,1,1,0,0,1,Digital Marketer,Civil Engineer,Mechanical Engineer
55,80,87,36,42,87,71,66,0,1,0,1,1,1,1,0,1,0,UX/UI Designer,Content Writer,Civil Engineer
96,66,45,43,44,89,97,39,1,1,0,0,1,0,1,0,1,0,Doctor,Financial Analyst,Content Writer
46,33,26,31,33,69,48,89,0,0,1,1,0,1,0,0,1,1,Data Scientist,UX/UI Designer,Lawyer
42,79,62,97,44,72,49,51,1,1,0,1,1,1,0,1,1,1,Marketing Manager,Architect,Graphic Designer
58,40,60,36,66,100,27,76,0,1,1,0,1,1,0,0,1,0,Graphic Designer,Financial Analyst,Psychologist
41,57,58,61,61,42,78,58,0,0,0,1,0,1,0,1,1,0,Marketing Manager,Psychologist,Doctor
93,30,86,90,69,20,68,66,0,0,1,0,1,0,1,0,0,1,Data Scientist,Financial Analyst,UX/UI Designer
64,87,41,72,78,58,42,67,0,0,0,1,1,1,0,0,0,1,Financial Analyst,Civil Engineer,Lawyer
53,43,61,52,87,85,87,22,1,1,1,1,0,1,0,1,0,1,Software Developer,Financial Analyst,Digital Marketer
42,75,88,65,26,65,28,53,1,0,1,1,1,0,0,1,0,0,Software Developer,Architect,Graphic Designer
35,76,97,50,90,36,82,40,0,1,1,0,1,0,1,1,0,1,Data Scientist,Graphic Designer,Lawyer
55,74,27,95,84,26,72,20,1,1,0,1,1,0,1,1,0,0,Psychologist,Software Developer,Lawyer
71,29,46,54,28,23,50,62,1,1,1,0,1,0,1,1,1,0,Civil Engineer,Graphic Designer,Marketing Manager
53,21,28,77,62,51,95,84,0,1,1,0,0,1,1,0,1,1,Software Developer,Teacher,Civil Engineer
20,59,38,29,37,98,74,92,1,0,1,0,1,0,0,1,0,1,Architect,Doctor,Software Developer
22,86,76,39,49,99,81,95,1,1,0,1,1,1,1,0,1,0,Civil Engineer,Financial Analyst,Software Developer
44,20,60,22,29,24,90,39,1,1,1,1,0,1,0,0,0,0,Doctor,Civil Engineer,Financial Analyst
68,51,69,29,62,57,29,71,1,0,1,1,0,0,0,1,0,1,Data Scientist,UX/UI Designer,Architect
76,54,44,70,46,57,26,32,0,1,0,0,0,0,0,1,1,0,Psychologist,Architect,Mechanical Engineer
76,70,42,86,73,65,61,33,0,0,1,0,0,1,0,0,0,1,Lawyer,UX/UI Designer,Graphic Designer
100,66,45,95,80,49,72,94,1,0,1,0,1,1,0,0,0,1,Doctor,Content Writer,UX/UI Designer
80,65,53,52,71,92,54,51,0,0,1,0,1,0,0,1,0,1,Digital Marketer,Mechanical Engineer,Doctor
48,27,61,23,59,92,92,65,1,0,1,0,1,1,0,0,1,1,Civil Engineer,Lawyer,Data Scientist
38,47,33,63,87,93,59,48,1,1,1,1,0,1,1,1,0,1,Civil Engineer,Architect,Mechanical Engineer
100,26,45,81,62,42,41,100,0,0,1,1,1,1,1,1,0,1,Software Developer,Doctor,Teacher
72,28,69,68,31,78,65,79,0,0,0,0,1,0,1,1,1,0,Psychologist,Data Scientist,Graphic Designer
61,33,69,86,29,97,20,54,0,1,0,1,1,1,0,1,1,0,Lawyer,Mechanical Engineer,Financial Analyst
42,38,82,98,90,83,60,55,1,0,1,1,0,0,1,1,1,0,Doctor,Architect,Teacher
93,50,80,45,56,30,95,70,0,0,0,0,0,1,0,0,1,1,Graphic Designer,Architect,Civil Engineer
29,28,27,84,61,68,97,97,0,0,1,0,0,1,1,0,1,0,Doctor,Software Developer,Lawyer
75,61,54,20,71,57,32,62,1,0,1,1,1,0,1,1,1,1,Architect,Financial Analyst,Lawyer
83,44,91,57,42,46,74,100,0,0,0,1,1,1,0,0,0,0,Graphic Designer,Digital Marketer,Doctor
70,90,69,76,35,97,100,34,1,1,0,0,1,0,1,1,1,1,Software Developer,Civil Engineer,Mechanical Engineer
95,87,70,88,27,73,51,68,1,0,1,0,1,1,1,0,0,1,Graphic Designer,Data Scientist,Software Developer
94,90,94,69,43,30,21,22,0,0,1,0,1,0,0,0,0,0,Financial Analyst,Data Scientist,Digital Marketer
89,68,83,41,95,60,75,45,0,1,1,0,0,1,1,1,0,0,Marketing Manager,Content Writer,Digital Marketer
62,35,78,46,73,74,27,39,0,0,1,1,0,0,0,0,0,1,Lawyer,Content Writer,Teacher
27,63,67,27,77,95,48,38,0,0,0,1,1,0,1,1,1,0,Content Writer,Psychologist,Financial Analyst
78,68,61,65,57,82,54,84,0,1,1,1,1,0,1,1,1,0,UX/UI Designer,Doctor,Content Writer
29,50,23,60,76,77,35,92,1,1,1,1,0,1,1,1,1,0,UX/UI Designer,Graphic Designer,Content Writer
56,67,76,69,47,85,49,56,1,0,0,0,1,0,1,0,0,0,Content Writer,Lawyer,Civil Engineer
36,48,26,86,33,69,22,64,1,1,1,0,1,0,0,0,1,1,Software Developer,Data Scientist,Content Writer
67,59,50,67,97,40,42,89,1,1,1,1,0,0,0,1,0,0,Graphic Designer,Teacher,Architect
41,21,94,76,36,50,69,74,0,1,0,1,0,1,1,1,1,1,Doctor,Financial Analyst,Marketing Manager
32,36,47,75,29,87,60,22,0,0,1,0,0,0,1,1,1,1,Data Scientist,Teacher,Software Developer
59,27,43,64,84,86,97,26,1,0,0,0,1,0,0,0,1,1,Teacher,Mechanical Engineer,Graphic Designer
50,31,99,68,100,60,53,80,1,1,1,0,1,0,1,0,0,0,Mechanical Engineer,Architect,Lawyer
54,50,26,25,30,32,24,97,1,0,0,1,1,0,1,0,1,0,Digital Marketer,Mechanical Engineer,Marketing Manager
85,30,43,34,26,48,46,40,1,0,1,0,0,1,1,1,1,0,Civil Engineer,Data Scientist,Graphic Designer
90,56,53,22,53,88,93,21,0,1,1,0,0,1,1,1,0,0,Content Writer,Doctor,Marketing Manager
25,91,42,85,25,61,62,27,1,0,1,1,1,0,1,0,0,0,Data Scientist,Lawyer,Financial Analyst
28,55,97,79,97,98,35,81,0,0,1,0,0,1,1,1,0,1,Architect,Teacher,Digital Marketer
22,32,65,60,87,32,35,70,1,0,1,1,0,0,1,1,0,1,Software Developer,Financial Analyst,Graphic Designer
25,90,47,81,43,62,46,30,1,1,0,1,0,0,1,0,1,1,Mechanical Engineer,Teacher,Doctor
99,96,100,30,63,82,55,25,1,0,1,1,1,1,0,1,0,0,Data Scientist,Software Developer,Mechanical Engineer
68,51,68,83,20,27,80,63,1,1,1,1,0,0,1,1,0,0,Data Scientist,Digital Marketer,Content Writer
52,75,59,91,58,84,26,67,1,0,1,0,0,0,0,1,1,0,Digital Marketer,Civil Engineer,Financial Analyst
49,60,55,65,60,61,96,78,0,1,1,0,0,0,1,1,1,0,Doctor,Financial Analyst,Mechanical Engineer
72,88,94,79,32,39,53,83,1,1,1,0,1,1,1,0,1,0,Graphic Designer,Content Writer,Teacher
69,99,79,23,41,69,80,53,1,0,0,1,1,0,1,0,0,1,Psychologist,Content Writer,Mechanical Engineer
86,96,62,62,96,88,21,55,0,0,0,0,0,1,0,1,0,0,Digital Marketer,Doctor,Data Scientist
84,47,61,65,66,73,83,20,1,1,0,0,1,0,1,0,0,1,Marketing Manager,Psychologist,Digital Marketer
73,91,64,86,82,36,62,67,1,1,1,0,1,0,0,0,1,0,Marketing Manager,Mechanical Engineer,Doctor
94,36,66,97,55,87,84,66,1,1,1,1,1,0,0,0,0,1,Doctor,Financial Analyst,Digital Marketer
59,59,58,81,33,65,79,88,1,1,1,1,1,0,0,0,0,0,Teacher,Digital Marketer,Data Scientist
65,51,43,44,83,53,31,31,0,1,1,1,1,1,1,0,1,1,UX/UI Designer,Data Scientist,Mechanical Engineer
94,80,57,31,44,53,61,27,0,0,0,0,1,0,1,1,0,1,Financial Analyst,Psychologist,UX/UI Designer
85,61,58,88,61,65,82,32,0,1,0,1,0,0,0,0,1,0,Mechanical Engineer,Lawyer,Civil Engineer
34,91,45,48,78,98,47,23,1,0,1,1,1,0,0,1,1,0,Doctor,Mechanical Engineer,Financial Analyst
85,24,64,96,46,40,100,61,0,0,0,0,0,0,0,1,0,1,Teacher,Psychologist,Doctor
60,30,90,58,64,86,40,80,1,1,0,0,1,0,1,1,1,0,Mechanical Engineer,Teacher,Marketing Manager
83,44,23,36,89,91,59,59,1,1,0,0,0,0,0,0,1,0,Doctor,Content Writer,Digital Marketer
43,94,72,90,72,99,42,88,1,0,0,0,0,0,0,1,1,1,Lawyer,Digital Marketer,Financial Analyst
49,58,24,32,77,27,37,98,0,1,1,1,0,0,0,0,0,1,Software Developer,Mechanical Engineer,Marketing Manager
47,58,60,98,48,35,39,62,0,0,0,1,1,0,0,1,0,1,Psychologist,Software Developer,Civil Engineer
33,79,76,44,87,52,77,49,1,1,0,0,0,0,1,0,1,0,Psychologist,Software Developer,Data Scientist
58,51,72,52,89,95,56,81,1,1,1,1,1,1,1,1,1,1,Doctor,Digital Marketer,Content Writer
57,58,91,100,70,99,54,84,0,1,1,1,1,1,0,0,1,1,Content Writer,Data Scientist,Psychologist
68,64,71,67,27,32,50,72,0,0,0,1,0,0,0,0,1,1,Software Developer,Marketing Manager,Teacher
74,39,95,32,69,74,80,96,1,0,1,0,0,1,1,1,0,1,Teacher,Content Writer,Financial Analyst
22,68,72,88,59,21,89,87,0,0,1,0,0,0,1,0,0,1,Digital Marketer,Content Writer,Financial Analyst
91,81,52,59,54,38,67,31,0,1,0,1,1,1,1,0,1,0,Content Writer,Civil Engineer,Lawyer
64,76,36,52,80,78,50,95,0,1,1,1,0,1,1,1,0,1,Financial Analyst,Digital Marketer,Graphic Designer
77,21,48,99,85,40,61,88,1,0,0,1,1,1,1,1,1,1,Financial Analyst,Teacher,Mechanical Engineer
71,20,33,77,47,80,35,73,1,0,1,0,0,0,1,0,1,1,Financial Analyst,Civil Engineer,Teacher
74,74,98,100,67,90,75,73,1,0,1,0,1,0,0,1,0,0,Architect,Financial Analyst,Mechanical Engineer
57,50,64,70,72,70,93,46,1,1,0,1,1,0,1,1,0,0,Financial Analyst,Architect,Doctor
63,22,60,76,23,49,81,38,0,0,0,1,1,0,1,0,1,0,Architect,Data Scientist,Psychologist
74,21,65,40,29,39,97,70,0,0,1,1,0,1,1,1,0,0,UX/UI Designer,Software Developer,Psychologist
82,75,66,41,67,99,55,25,0,0,0,0,0,0,0,1,0,1,Graphic Designer,Financial Analyst,Civil Engineer
100,87,66,28,52,69,69,98,1,0,1,0,1,1,1,1,1,1,Lawyer,Graphic Designer,Software Developer
39,27,24,60,81,48,59,81,0,1,0,1,0,1,1,1,0,1,Digital Marketer,Doctor,Teacher
80,99,57,50,62,57,46,62,1,1,0,1,1,0,0,1,0,1,Mechanical Engineer,Software Developer,Architect
25,93,31,94,72,86,70,56,0,0,0,0,1,0,1,0,1,1,Lawyer,Content Writer,Software Developer
84,58,44,69,85,99,86,58,1,0,1,1,0,0,1,1,0,0,Architect,Content Writer,UX/UI Designer
50,96,89,23,83,68,40,91,0,0,0,1,1,1,1,0,0,0,Graphic Designer,Content Writer,Software Developer
33,76,73,52,38,39,49,33,0,1,0,0,0,0,0,1,0,0,UX/UI Designer,Mechanical Engineer,Lawyer
38,45,47,78,82,45,26,93,1,1,1,0,1,0,1,1,0,0,Mechanical Engineer,Financial Analyst,Software Developer
99,62,34,31,60,95,75,62,1,0,1,1,0,0,1,1,0,1,Psychologist,Civil Engineer,UX/UI Designer
68,65,24,82,20,25,92,73,1,0,1,1,0,0,1,0,1,1,Doctor,UX/UI Designer,Architect
90,27,77,100,97,39,65,70,1,0,0,0,0,0,0,1,1,0,Architect,Data Scientist,Digital Marketer
81,62,100,64,55,70,92,66,0,1,1,1,0,1,1,0,1,1,Marketing Manager,UX/UI Designer,Software Developer
94,92,52,53,32,77,76,55,1,1,1,1,1,0,0,1,0,0,Teacher,Content Writer,Doctor
31,70,89,38,34,75,85,98,1,0,1,0,0,1,0,0,1,0,Mechanical Engineer,Digital Marketer,Marketing Manager
89,82,82,87,33,74,43,72,0,0,0,1,0,0,1,1,0,0,Civil Engineer,Software Developer,Doctor
74,61,49,29,49,20,38,69,1,1,0,1,1,0,0,0,1,1,Psychologist,Financial Analyst,Data Scientist
38,46,34,79,30,85,55,31,1,0,1,1,1,0,0,1,1,1,Architect,Doctor,Software Developer
74,22,77,27,95,55,80,28,1,1,0,0,0,1,1,1,0,1,Software Developer,Marketing Manager,Architect
29,36,72,45,62,51,45,71,0,0,1,1,1,1,1,0,0,0,Software Developer,UX/UI Designer,Doctor
80,62,93,38,85,44,21,92,0,1,1,0,1,0,1,1,1,0,Software Developer,Graphic Designer,Lawyer
78,56,74,69,81,60,61,91,0,1,0,1,0,0,0,1,1,0,Marketing Manager,Graphic Designer,Psychologist
55,32,96,46,35,60,92,21,1,1,0,1,0,0,0,1,0,0,Lawyer,Marketing Manager,Graphic Designer
53,60,40,84,75,30,83,65,0,1,1,0,0,0,1,1,0,1,Digital Marketer,Software Developer,Content Writer
59,63,50,42,54,61,50,82,1,1,0,0,0,0,0,1,1,0,Financial Analyst,Doctor,Content Writer
41,26,66,32,65,99,98,93,1,1,0,1,1,0,0,1,0,0,Architect,Doctor,Mechanical Engineer
51,68,61,26,47,27,62,93,0,1,1,1,1,0,0,1,0,1,UX/UI Designer,Software Developer,Content Writer
64,53,87,82,26,81,34,47,0,1,1,1,1,1,1,0,0,1,Architect,Content Writer,Financial Analyst
68,53,94,82,48,46,47,63,0,0,1,0,0,1,0,1,0,1,Software Developer,Marketing Manager,Civil Engineer
94,80,57,65,83,59,47,68,1,1,0,0,1,0,1,0,0,1,UX/UI Designer,Lawyer,Teacher
80,60,49,84,89,47,32,61,1,0,0,0,0,0,0,0,0,0,Civil Engineer,UX/UI Designer,Digital Marketer
69,79,23,29,37,96,50,68,0,1,0,0,0,1,0,1,1,0,Data Scientist,Teacher,UX/UI Designer
49,21,100,88,54,35,68,55,0,1,1,0,1,0,1,0,1,1,Architect,Civil Engineer,UX/UI Designer
54,68,55,65,92,81,85,30,0,0,0,1,0,1,1,0,1,0,Architect,Financial Analyst,Teacher
22,83,100,20,28,98,81,83,0,1,1,1,0,0,0,1,1,0,Doctor,Graphic Designer,Mechanical Engineer
65,31,82,41,72,30,100,75,1,0,1,1,1,1,1,0,1,0,Doctor,Marketing Manager,Graphic Designer
88,86,98,25,74,40,69,52,0,1,0,0,0,0,1,0,1,1,Data Scientist,Lawyer,Software Developer
44,85,94,52,75,99,82,30,1,1,0,0,0,0,0,1,1,1,Graphic Designer,Architect,Doctor
86,80,56,79,73,44,71,20,0,0,1,1,1,0,1,1,1,0,Content Writer,Architect,Doctor
21,50,40,56,70,76,61,30,0,1,1,0,0,1,1,1,0,1,Marketing Manager,Data Scientist,Graphic Designer
99,37,31,90,43,43,92,96,1,1,0,1,1,0,1,1,0,0,Digital Marketer,Teacher,Doctor
58,52,35,42,96,34,43,68,0,0,1,1,0,1,0,1,0,0,Civil Engineer,UX/UI Designer,Data Scientist
72,92,34,45,82,66,35,48,1,1,0,0,1,1,1,1,0,1,Content Writer,Architect,Lawyer
47,93,79,46,78,63,56,95,1,0,0,0,1,0,0,0,0,0,Graphic Designer,Data Scientist,Digital Marketer
79,50,44,56,79,93,27,54,0,1,1,1,1,1,0,1,1,1,Architect,Doctor,Teacher
50,93,67,64,44,30,33,100,1,0,0,0,1,1,0,0,0,0,Graphic Designer,Mechanical Engineer,Data Scientist
44,98,33,33,40,38,42,20,0,1,0,0,1,1,1,1,0,1,Doctor,Mechanical Engineer,Graphic Designer
39,99,20,50,87,93,94,50,1,1,1,1,1,1,0,1,1,0,Graphic Designer,Psychologist,Lawyer
37,97,79,62,97,38,73,87,1,1,0,1,1,0,1,1,1,1,Marketing Manager,Architect,Financial Analyst
28,62,92,83,29,80,50,54,0,1,1,0,0,1,0,0,1,1,Graphic Designer,UX/UI Designer,Software Developer
67,74,86,29,58,38,49,94,1,0,1,1,0,1,1,0,1,1,Content Writer,Digital Marketer,Mechanical Engineer
22,45,51,39,91,97,27,99,0,0,1,0,0,1,0,1,1,0,Software Developer,Teacher,Data Scientist
85,89,33,97,42,67,45,31,1,1,0,1,1,1,0,0,1,0,Civil Engineer,Psychologist,Software Developer
22,88,21,32,47,33,60,23,0,1,1,1,1,0,1,1,0,0,Lawyer,Data Scientist,Digital Marketer
87,90,36,65,68,89,79,51,0,0,1,0,1,0,0,1,0,0,Doctor,Teacher,Software Developer
57,45,85,63,75,21,90,31,0,1,1,0,0,1,1,0,0,1,Doctor,Lawyer,Content Writer
46,42,81,59,60,71,44,58,1,1,1,0,1,0,1,0,1,1,Digital Marketer,Architect,Marketing Manager
42,80,69,59,58,34,81,26,0,0,1,0,1,0,1,0,0,0,Architect,Doctor,Psychologist
55,89,27,47,21,74,88,87,0,1,0,0,1,1,1,1,0,1,Doctor,Data Scientist,Marketing Manager
77,37,49,43,99,78,29,93,0,1,0,1,0,0,1,0,0,1,Mechanical Engineer,Financial Analyst,Content Writer
33,85,39,50,100,39,54,98,1,1,0,1,1,0,1,0,0,0,Teacher,Digital Marketer,Doctor
25,97,59,60,46,76,72,37,1,1,0,1,1,1,1,0,0,1,Psychologist,Data Scientist,UX/UI Designer
28,89,47,54,68,34,69,99,0,1,1,0,1,1,0,0,1,1,Data Scientist,Financial Analyst,Software Developer
95,94,82,40,76,86,61,68,0,0,0,0,0,0,0,0,0,1,Psychologist,Financial Analyst,UX/UI Designer
28,31,60,95,56,69,67,37,1,1,1,0,1,0,0,1,0,1,UX/UI Designer,Teacher,Lawyer
40,30,66,59,80,90,50,84,1,1,0,1,0,1,1,0,1,0,UX/UI Designer,Content Writer,Graphic Designer
64,44,26,81,58,28,89,45,1,0,1,0,0,1,0,0,0,1,Teacher,Doctor,Digital Marketer
96,20,46,32,83,46,45,41,1,0,1,0,1,0,1,1,0,1,Civil Engineer,Content Writer,Lawyer
91,97,71,88,80,66,93,27,0,1,1,1,0,0,0,0,1,1,Digital Marketer,Doctor,Lawyer
80,60,87,55,34,85,89,80,1,0,1,0,0,1,1,0,0,1,Architect,Civil Engineer,Teacher
32,79,76,64,64,93,46,66,0,1,0,0,0,1,1,0,1,1,Marketing Manager,Mechanical Engineer,Lawyer
97,20,62,68,48,81,80,93,1,0,0,1,1,0,0,0,0,1,Psychologist,Lawyer,Digital Marketer
95,78,38,66,78,47,84,55,0,0,1,0,0,1,1,1,0,0,Graphic Designer,Software Developer,Marketing Manager
69,80,89,93,47,58,40,72,0,0,0,1,1,0,0,0,0,0,Graphic Designer,Financial Analyst,UX/UI Designer
24,45,64,22,78,50,73,74,0,1,0,0,1,0,1,1,0,1,Lawyer,Data Scientist,Digital Marketer
37,48,22,76,80,83,20,21,1,0,1,0,0,0,1,0,1,0,Lawyer,Graphic Designer,Psychologist
55,59,74,93,78,42,24,66,0,0,0,1,1,0,1,0,1,1,Financial Analyst,Civil Engineer,Data Scientist
36,55,79,94,22,67,76,94,1,0,1,1,1,1,0,0,1,1,Doctor,Architect,Mechanical Engineer
79,67,21,59,77,55,55,44,1,0,1,0,1,1,0,1,0,1,Marketing Manager,Graphic Designer,Digital Marketer
37,59,44,89,21,87,51,69,1,1,0,1,0,0,1,0,0,0,Data Scientist,Architect,Lawyer
48,68,47,94,67,51,74,45,1,0,0,0,1,1,1,1,0,0,Digital Marketer,Marketing Manager,Doctor
86,31,69,93,57,23,67,78,0,1,0,1,1,1,1,0,1,0,Lawyer,Content Writer,Digital Marketer
95,45,36,80,81,30,91,77,1,1,0,0,0,0,1,0,0,1,Financial Analyst,Teacher,Graphic Designer
39,73,53,85,68,54,82,91,0,0,1,1,1,0,1,0,1,0,Lawyer,Digital Marketer,Financial Analyst
25,25,62,33,27,86,72,55,1,1,0,0,0,0,1,0,0,0,UX/UI Designer,Digital Marketer,Lawyer
45,79,82,28,83,26,51,46,0,0,0,1,0,0,0,0,1,1,Civil Engineer,Lawyer,Digital Marketer
89,61,85,86,89,91,51,33,1,0,0,1,1,1,1,0,0,1,Civil Engineer,UX/UI Designer,Psychologist
24,89,50,48,65,87,44,74,1,1,0,1,1,1,0,1,1,0,Teacher,Graphic Designer,Lawyer
72,93,53,89,56,70,62,95,0,0,1,0,1,0,0,1,0,1,Architect,Teacher,Marketing Manager
43,63,33,70,63,49,100,62,1,0,0,1,0,0,1,1,0,0,Architect,UX/UI Designer,Marketing Manager
57,66,65,71,44,22,90,72,0,0,0,0,0,0,0,1,1,0,Architect,Marketing Manager,Psychologist
79,34,78,84,65,49,56,93,1,1,0,0,0,1,0,1,0,1,Mechanical Engineer,Data Scientist,Software Developer
95,88,63,95,62,73,80,76,1,1,1,1,1,1,1,1,1,1,Digital Marketer,Architect,Graphic Designer
88,87,48,25,87,89,55,60,1,1,1,1,1,1,1,0,1,0,Doctor,Mechanical Engineer,Architect
100,80,68,43,73,34,44,64,0,0,1,1,1,0,0,1,0,0,Financial Analyst,Mechanical Engineer,Doctor
92,79,25,86,30,78,64,45,0,0,1,0,1,0,0,1,0,1,Lawyer,Teacher,Psychologist
88,23,52,60,96,24,27,43,1,0,1,1,0,1,1,0,1,0,Content Writer,Mechanical Engineer,Doctor
53,27,49,35,26,89,37,46,0,1,0,0,1,0,1,0,0,1,Graphic Designer,Doctor,Software Developer
59,31,63,25,42,86,43,45,1,0,0,0,0,1,1,0,1,1,Data Scientist,Software Developer,Civil Engineer
46,53,85,54,39,43,46,39,0,0,0,1,0,0,0,1,0,0,Content Writer,Doctor,Software Developer
84,79,56,66,95,38,36,49,1,0,1,1,0,0,0,0,0,0,Architect,Psychologist,Software Developer
95,45,92,57,43,85,34,35,1,0,0,0,0,0,0,1,1,0,Graphic Designer,Mechanical Engineer,Psychologist
21,56,37,86,32,61,20,84,0,0,1,1,0,1,0,1,1,0,Content Writer,Teacher,UX/UI Designer
51,31,43,64,97,34,53,63,1,1,0,1,1,1,1,0,1,0,UX/UI Designer,Marketing Manager,Psychologist
28,90,84,51,22,21,24,70,0,0,1,1,1,1,0,1,0,0,Psychologist,Civil Engineer,Content Writer
88,37,31,44,82,73,56,21,0,0,1,1,1,0,1,0,0,0,Graphic Designer,Mechanical Engineer,Data Scientist
31,77,98,54,68,99,86,94,0,1,1,0,0,0,0,1,0,0,Mechanical Engineer,Doctor,Content Writer
58,84,27,50,87,33,82,49,0,0,1,1,0,1,1,1,0,1,Graphic Designer,Lawyer,Architect
75,68,98,55,60,81,26,98,0,1,0,1,1,0,1,0,1,0,Graphic Designer,Doctor,Lawyer
86,99,33,27,27,24,30,23,0,0,0,1,0,0,0,1,1,1,Software Developer,Mechanical Engineer,Graphic Designer
64,90,99,92,31,52,86,48,1,0,1,1,1,0,0,1,0,1,Lawyer,UX/UI Designer,Data Scientist
64,77,29,95,54,42,77,36,0,0,1,0,1,1,0,0,0,0,Architect,Doctor,Mechanical Engineer
25,54,78,30,37,87,86,63,0,0,1,1,0,1,0,0,0,0,Digital Marketer,Doctor,UX/UI Designer
37,37,45,69,93,52,73,81,1,0,0,0,0,1,1,1,0,0,Teacher,Marketing Manager,Content Writer
66,31,64,42,89,51,30,80,1,0,0,1,0,1,0,0,0,1,Psychologist,Software Developer,Financial Analyst
48,29,88,58,50,44,28,93,1,1,0,1,0,1,1,1,1,1,Digital Marketer,Mechanical Engineer,Content Writer
58,53,26,58,57,29,58,21,0,0,1,0,1,0,0,1,1,0,Doctor,Teacher,Marketing Manager
75,45,44,20,36,20,75,32,0,0,1,1,1,1,1,1,1,1,Teacher,Graphic Designer,Architect
23,96,62,62,77,26,51,91,1,0,1,0,0,0,1,0,0,0,Software Developer,Marketing Manager,Architect
23,54,22,46,34,59,61,77,1,0,1,0,0,1,1,0,0,0,Lawyer,Marketing Manager,Psychologist
20,49,37,33,69,91,86,90,0,0,0,1,1,1,1,1,0,1,Lawyer,Financial Analyst,Software Developer
70,78,86,44,93,84,46,43,1,1,0,0,1,0,0,0,0,0,Graphic Designer,Digital Marketer,Financial Analyst
57,82,63,93,73,32,24,51,0,0,1,0,0,0,0,0,1,1,Doctor,Mechanical Engineer,UX/UI Designer
82,66,51,62,26,84,24,28,1,0,0,1,0,0,0,1,1,1,Lawyer,Mechanical Engineer,UX/UI Designer
40,84,67,62,98,41,66,50,0,0,1,0,0,0,0,1,0,0,Software Developer,Content Writer,Digital Marketer
97,74,98,64,23,27,45,69,1,0,1,1,0,1,1,0,0,1,Mechanical Engineer,Architect,Financial Analyst
27,25,64,31,70,28,70,57,0,0,1,1,1,1,0,0,1,0,Psychologist,Financial Analyst,Digital Marketer
39,69,59,23,75,22,71,29,0,0,1,0,1,1,1,1,0,1,Graphic Designer,Teacher,Financial Analyst
51,22,53,23,59,38,47,58,0,0,0,0,1,0,1,1,0,1,Software Developer,Data Scientist,Marketing Manager
26,34,65,55,29,75,61,25,0,1,1,1,0,1,0,0,0,1,Software Developer,Doctor,Lawyer
27,64,47,64,77,94,70,73,0,1,0,1,0,0,0,1,0,0,Financial Analyst,Doctor,Marketing Manager
56,79,84,20,37,34,56,26,0,0,0,0,1,0,0,0,1,0,Doctor,Architect,Software Developer
95,84,52,45,41,84,95,20,1,1,1,0,1,1,1,1,1,1,Civil Engineer,Financial Analyst,Mechanical Engineer
62,36,90,55,58,73,87,21,0,0,0,0,1,1,0,0,0,0,Doctor,Digital Marketer,Teacher
70,89,22,93,75,72,64,23,0,0,1,0,1,1,1,1,1,1,Content Writer,Marketing Manager,Teacher
97,64,59,31,34,74,97,29,1,0,0,1,1,0,0,0,1,1,Content Writer,Data Scientist,Digital Marketer
81,25,43,71,54,60,92,40,0,0,0,0,1,1,1,1,0,0,Graphic Designer,Civil Engineer,Mechanical Engineer
100,42,63,100,67,68,37,55,0,1,1,1,1,0,0,0,0,0,Psychologist,Data Scientist,Financial Analyst
91,36,21,36,87,38,42,20,1,0,0,1,1,1,1,1,1,1,Data Scientist,Psychologist,Software Developer
28,27,68,41,25,22,28,39,0,0,1,0,1,0,0,0,0,0,Doctor,Software Developer,Lawyer
82,58,25,81,26,38,87,23,0,0,1,0,0,1,0,1,0,1,Psychologist,Content Writer,Architect
81,34,58,36,22,82,25,42,1,0,0,1,0,0,0,1,1,0,UX/UI Designer,Lawyer,Digital Marketer
47,83,83,73,98,37,64,21,0,0,0,0,0,0,0,0,1,0,Teacher,Data Scientist,Mechanical Engineer
97,87,73,21,55,80,61,34,0,1,0,1,1,1,0,0,1,0,Marketing Manager,UX/UI Designer,Data Scientist
94,24,35,37,82,67,99,37,1,0,0,0,0,1,0,1,1,0,Civil Engineer,UX/UI Designer,Graphic Designer
39,92,43,89,23,26,36,83,1,0,1,0,0,1,0,1,0,0,Architect,Digital Marketer,Teacher
53,73,56,78,56,45,38,63,0,1,1,0,1,1,1,0,0,0,Data Scientist,Teacher,UX/UI Designer
60,34,78,31,41,52,45,36,0,0,0,1,0,1,1,0,0,0,Architect,Lawyer,Marketing Manager
63,53,27,31,42,84,41,50,0,1,0,1,1,0,0,1,1,0,Data Scientist,Architect,Lawyer
26,100,57,74,55,42,54,39,0,1,0,1,1,1,0,1,1,0,Architect,Content Writer,Software Developer
55,56,85,47,77,22,69,93,0,0,1,1,0,1,0,0,1,1,Lawyer,Software Developer,Teacher
58,96,38,98,79,31,52,70,0,1,0,1,0,1,1,0,1,0,Psychologist,Civil Engineer,Lawyer
34,85,93,80,22,67,42,77,0,1,1,0,0,0,0,0,1,0,Digital Marketer,Graphic Designer,Software Developer
81,26,29,29,39,65,88,86,1,1,0,1,0,0,0,0,1,1,Digital Marketer,Teacher,Graphic Designer
48,36,65,35,76,73,73,21,0,0,0,0,0,0,1,1,1,0,Psychologist,Graphic Designer,Marketing Manager
33,54,23,81,84,49,41,28,0,0,0,0,0,0,0,0,1,0,Architect,Financial Analyst,Software Developer
27,46,50,99,33,95,58,20,0,1,0,1,1,0,1,1,1,0,Graphic Designer,Financial Analyst,UX/UI Designer
82,60,79,78,99,74,41,96,1,0,1,1,1,0,1,0,0,1,Graphic Designer,Software Developer,UX/UI Designer
70,38,97,39,92,58,56,49,0,1,1,1,0,1,0,1,1,1,Software Developer,Graphic Designer,Data Scientist
20,54,62,59,71,33,59,20,1,1,0,1,0,0,0,1,1,1,Doctor,Data Scientist,Software Developer
54,26,64,95,91,80,85,96,0,0,1,0,1,0,0,0,0,1,Financial Analyst,Doctor,Digital Marketer
60,79,92,84,92,69,89,83,1,1,1,0,0,1,1,1,0,0,Mechanical Engineer,Doctor,Financial Analyst
62,96,67,25,70,22,87,30,1,0,1,0,1,0,1,1,0,0,Lawyer,Mechanical Engineer,Financial Analyst
60,26,32,90,34,61,58,41,1,1,0,0,1,0,0,1,0,1,Software Developer,Content Writer,Financial Analyst
43,24,91,57,98,93,36,88,0,0,1,0,0,0,0,1,0,0,Civil Engineer,Psychologist,Data Scientist
60,47,100,48,20,92,81,58,1,0,1,0,1,1,0,1,0,1,Doctor,Architect,UX/UI Designer
64,60,42,81,57,44,91,84,1,1,1,1,0,0,1,0,0,0,Software Developer,Financial Analyst,Psychologist
50,60,25,29,58,25,70,88,0,0,0,1,0,0,0,1,1,1,Digital Marketer,Psychologist,Lawyer
29,75,26,74,82,68,32,74,0,1,1,0,1,0,1,0,0,0,Mechanical Engineer,Lawyer,Content Writer
26,32,84,95,56,39,23,31,0,1,1,1,0,1,0,0,1,0,Teacher,Digital Marketer,Software Developer
73,68,27,66,67,79,44,54,0,1,0,0,0,0,0,1,1,0,Architect,Digital Marketer,Graphic Designer
20,89,49,63,100,74,82,73,0,1,0,1,1,0,0,1,1,1,Teacher,UX/UI Designer,Graphic Designer
32,87,67,24,49,69,24,86,1,0,0,0,1,1,0,1,1,0,Civil Engineer,Doctor,UX/UI Designer
28,99,77,36,82,72,38,97,1,0,0,0,0,0,1,0,1,0,Teacher,Architect,Data Scientist
33,59,34,93,34,76,90,52,1,1,1,0,1,1,0,1,1,0,Content Writer,Digital Marketer,Architect
62,92,60,43,44,67,33,73,0,0,0,1,0,0,1,0,1,0,Marketing Manager,Civil Engineer,Data Scientist
20,66,55,89,69,57,99,89,1,1,1,1,1,0,0,0,0,1,Architect,Data Scientist,Software Developer
22,89,64,95,97,71,93,67,1,0,1,0,0,0,0,0,0,0,Psychologist,Digital Marketer,Lawyer
43,21,28,70,46,66,73,26,0,0,1,0,1,0,1,0,1,1,Marketing Manager,Content Writer,Teacher
38,46,94,79,91,22,28,22,0,0,1,1,1,0,0,0,0,0,Data Scientist,Mechanical Engineer,Psychologist
80,97,64,90,95,67,78,98,1,0,1,1,0,1,1,0,0,0,Doctor,Mechanical Engineer,Software Developer
65,45,89,63,29,71,86,24,0,0,1,0,1,1,1,1,1,1,Graphic Designer,Digital Marketer,Doctor
33,57,65,33,43,87,47,48,0,1,0,1,0,0,0,1,1,1,Digital Marketer,Architect,Teacher
40,89,34,72,64,51,93,53,0,1,1,0,1,0,1,1,1,0,Lawyer,Financial Analyst,Data Scientist
21,63,94,65,42,56,31,64,0,0,1,0,1,1,1,1,0,1,Psychologist,Content Writer,Data Scientist
21,54,38,42,21,42,67,77,1,0,0,0,0,0,0,1,1,0,Psychologist,Mechanical Engineer,Content Writer
73,25,59,29,64,90,94,45,0,1,1,0,1,1,0,1,1,1,Civil Engineer,Teacher,Graphic Designer
31,44,70,61,80,20,85,48,1,0,0,0,0,0,0,1,1,1,Teacher,Graphic Designer,Digital Marketer
42,60,57,100,39,68,21,36,0,0,0,1,1,0,0,0,1,0,Psychologist,Graphic Designer,Teacher
20,35,84,41,57,75,87,96,1,0,1,1,1,0,0,0,1,1,Software Developer,Architect,Marketing Manager
83,51,54,46,81,38,82,81,1,1,0,1,0,1,1,1,1,1,UX/UI Designer,Teacher,Digital Marketer
79,68,52,41,47,83,45,91,0,0,1,0,0,0,0,1,1,1,Teacher,Marketing Manager,UX/UI Designer
65,61,35,59,77,63,98,36,1,0,0,0,0,1,1,0,0,0,Digital Marketer,Data Scientist,Content Writer
30,88,82,97,92,29,77,60,0,0,0,0,1,0,1,1,1,0,Financial Analyst,Psychologist,UX/UI Designer
51,27,27,80,49,35,48,61,0,1,1,1,1,0,1,0,0,1,Graphic Designer,Data Scientist,Digital Marketer
48,71,47,76,82,99,40,84,1,0,0,1,0,1,1,1,1,1,Psychologist,Graphic Designer,Digital Marketer
99,32,50,59,87,81,22,58,1,0,0,1,1,1,0,1,1,1,Software Developer,Civil Engineer,Digital Marketer
73,27,35,73,63,94,97,34,1,1,1,0,0,1,1,1,1,0,Psychologist,Financial Analyst,Civil Engineer
77,84,81,33,76,61,74,74,1,0,0,1,1,0,1,1,0,0,Psychologist,Lawyer,Digital Marketer
99,39,41,66,59,32,92,66,0,1,0,0,0,0,0,1,1,0,Content Writer,Psychologist,Software Developer
37,77,27,86,98,88,21,66,0,0,1,0,0,1,0,1,0,0,Financial Analyst,Doctor,UX/UI Designer
78,79,77,93,48,60,34,52,1,0,0,1,1,0,0,1,1,0,Doctor,Psychologist,Data Scientist
58,34,87,36,52,78,95,40,0,1,0,0,0,0,0,1,0,1,Psychologist,Data Scientist,Doctor
73,20,30,63,48,40,82,59,0,1,1,0,0,1,1,0,0,1,Civil Engineer,Mechanical Engineer,Lawyer
38,73,100,94,39,71,54,83,0,1,0,1,0,0,1,1,1,1,Doctor,UX/UI Designer,Marketing Manager
25,43,100,57,47,92,71,77,0,0,0,0,1,1,1,0,1,1,Digital Marketer,Data Scientist,Doctor
60,90,42,45,71,82,59,53,1,1,0,0,0,0,1,1,1,1,Psychologist,Digital Marketer,Content Writer
78,91,46,50,82,53,21,85,1,0,0,1,1,0,1,1,0,1,Doctor,Teacher,Data Scientist
96,49,67,100,66,86,90,26,0,0,1,0,0,0,0,1,0,1,Content Writer,Graphic Designer,Software Developer
64,99,30,58,85,90,69,38,1,0,0,0,1,1,0,1,1,0,Financial Analyst,Mechanical Engineer,Digital Marketer
35,88,72,73,30,67,61,68,1,1,0,0,1,1,0,1,0,0,UX/UI Designer,Digital Marketer,Architect
22,32,83,52,40,84,52,51,0,0,0,0,0,0,1,0,0,0,Graphic Designer,Financial Analyst,Civil Engineer
20,33,58,41,81,55,58,93,1,0,0,0,1,0,0,0,1,0,Teacher,Graphic Designer,Doctor
23,62,25,40,32,61,81,97,0,1,1,1,1,0,1,0,0,1,Architect,UX/UI Designer,Teacher
40,58,41,32,78,39,30,45,0,1,0,0,1,0,0,1,0,0,Software Developer,UX/UI Designer,Architect
91,79,52,89,35,60,28,99,1,1,1,0,0,1,1,0,1,1,Content Writer,Financial Analyst,Psychologist
42,66,87,94,63,58,76,43,0,1,1,1,1,0,0,1,0,0,Data Scientist,UX/UI Designer,Mechanical Engineer
60,75,31,46,92,21,43,68,0,0,0,0,0,1,0,0,0,0,Digital Marketer,Lawyer,Mechanical Engineer
46,40,20,28,52,78,28,62,0,0,0,0,1,1,1,1,0,0,Teacher,Civil Engineer,Mechanical Engineer
46,23,36,46,96,98,54,79,0,0,0,1,0,1,1,1,0,1,Digital Marketer,Mechanical Engineer,UX/UI Designer
55,21,76,86,31,49,84,25,0,1,0,1,1,1,0,1,0,0,Civil Engineer,UX/UI Designer,Data Scientist
50,46,54,41,71,41,65,24,1,1,1,0,1,1,1,0,0,0,Financial Analyst,Teacher,Psychologist
60,36,50,65,21,61,35,47,0,0,0,1,0,1,0,0,0,0,Data Scientist,Graphic Designer,Teacher
97,81,33,88,76,20,65,73,1,1,0,1,0,0,0,1,1,0,Content Writer,Teacher,Lawyer
67,38,74,38,27,44,34,32,0,0,0,0,1,1,0,1,0,1,Graphic Designer,Mechanical Engineer,Doctor
71,48,22,23,27,46,50,66,1,0,0,1,1,0,0,1,1,1,Marketing Manager,Digital Marketer,Architect
99,82,23,78,27,79,37,25,1,0,0,0,1,1,1,1,0,1,Lawyer,Marketing Manager,Teacher
52,50,31,38,59,48,59,52,1,1,0,0,0,1,0,0,0,1,Mechanical Engineer,Digital Marketer,UX/UI Designer
64,97,54,78,26,88,76,72,0,0,0,1,1,0,0,0,1,1,Mechanical Engineer,UX/UI Designer,Lawyer
88,48,71,73,38,52,97,95,1,1,0,0,0,0,1,1,0,0,Mechanical Engineer,Marketing Manager,Graphic Designer
49,69,37,78,25,54,54,82,1,1,1,1,0,1,0,0,0,1,Data Scientist,Graphic Designer,Financial Analyst
95,71,22,93,75,68,35,49,0,0,0,0,0,0,0,1,0,0,UX/UI Designer,Software Developer,Teacher
66,63,83,37,43,75,44,61,0,1,0,1,0,1,0,0,1,1,Mechanical Engineer,Lawyer,UX/UI Designer
74,84,35,100,65,84,63,56,1,0,0,1,0,0,0,1,1,1,Teacher,Financial Analyst,Civil Engineer
32,57,74,90,57,44,69,26,1,1,1,1,0,0,1,1,1,0,Graphic Designer,Architect,Digital Marketer
72,92,54,40,93,94,82,92,1,0,0,0,0,0,1,1,1,1,Data Scientist,Psychologist,Marketing Manager
55,29,69,84,60,79,53,94,1,1,1,0,1,1,0,0,0,1,Content Writer,Data Scientist,Teacher
97,52,54,66,49,98,33,85,0,1,1,1,0,0,1,0,0,1,Graphic Designer,Data Scientist,Software Developer
68,85,35,39,22,46,38,34,1,1,1,0,0,0,0,0,0,1,Mechanical Engineer,Financial Analyst,Digital Marketer
42,95,65,92,24,62,76,49,0,1,1,1,0,0,0,0,0,1,Graphic Designer,Civil Engineer,Mechanical Engineer
73,83,84,71,94,45,35,36,1,1,0,1,0,0,0,0,1,1,Financial Analyst,Mechanical Engineer,Architect
82,25,53,44,90,49,66,47,0,0,0,1,0,1,1,1,1,1,Data Scientist,Mechanical Engineer,Content Writer
90,88,73,93,72,97,74,84,1,0,0,0,1,0,0,1,0,1,Architect,Software Developer,Graphic Designer
52,33,36,99,75,81,61,50,1,1,1,0,1,1,0,0,1,1,Financial Analyst,Lawyer,Architect
89,73,71,29,43,38,45,77,0,0,1,1,1,1,1,1,0,1,Mechanical Engineer,Teacher,UX/UI Designer
95,47,55,81,90,54,71,29,1,1,1,0,0,1,1,0,0,0,Architect,Marketing Manager,Mechanical Engineer
37,60,66,45,93,75,32,86,1,1,1,1,0,1,0,1,0,0,Architect,Content Writer,Financial Analyst
54,93,70,93,91,77,89,99,0,0,1,1,1,0,0,1,0,0,Lawyer,Marketing Manager,Software Developer
93,90,85,44,94,31,33,96,1,1,1,0,0,0,1,0,1,1,Psychologist,Content Writer,Data Scientist
65,70,56,71,96,59,58,88,0,1,0,0,0,0,1,0,1,1,Doctor,Financial Analyst,Psychologist
72,54,28,95,38,94,72,50,1,0,0,1,1,0,1,1,0,0,Psychologist,Graphic Designer,Data Scientist
83,77,46,85,40,94,87,86,1,1,1,0,1,0,1,1,1,0,Software Developer,Content Writer,UX/UI Designer
20,76,49,83,81,29,68,86,1,0,0,0,0,1,0,0,0,0,Teacher,Data Scientist,Psychologist
67,100,90,40,37,55,49,32,1,0,1,1,1,1,1,0,1,1,Graphic Designer,Marketing Manager,Data Scientist
39,82,96,51,64,98,72,39,0,1,1,1,0,0,0,1,0,0,Financial Analyst,Software Developer,UX/UI Designer
78,37,82,100,72,49,52,32,1,0,0,0,1,1,0,1,1,0,Graphic Designer,Data Scientist,Architect
62,89,100,57,88,74,55,49,1,1,1,1,1,0,0,0,1,1,Lawyer,UX/UI Designer,Content Writer
67,88,30,93,76,85,86,77,0,1,0,0,0,1,1,1,1,1,Digital Marketer,UX/UI Designer,Software Developer
22,30,44,29,56,90,23,62,0,0,1,1,0,1,1,1,1,1,Digital Marketer,Content Writer,Graphic Designer
66,20,69,88,64,57,42,28,1,0,1,0,0,0,1,1,1,0,Content Writer,Digital Marketer,Civil Engineer
50,89,92,91,48,95,68,29,0,0,1,0,0,0,1,0,1,0,Civil Engineer,Doctor,Marketing Manager
42,31,69,32,20,29,51,85,1,1,1,0,1,0,1,0,0,1,UX/UI Designer,Marketing Manager,Graphic Designer
96,26,50,84,28,73,91,36,1,1,0,1,0,0,1,0,1,1,Marketing Manager,Mechanical Engineer,Graphic Designer
53,84,34,96,37,32,28,40,1,1,0,0,1,1,0,1,0,0,Software Developer,Financial Analyst,Doctor
84,90,80,60,64,30,75,72,0,0,1,0,1,0,1,0,1,0,Civil Engineer,UX/UI Designer,Doctor
30,88,23,80,99,50,81,64,0,1,0,1,1,0,0,0,0,0,UX/UI Designer,Civil Engineer,Architect
33,75,74,95,89,23,100,84,0,0,1,0,0,1,1,0,0,1,Marketing Manager,Graphic Designer,Data Scientist
28,25,85,61,84,20,91,94,0,0,0,1,0,1,0,0,1,1,Doctor,Graphic Designer,Lawyer
89,52,27,66,22,79,57,67,0,1,1,1,0,1,0,0,0,1,Civil Engineer,UX/UI Designer,Psychologist
70,82,64,89,93,78,93,95,0,1,1,0,0,0,0,0,0,1,Teacher,Lawyer,Architect
25,79,54,95,95,47,79,64,0,0,1,0,1,1,1,1,1,0,Digital Marketer,Lawyer,Graphic Designer
90,87,94,62,96,97,39,66,0,0,0,1,0,0,1,1,1,1,Mechanical Engineer,Marketing Manager,Financial Analyst
23,73,25,42,55,100,81,50,1,1,1,1,0,0,0,1,1,0,Civil Engineer,Digital Marketer,Lawyer
78,23,43,54,98,50,62,42,1,0,0,0,0,0,1,0,0,1,Civil Engineer,Doctor,Data Scientist
52,97,82,23,20,90,22,88,0,0,1,1,1,0,1,1,1,1,Software Developer,Psychologist,Content Writer
58,24,45,70,32,68,63,76,1,0,0,1,1,1,1,1,0,1,Software Developer,Graphic Designer,Teacher
77,35,75,31,66,58,23,81,0,0,0,0,0,1,0,0,0,1,Digital Marketer,Architect,Teacher
100,46,38,55,41,20,85,79,0,1,0,1,1,0,1,0,0,1,Lawyer,Marketing Manager,Civil Engineer
31,68,78,66,57,59,29,78,0,0,0,1,1,0,0,0,0,1,Content Writer,Software Developer,Architect
90,93,60,25,71,51,52,92,1,1,1,1,1,1,1,1,1,0,Teacher,Lawyer,Marketing Manager
57,81,79,71,68,20,44,20,0,0,1,1,0,0,0,1,0,1,Digital Marketer,Financial Analyst,Marketing Manager
44,43,64,24,42,46,97,43,1,0,1,0,0,1,1,0,0,0,Teacher,Civil Engineer,Software Developer
75,100,44,100,80,98,93,52,0,1,1,0,0,0,0,0,0,0,Content Writer,Financial Analyst,Graphic Designer
49,82,89,75,52,43,35,55,0,0,0,0,0,1,0,0,1,0,Graphic Designer,Content Writer,Financial Analyst
43,56,50,35,54,57,65,25,1,1,1,0,1,0,0,0,1,0,Marketing Manager,UX/UI Designer,Software Developer
46,96,59,75,86,76,69,93,0,0,0,0,1,0,1,1,1,1,Psychologist,Teacher,Content Writer
63,100,59,85,34,96,37,39,0,0,0,1,1,0,1,0,0,0,Marketing Manager,Digital Marketer,UX/UI Designer
58,25,91,85,46,99,30,73,0,1,0,1,1,1,1,1,0,0,Civil Engineer,Doctor,Digital Marketer
82,65,79,52,35,33,93,32,0,1,0,0,1,0,0,1,1,1,Teacher,Marketing Manager,Architect
44,84,87,98,43,95,27,79,1,0,1,1,0,1,1,0,0,1,Software Developer,Doctor,UX/UI Designer
96,71,22,20,88,91,25,61,0,1,1,0,0,0,0,1,0,1,Software Developer,Financial Analyst,Graphic Designer
90,34,83,77,38,48,42,30,0,1,0,1,1,0,0,0,1,0,Lawyer,Architect,Marketing Manager
93,34,55,72,53,26,75,72,1,0,0,0,1,1,1,1,0,0,Content Writer,Architect,Civil Engineer
35,85,96,98,37,58,34,29,1,1,0,0,0,1,0,0,1,0,Mechanical Engineer,Lawyer,Teacher
57,85,50,40,97,59,34,24,0,0,0,0,0,1,1,1,0,1,Teacher,Content Writer,Architect
49,56,37,29,24,37,85,37,1,0,0,1,1,0,1,1,1,1,Digital Marketer,Mechanical Engineer,Graphic Designer
80,40,78,98,64,80,81,62,0,0,1,0,0,0,1,1,1,1,Graphic Designer,Civil Engineer,Digital Marketer
52,68,88,39,55,21,81,85,1,0,0,0,1,1,0,1,0,0,Psychologist,Software Developer,UX/UI Designer
84,96,93,44,51,43,46,31,1,0,1,1,1,1,1,1,0,0,Mechanical Engineer,Data Scientist,Doctor
100,65,40,60,55,44,41,23,0,1,1,1,1,0,0,1,0,1,Software Developer,Digital Marketer,Architect
96,23,27,85,59,97,87,89,1,0,1,1,0,1,0,1,0,1,Digital Marketer,Content Writer,Mechanical Engineer
32,46,38,54,42,41,40,87,1,1,1,0,1,0,0,0,1,0,Digital Marketer,Marketing Manager,Content Writer
94,94,40,35,20,31,93,53,1,0,0,1,0,1,0,0,0,0,Civil Engineer,Psychologist,Digital Marketer
56,72,23,85,92,70,26,94,1,0,1,0,0,1,1,0,0,0,Teacher,Architect,Data Scientist
66,39,53,65,63,41,99,40,1,0,0,1,1,0,0,0,1,0,Teacher,Lawyer,Digital Marketer
55,59,79,42,27,97,82,51,1,0,0,0,0,0,1,0,0,0,Digital Marketer,Data Scientist,Civil Engineer
53,48,91,59,74,52,94,56,0,0,1,0,1,1,1,1,0,0,Marketing Manager,Content Writer,Doctor
25,64,20,48,98,87,52,27,0,1,0,1,0,0,1,0,1,0,UX/UI Designer,Financial Analyst,Software Developer
84,62,65,45,64,51,40,53,0,0,0,0,0,1,0,0,1,1,Civil Engineer,Financial Analyst,Teacher
56,94,64,50,92,81,39,82,0,0,1,1,1,1,1,0,0,1,Digital Marketer,Software Developer,Financial Analyst
60,83,88,77,50,93,28,83,1,0,0,1,0,1,0,0,0,0,Data Scientist,Financial Analyst,Architect
40,32,71,62,67,58,81,52,1,0,0,1,1,1,0,1,1,1,Content Writer,Architect,Psychologist
69,39,26,46,38,98,48,49,0,0,0,0,0,1,0,0,0,0,Civil Engineer,Marketing Manager,Teacher
38,49,51,24,80,73,20,29,1,0,0,1,0,1,0,1,0,0,Software Developer,Architect,Data Scientist
83,43,96,27,98,95,85,86,0,0,1,0,1,0,1,1,0,1,Doctor,Mechanical Engineer,Financial Analyst
46,21,34,33,60,78,69,91,0,0,1,1,0,1,0,0,0,0,Teacher,UX/UI Designer,Marketing Manager
22,69,89,84,60,84,62,84,0,0,0,1,1,1,0,0,1,0,Data Scientist,Software Developer,Civil Engineer
27,75,83,82,23,49,30,59,0,1,0,1,0,1,0,1,1,0,Financial Analyst,Graphic Designer,Lawyer
45,99,97,57,94,22,26,54,0,1,1,0,1,0,1,1,1,0,Marketing Manager,Civil Engineer,Psychologist
29,28,92,50,57,92,38,55,0,1,0,1,1,0,1,1,1,0,Doctor,Psychologist,Teacher
73,36,59,86,44,96,42,30,1,0,1,1,1,1,1,0,0,1,Psychologist,Data Scientist,Mechanical Engineer
87,46,26,44,31,25,32,71,0,1,0,1,1,1,1,0,0,1,Financial Analyst,Mechanical Engineer,Civil Engineer
89,42,71,75,46,87,25,46,0,1,0,1,1,0,0,1,0,1,Marketing Manager,Doctor,Digital Marketer
33,79,51,33,50,61,80,88,1,1,0,0,1,1,1,1,0,0,Content Writer,Graphic Designer,Marketing Manager
46,51,51,64,89,53,90,76,0,0,1,0,0,1,0,0,0,1,Financial Analyst,Graphic Designer,Software Developer
94,82,45,36,54,52,49,43,0,1,0,0,0,1,0,0,0,0,Architect,Mechanical Engineer,Content Writer
74,35,82,45,58,54,84,41,0,1,0,1,0,0,0,1,1,0,Lawyer,Software Developer,Data Scientist
100,29,51,97,63,90,87,26,0,0,1,0,1,1,0,1,0,1,Teacher,Graphic Designer,Lawyer
77,56,68,75,69,63,84,50,0,1,0,1,0,1,1,0,0,0,Software Developer,UX/UI Designer,Architect
88,63,98,68,34,37,64,65,1,1,0,1,0,0,0,0,1,0,Civil Engineer,Psychologist,Content Writer
55,90,81,44,77,36,99,26,1,0,0,0,0,1,1,0,0,1,Marketing Manager,Graphic Designer,Content Writer
96,100,29,50,57,31,82,31,1,0,1,0,1,0,0,1,1,0,Content Writer,UX/UI Designer,Data Scientist
87,71,34,99,46,64,65,78,0,0,0,1,0,0,1,1,0,0,Psychologist,Financial Analyst,Marketing Manager
56,86,94,42,48,73,26,69,0,0,1,0,0,0,1,0,0,1,Content Writer,Mechanical Engineer,Software Developer
57,23,56,52,81,42,33,65,1,0,1,1,0,0,0,1,0,1,Architect,Content Writer,UX/UI Designer
69,46,73,25,93,75,73,81,1,0,0,1,1,0,0,0,0,0,Civil Engineer,Psychologist,Data Scientist
63,40,78,45,38,94,34,60,1,0,1,0,1,1,1,1,1,0,Content Writer,Data Scientist,Marketing Manager
25,79,92,87,36,39,83,85,1,0,0,0,1,1,0,1,1,1,Lawyer,Civil Engineer,Digital Marketer
68,36,45,57,79,85,21,45,1,0,0,1,0,0,1,1,1,0,Psychologist,Content Writer,Software Developer
44,57,77,60,58,43,78,49,0,0,0,0,1,1,0,1,1,0,Mechanical Engineer,Psychologist,Digital Marketer
89,21,94,76,22,53,50,88,1,1,1,0,1,0,0,1,0,0,Data Scientist,Marketing Manager,Content Writer
80,82,68,22,38,37,25,52,0,0,0,0,1,0,0,0,0,0,Data Scientist,Psychologist,Software Developer
84,82,91,75,21,99,87,41,0,1,1,1,0,1,1,1,0,1,Marketing Manager,Mechanical Engineer,Architect
74,26,61,75,87,81,67,59,1,1,0,1,0,1,0,0,1,0,Graphic Designer,Lawyer,Architect
29,51,86,88,75,55,53,86,0,1,1,0,0,1,1,0,0,1,Doctor,Architect,Mechanical Engineer
65,73,65,59,38,85,57,77,1,0,0,1,1,1,1,0,0,1,Software Developer,UX/UI Designer,Architect
99,59,57,96,47,73,49,58,0,0,0,1,1,0,1,1,0,1,Lawyer,Digital Marketer,Data Scientist
68,90,64,92,81,76,78,23,1,1,1,1,0,1,1,1,1,1,Teacher,Civil Engineer,Graphic Designer
73,71,61,96,87,53,45,66,0,0,0,1,1,1,1,1,1,0,Lawyer,Graphic Designer,UX/UI Designer
60,27,27,33,56,55,33,61,1,0,0,0,0,0,0,1,0,1,Architect,Software Developer,Content Writer
98,59,52,84,33,27,100,69,0,1,0,0,1,0,1,1,1,1,Graphic Designer,Mechanical Engineer,Financial Analyst
69,52,77,32,88,95,76,49,1,0,1,0,1,1,1,0,1,0,Lawyer,Financial Analyst,Psychologist
68,100,50,53,23,77,45,92,0,1,1,0,1,0,0,1,0,0,Digital Marketer,Lawyer,Architect
58,20,92,53,30,28,52,39,1,0,1,0,1,0,1,0,1,1,Architect,Digital Marketer,Content Writer
79,47,99,89,41,66,51,33,0,1,0,1,0,1,1,0,0,1,Teacher,Financial Analyst,Doctor
98,70,38,31,79,35,76,33,1,1,1,1,0,1,0,0,0,1,Mechanical Engineer,Doctor,Architect
35,80,89,24,83,58,58,87,1,1,0,0,1,0,1,1,1,1,Digital Marketer,Architect,Doctor
97,64,60,74,48,50,63,96,1,1,0,0,1,1,0,1,1,1,Graphic Designer,Teacher,Financial Analyst
55,24,21,72,58,30,68,36,0,0,0,0,0,1,1,1,0,1,Data Scientist,Teacher,Mechanical Engineer
28,41,88,63,94,48,67,84,1,1,1,1,1,1,0,0,1,1,Mechanical Engineer,Teacher,Psychologist
65,62,20,97,77,39,49,56,0,0,0,0,0,0,0,0,1,1,Architect,UX/UI Designer,Lawyer
84,27,65,30,46,98,56,89,0,1,1,0,1,0,1,0,1,1,Marketing Manager,Software Developer,Architect
23,55,82,94,66,32,26,54,0,1,0,1,0,1,1,1,0,0,Financial Analyst,Lawyer,UX/UI Designer
55,68,63,66,89,22,98,36,0,0,0,0,1,1,1,1,0,0,Teacher,Content Writer,Software Developer
82,20,75,95,24,67,90,58,0,0,1,1,0,1,1,1,1,1,Digital Marketer,Software Developer,Marketing Manager
21,76,93,100,79,64,34,74,0,1,1,1,1,0,1,0,0,0,Content Writer,Mechanical Engineer,Teacher
89,31,54,100,37,30,64,22,1,1,0,0,1,1,0,1,1,0,Lawyer,UX/UI Designer,Mechanical Engineer
57,78,22,77,27,67,31,60,1,1,0,0,0,1,1,0,1,0,Civil Engineer,Lawyer,Content Writer
81,26,76,85,20,31,42,97,1,1,1,0,1,1,1,1,0,1,Marketing Manager,Psychologist,Software Developer
29,22,66,73,44,74,72,37,0,0,0,0,1,1,0,1,0,1,Digital Marketer,Civil Engineer,Graphic Designer
33,80,90,38,21,66,45,71,1,0,0,0,1,0,0,0,1,1,Financial Analyst,Doctor,Content Writer
42,23,88,44,40,96,34,23,1,0,0,1,0,1,0,0,1,0,UX/UI Designer,Graphic Designer,Marketing Manager
42,20,25,55,53,64,79,35,0,1,0,1,1,0,0,0,1,0,Data Scientist,UX/UI Designer,Graphic Designer
88,93,95,79,42,59,40,85,1,1,1,0,1,1,0,1,1,1,Content Writer,Lawyer,Marketing Manager
76,72,51,30,98,73,85,96,0,0,1,1,1,1,0,1,0,0,Software Developer,Marketing Manager,UX/UI Designer
81,93,80,28,99,73,81,94,0,1,0,1,1,1,0,0,0,0,Financial Analyst,Psychologist,Software Developer
55,36,65,80,77,42,55,48,0,1,0,0,1,1,0,0,0,0,Doctor,Data Scientist,Civil Engineer
46,70,50,82,40,59,91,20,0,1,0,0,0,0,1,1,0,1,Architect,UX/UI Designer,Psychologist
98,49,93,95,82,51,33,85,1,1,0,0,0,1,1,1,0,0,Data Scientist,Doctor,Content Writer
34,61,43,31,39,91,66,84,1,1,1,0,0,0,1,0,0,1,Mechanical Engineer,UX/UI Designer,Architect
26,29,92,48,98,65,73,52,1,1,1,0,0,1,0,1,0,0,Mechanical Engineer,Lawyer,Doctor
68,95,45,91,88,32,84,36,1,0,1,0,1,0,1,0,1,0,Content Writer,Civil Engineer,Data Scientist
75,33,89,31,80,47,39,50,1,1,0,1,0,0,1,0,0,1,Psychologist,Software Developer,Graphic Designer
40,75,83,32,45,68,42,61,1,1,0,1,0,0,0,0,1,1,Content Writer,Doctor,Marketing Manager
25,43,34,76,50,77,75,48,1,0,1,0,1,0,0,1,1,1,Doctor,UX/UI Designer,Mechanical Engineer
75,97,71,61,60,56,53,22,0,1,1,0,0,0,0,1,0,1,Marketing Manager,Graphic Designer,UX/UI Designer
57,58,63,40,43,37,28,34,0,0,1,0,1,0,0,1,0,0,Architect,Lawyer,Financial Analyst
100,20,33,24,71,63,100,91,0,0,1,0,1,1,0,1,1,0,Digital Marketer,Psychologist,Software Developer
42,37,47,56,44,92,54,81,0,0,1,1,1,1,0,1,1,1,Digital Marketer,Architect,Graphic Designer
73,53,50,100,73,60,33,69,1,1,1,1,0,1,1,1,0,1,Marketing Manager,Psychologist,Architect
38,100,91,65,83,44,96,98,1,1,1,0,1,1,1,0,0,0,Psychologist,UX/UI Designer,Doctor
100,97,42,36,80,77,61,98,1,1,1,0,1,1,1,0,1,0,Digital Marketer,Marketing Manager,Psychologist
28,93,46,97,54,96,48,32,0,1,0,0,0,1,0,1,1,0,Teacher,Digital Marketer,Financial Analyst
63,28,84,79,79,68,64,100,0,1,0,1,0,1,1,1,1,1,UX/UI Designer,Doctor,Marketing Manager
41,58,20,89,58,57,23,51,1,0,1,1,0,0,0,0,1,0,Architect,Content Writer,Marketing Manager
55,88,99,67,100,53,52,66,0,0,0,1,0,1,1,1,1,1,Architect,Doctor,Mechanical Engineer
57,85,33,60,92,24,79,76,0,0,1,0,0,0,0,0,0,0,Psychologist,Graphic Designer,Financial Analyst
87,63,56,75,55,97,42,94,0,1,0,0,1,1,1,1,0,0,Civil Engineer,Doctor,Software Developer
56,53,77,79,92,93,27,69,1,1,1,1,0,1,1,1,0,0,UX/UI Designer,Graphic Designer,Digital Marketer
37,33,90,26,55,50,48,67,0,0,0,1,1,1,1,0,0,1,Marketing Manager,Graphic Designer,Psychologist
68,51,87,85,45,37,51,61,0,0,1,0,0,0,0,0,0,0,Content Writer,UX/UI Designer,Data Scientist
63,35,73,42,45,60,96,91,1,1,1,1,0,0,0,0,1,0,Software Developer,UX/UI Designer,Mechanical Engineer
80,87,74,75,36,20,47,67,1,1,1,1,1,1,0,1,1,0,Marketing Manager,Digital Marketer,Software Developer
55,70,82,83,76,58,46,40,1,0,0,0,0,0,0,1,0,0,Doctor,Teacher,Financial Analyst
51,68,71,24,90,42,65,82,0,0,0,0,1,0,0,1,1,1,UX/UI Designer,Psychologist,Digital Marketer
72,92,98,76,67,22,47,62,1,1,0,1,0,1,1,1,1,0,Doctor,Graphic Designer,Architect
31,95,97,48,92,48,41,45,0,1,0,0,0,0,1,0,1,1,Content Writer,Data Scientist,Marketing Manager
46,75,72,43,82,49,83,36,1,0,0,1,0,0,1,1,1,1,Data Scientist,Content Writer,Mechanical Engineer
24,71,32,62,25,58,67,31,1,0,0,0,1,0,1,0,0,1,Psychologist,Civil Engineer,Data Scientist
53,100,51,69,78,44,96,33,0,1,0,0,0,1,0,1,0,0,Psychologist,Marketing Manager,Digital Marketer
30,39,97,38,53,54,28,63,1,1,0,1,0,1,1,1,0,1,Teacher,Digital Marketer,Psychologist
90,46,99,52,96,31,71,84,1,0,1,1,0,1,1,1,0,0,Digital Marketer,Teacher,Data Scientist
100,37,93,26,82,60,29,26,1,0,0,0,1,1,1,1,1,0,Software Developer,Financial Analyst,UX/UI Designer
48,73,50,94,99,22,77,22,1,1,0,1,1,0,0,0,0,1,Psychologist,Doctor,Software Developer
82,40,27,65,95,40,77,21,1,0,1,0,1,0,0,0,1,0,Financial Analyst,Data Scientist,Software Developer
28,63,22,43,36,28,31,54,0,0,0,0,1,1,0,1,0,0,Financial Analyst,Digital Marketer,Content Writer
56,23,48,95,92,70,39,91,0,0,1,0,0,0,1,1,1,1,Financial Analyst,Digital Marketer,Lawyer
91,77,40,50,94,76,21,25,0,1,0,1,0,1,0,0,1,1,Digital Marketer,Marketing Manager,Civil Engineer
97,60,94,53,75,73,28,23,0,1,1,0,0,0,0,0,1,0,Lawyer,Data Scientist,Civil Engineer
86,56,35,79,84,45,100,99,1,1,1,0,0,1,1,0,1,1,Software Developer,Data Scientist,Civil Engineer
31,30,86,32,32,55,47,88,0,1,1,0,1,0,1,0,1,1,Mechanical Engineer,Financial Analyst,Teacher
55,21,63,54,40,41,72,34,1,0,1,0,0,1,0,0,0,1,Teacher,Lawyer,Psychologist
32,52,45,36,55,93,47,74,0,1,0,0,0,0,1,1,1,1,Civil Engineer,Teacher,Mechanical Engineer
62,96,47,80,44,99,57,69,0,0,0,1,0,0,1,0,1,1,Teacher,Digital Marketer,Marketing Manager
71,69,25,99,41,70,25,56,0,1,1,1,0,0,1,1,0,1,Architect,Data Scientist,Marketing Manager
25,61,62,80,64,26,32,49,0,1,1,0,1,0,0,1,0,1,Marketing Manager,Software Developer,Graphic Designer
58,89,24,71,74,71,69,98,1,0,0,1,1,1,0,1,1,1,Marketing Manager,Doctor,Psychologist
24,68,84,34,73,20,36,84,0,0,1,0,0,1,1,0,1,0,Doctor,Teacher,Lawyer
20,81,81,51,52,33,82,58,1,1,1,1,1,0,0,1,1,0,Teacher,Marketing Manager,Graphic Designer
22,47,66,29,64,87,61,54,1,0,1,0,0,1,0,0,1,1,Architect,Content Writer,Digital Marketer
39,61,88,64,67,63,65,70,0,0,1,0,0,1,0,1,0,1,Teacher,Digital Marketer,UX/UI Designer
94,59,27,36,89,83,34,95,1,1,0,0,1,0,1,1,0,1,Architect,Psychologist,Financial Analyst
60,40,48,98,54,77,63,77,1,0,1,1,1,0,1,1,0,0,Software Developer,Architect,Civil Engineer
27,20,23,58,92,76,28,61,1,0,1,1,0,1,0,0,0,0,Digital Marketer,Financial Analyst,Doctor
93,33,36,31,94,49,49,35,1,1,1,0,1,1,1,0,0,0,Psychologist,Teacher,Architect
26,28,27,47,84,69,26,81,0,1,0,0,1,1,1,1,1,1,UX/UI Designer,Digital Marketer,Financial Analyst
57,36,22,41,84,72,26,92,1,0,1,1,0,1,1,1,1,1,Mechanical Engineer,Civil Engineer,UX/UI Designer
51,73,42,20,95,85,31,50,1,1,1,0,0,0,1,0,1,1,Software Developer,Architect,UX/UI Designer
83,49,59,89,23,59,67,47,1,0,1,0,0,1,1,0,1,0,Civil Engineer,Digital Marketer,Psychologist
91,51,94,95,95,35,92,70,0,1,1,0,0,1,0,0,1,0,Content Writer,Civil Engineer,Marketing Manager
68,49,66,52,40,56,48,32,1,1,1,0,0,1,0,1,0,1,Doctor,Lawyer,Software Developer
68,65,58,83,79,60,58,24,0,1,1,0,1,1,1,1,0,0,Civil Engineer,Teacher,Architect
100,30,30,96,71,24,61,56,0,0,1,1,0,0,0,1,0,1,Teacher,Graphic Designer,Digital Marketer
38,42,63,88,43,40,97,72,1,1,1,1,1,0,0,0,1,0,Civil Engineer,Marketing Manager,Doctor
60,52,87,57,23,30,34,46,0,1,1,0,1,0,1,1,0,1,Software Developer,Mechanical Engineer,UX/UI Designer
34,25,41,57,56,55,99,70,0,1,1,1,1,0,0,0,0,0,Lawyer,Graphic Designer,Doctor
84,49,93,98,26,80,57,33,0,0,0,1,1,1,1,0,0,0,Marketing Manager,Graphic Designer,Lawyer
83,87,32,47,36,100,30,83,0,0,0,1,0,1,1,0,0,1,Civil Engineer,Marketing Manager,Psychologist
76,28,25,67,76,88,38,84,1,0,1,1,1,0,1,0,1,1,Psychologist,Civil Engineer,UX/UI Designer
96,52,35,46,77,75,33,28,1,0,1,0,1,0,0,0,1,0,Data Scientist,Civil Engineer,Psychologist
85,33,45,50,60,46,33,34,0,0,0,0,0,0,0,0,0,1,Content Writer,Software Developer,Graphic Designer
58,54,70,70,92,92,47,65,1,1,0,0,1,1,1,1,0,1,Doctor,Mechanical Engineer,Financial Analyst
84,70,98,53,46,59,40,75,0,0,0,1,0,1,0,0,1,0,Digital Marketer,Architect,Teacher
84,77,99,61,75,79,32,47,1,0,0,0,0,1,1,0,1,0,Data Scientist,Content Writer,Digital Marketer
57,23,26,73,71,54,41,96,0,0,1,1,0,1,1,1,1,0,Digital Marketer,Architect,Doctor
95,87,33,51,43,55,90,35,1,0,0,0,1,0,1,1,1,1,Data Scientist,Doctor,Teacher
24,96,43,86,63,32,80,69,0,0,0,0,0,0,0,1,0,1,Lawyer,UX/UI Designer,Doctor
40,45,42,41,21,81,67,82,0,1,0,0,0,0,0,1,0,0,Lawyer,Software Developer,Marketing Manager
46,61,42,38,75,69,72,25,1,1,1,0,0,1,1,1,1,1,Architect,Psychologist,UX/UI Designer
25,24,51,28,45,62,74,52,1,1,0,0,1,1,1,0,1,1,Teacher,Architect,UX/UI Designer
77,47,65,81,93,53,87,98,1,1,1,0,1,0,0,0,1,1,UX/UI Designer,Marketing Manager,Financial Analyst
70,45,55,53,33,93,79,44,1,0,1,1,0,1,0,1,1,0,Architect,Civil Engineer,Financial Analyst
75,60,93,28,59,43,30,99,0,0,1,1,1,1,1,0,0,1,Lawyer,Psychologist,Doctor
21,55,43,72,24,64,75,59,1,0,0,0,1,0,0,1,0,1,UX/UI Designer,Architect,Doctor
53,36,66,73,61,44,37,60,0,1,1,1,1,1,1,0,1,1,Software Developer,Teacher,Civil Engineer
28,62,80,90,60,74,72,28,0,1,0,0,1,1,1,1,0,1,Teacher,Financial Analyst,Psychologist
91,41,53,61,62,70,22,58,0,1,1,1,1,0,0,1,0,0,Graphic Designer,Mechanical Engineer,Teacher
93,54,64,81,73,40,34,70,1,1,1,0,1,1,1,1,0,1,UX/UI Designer,Psychologist,Software Developer
43,62,83,77,33,78,39,95,0,1,0,1,0,1,1,1,1,0,Civil Engineer,Lawyer,Content Writer
84,29,28,33,29,20,20,83,1,0,0,1,1,0,0,1,1,0,Software Developer,Mechanical Engineer,Digital Marketer
64,30,34,77,92,57,35,83,0,0,0,0,1,0,1,1,0,1,Civil Engineer,Teacher,Doctor
89,99,38,78,83,39,34,51,0,1,1,0,1,1,1,0,0,1,Doctor,Teacher,Marketing Manager
69,79,40,60,42,65,99,88,0,0,1,1,1,1,0,0,1,0,Civil Engineer,Software Developer,Psychologist
63,38,34,52,56,41,44,89,1,0,0,1,0,1,1,0,0,1,Doctor,Graphic Designer,Teacher
37,95,96,40,83,37,98,32,0,0,0,0,1,1,0,0,0,1,Data Scientist,Psychologist,Architect
42,35,80,95,56,31,94,62,1,1,0,1,1,1,0,0,1,0,Psychologist,UX/UI Designer,Architect
91,74,88,50,36,90,42,98,0,1,1,1,1,1,1,1,0,0,Data Scientist,Architect,Financial Analyst
58,100,88,100,60,95,57,89,1,1,1,1,0,1,0,1,0,0,Software Developer,Graphic Designer,Financial Analyst
95,21,99,46,82,92,100,44,1,0,0,1,1,1,1,0,0,0,Financial Analyst,Data Scientist,Psychologist
24,48,39,38,65,53,23,57,1,1,1,0,0,1,1,0,0,0,Graphic Designer,Data Scientist,Teacher
74,48,89,43,58,22,99,77,1,1,1,0,0,1,0,0,1,0,Data Scientist,Marketing Manager,Graphic Designer
29,92,77,30,80,90,79,29,0,0,1,1,0,1,0,1,1,0,Lawyer,Graphic Designer,Mechanical Engineer
28,69,66,97,84,76,85,81,1,0,1,0,1,0,1,1,0,0,Marketing Manager,Content Writer,Graphic Designer
93,52,75,22,31,51,50,91,1,1,0,0,0,0,0,1,1,1,Lawyer,Psychologist,Teacher
70,42,55,39,36,50,43,83,1,1,0,0,1,1,0,0,0,1,Financial Analyst,Psychologist,Graphic Designer
29,45,78,34,33,95,33,50,1,1,1,0,0,0,1,0,0,0,Lawyer,Data Scientist,Teacher
85,88,77,75,96,56,92,38,0,0,0,1,1,1,0,0,1,0,Marketing Manager,Content Writer,Civil Engineer
72,37,72,33,44,61,36,59,1,1,1,1,1,1,0,0,1,0,Software Developer,Teacher,Content Writer
29,87,57,43,38,50,98,95,1,1,0,1,0,0,1,0,1,1,Data Scientist,Lawyer,Architect
89,57,32,75,91,67,28,31,0,0,1,1,0,1,1,1,0,0,Teacher,Mechanical Engineer,Doctor
64,88,40,33,38,74,31,68,1,1,1,0,1,1,1,0,0,0,Mechanical Engineer,Digital Marketer,Marketing Manager
95,91,48,23,77,66,84,23,0,1,1,0,0,0,1,0,1,1,Financial Analyst,UX/UI Designer,Mechanical Engineer
21,24,62,20,32,97,76,48,1,0,0,1,1,0,1,0,1,0,Psychologist,Teacher,Graphic Designer
26,92,24,23,21,23,46,85,0,0,1,0,1,0,0,0,0,0,Data Scientist,Marketing Manager,Mechanical Engineer
88,50,56,39,70,93,82,26,0,0,0,0,0,1,1,0,1,0,Content Writer,Graphic Designer,Digital Marketer
42,71,61,70,65,74,42,44,0,1,1,0,1,1,0,1,0,1,Marketing Manager,Teacher,Civil Engineer
67,97,57,24,97,62,70,77,0,1,1,1,1,0,0,0,1,0,Graphic Designer,Architect,Data Scientist
70,29,25,51,40,70,83,97,1,0,1,0,1,1,0,0,1,0,Financial Analyst,Teacher,Mechanical Engineer
43,50,89,39,69,78,93,99,1,1,0,1,1,1,1,0,1,0,Graphic Designer,Doctor,Content Writer
56,98,62,58,84,29,48,100,1,0,1,0,0,1,0,0,0,1,Digital Marketer,Financial Analyst,Doctor
63,40,20,73,74,23,88,37,1,1,0,0,1,1,1,0,1,1,Doctor,Lawyer,Digital Marketer
29,52,97,45,31,34,20,66,1,0,1,1,1,0,0,1,1,1,Marketing Manager,Data Scientist,Graphic Designer
21,50,84,73,49,78,35,98,0,1,1,0,0,0,1,1,1,1,Content Writer,Civil Engineer,Teacher
55,50,97,66,55,92,36,24,0,0,1,0,1,1,0,1,0,1,Lawyer,Software Developer,Marketing Manager
99,96,73,65,85,42,52,71,1,0,0,0,1,0,1,0,0,1,Financial Analyst,Marketing Manager,Software Developer
57,54,80,93,27,47,95,94,0,0,1,1,0,0,0,1,1,1,Digital Marketer,Mechanical Engineer,Lawyer
22,69,43,29,23,74,33,31,0,0,0,1,1,0,1,1,1,1,Architect,Digital Marketer,Mechanical Engineer
88,92,29,55,59,66,31,65,1,1,1,1,0,0,0,1,1,0,Software Developer,Architect,Graphic Designer
82,59,82,42,68,62,88,78,1,0,0,1,1,0,1,0,1,0,Software Developer,Doctor,Mechanical Engineer
24,54,94,29,54,63,75,52,0,0,1,0,1,1,0,0,1,1,Software Developer,UX/UI Designer,Data Scientist
24,47,66,35,57,55,45,23,1,1,1,1,1,1,1,1,1,0,Lawyer,Marketing Manager,Content Writer
27,100,71,77,40,41,36,29,0,0,1,1,0,0,0,0,1,1,Financial Analyst,Lawyer,Graphic Designer
70,73,81,80,75,55,87,26,1,0,1,0,0,1,0,0,1,0,Mechanical Engineer,Civil Engineer,Architect
81,95,71,59,22,61,98,42,0,0,0,0,1,0,1,0,0,0,Doctor,Psychologist,Graphic Designer
63,50,30,35,90,48,53,94,1,0,1,1,1,1,0,0,1,1,Civil Engineer,Marketing Manager,Financial Analyst
44,77,45,63,23,69,94,39,0,1,1,0,0,0,0,1,0,0,Mechanical Engineer,Financial Analyst,Digital Marketer
29,40,61,86,43,52,85,61,0,0,1,0,1,1,1,0,1,0,Lawyer,Data Scientist,UX/UI Designer
79,21,65,67,20,87,22,73,0,1,1,1,1,0,1,0,1,1,UX/UI Designer,Digital Marketer,Doctor
72,58,68,85,55,55,87,30,1,1,1,1,0,1,0,1,0,1,Data Scientist,Civil Engineer,Teacher
22,38,29,29,71,71,88,23,1,0,0,0,0,1,0,0,0,0,Graphic Designer,Psychologist,Civil Engineer
95,92,69,40,66,42,96,97,0,1,0,1,0,0,1,1,0,1,Doctor,Teacher,Digital Marketer
34,63,87,54,21,77,71,26,0,1,0,1,0,0,1,0,0,1,Teacher,Financial Analyst,Architect
21,36,96,66,96,24,67,66,1,0,0,1,1,1,1,1,1,1,Psychologist,UX/UI Designer,Lawyer
83,60,34,53,88,31,59,61,0,1,0,1,0,0,0,0,0,0,Marketing Manager,Data Scientist,Digital Marketer
74,49,71,75,50,56,37,79,1,0,1,0,1,0,0,1,1,1,Financial Analyst,Software Developer,UX/UI Designer
29,54,95,97,92,99,67,29,1,0,1,0,0,0,1,1,0,0,Psychologist,Architect,Digital Marketer
98,99,82,91,93,44,100,33,1,0,1,1,1,0,0,1,1,1,Data Scientist,Lawyer,Software Developer
96,74,56,43,29,61,86,100,0,0,1,0,0,1,1,1,1,0,Civil Engineer,Graphic Designer,Financial Analyst
47,83,82,92,77,81,81,20,1,0,0,1,1,1,1,0,0,0,Data Scientist,Marketing Manager,Financial Analyst
95,70,82,44,35,31,63,33,0,1,1,1,0,0,1,1,0,1,Doctor,Graphic Designer,Financial Analyst
66,67,28,93,63,92,54,49,1,0,1,0,1,0,1,1,0,1,Digital Marketer,Civil Engineer,Software Developer
45,61,91,33,91,66,85,35,0,0,0,1,0,1,1,0,0,0,Software Developer,Architect,Teacher
61,33,62,51,81,69,30,74,0,0,1,0,0,1,1,0,0,0,Civil Engineer,Graphic Designer,Digital Marketer
77,23,61,40,40,38,44,72,1,0,1,1,1,0,0,1,1,0,Graphic Designer,Digital Marketer,Financial Analyst
56,30,75,90,53,61,53,21,0,1,0,1,0,1,0,1,0,1,Mechanical Engineer,Civil Engineer,Software Developer
62,82,98,49,68,45,54,35,0,1,1,1,1,1,0,1,0,0,Marketing Manager,Psychologist,Doctor
43,38,68,72,85,32,89,32,0,0,1,0,1,1,1,0,1,1,Content Writer,Mechanical Engineer,Financial Analyst
60,74,81,89,37,95,83,62,1,1,1,0,1,1,1,1,0,0,Software Developer,Marketing Manager,Doctor
29,21,90,34,35,39,27,71,0,0,1,0,1,1,1,1,0,0,Data Scientist,Architect,Lawyer
20,95,100,89,70,78,28,31,0,0,1,1,1,1,1,1,0,0,Teacher,Digital Marketer,Software Developer
37,55,76,22,52,61,38,63,1,1,1,1,0,1,1,0,0,1,Digital Marketer,Lawyer,Software Developer
28,81,21,46,78,97,98,93,0,1,0,1,1,1,0,0,0,1,Psychologist,Doctor,Software Developer
82,30,94,89,88,55,26,29,1,0,0,1,1,1,0,0,1,0,Content Writer,Data Scientist,Software Developer
77,75,87,98,43,46,75,46,1,1,0,0,1,0,1,1,1,1,Data Scientist,Psychologist,Lawyer
67,28,64,71,87,47,100,82,1,0,0,1,0,0,1,1,0,0,Mechanical Engineer,Civil Engineer,Content Writer
91,88,42,73,85,40,90,34,0,0,1,0,0,0,1,0,1,0,Psychologist,Doctor,Data Scientist
55,59,44,89,40,75,83,100,0,0,0,0,0,1,1,1,0,1,Marketing Manager,Mechanical Engineer,Content Writer
77,75,93,91,81,28,96,46,0,0,1,1,0,0,1,1,1,1,Marketing Manager,Software Developer,Data Scientist
66,87,94,78,22,73,23,39,1,0,0,1,1,0,1,0,1,0,Mechanical Engineer,Content Writer,Marketing Manager
85,85,45,44,74,39,38,27,1,1,0,1,0,1,1,0,1,0,Architect,Mechanical Engineer,Data Scientist
48,23,50,53,99,51,92,85,1,0,0,1,1,0,1,1,1,1,Graphic Designer,Lawyer,Content Writer
73,91,60,64,26,39,86,93,0,1,0,1,0,1,1,0,1,1,Financial Analyst,Marketing Manager,Data Scientist
22,51,85,73,25,52,67,95,1,1,0,0,0,1,0,0,0,1,Software Developer,Data Scientist,Architect
88,60,76,20,36,26,50,75,1,0,1,0,0,0,0,1,0,1,Psychologist,Mechanical Engineer,Marketing Manager
30,33,83,67,52,94,41,20,1,1,1,0,1,1,0,1,0,1,Software Developer,Mechanical Engineer,Graphic Designer
49,98,36,45,92,34,62,81,0,1,0,1,0,1,0,1,0,0,UX/UI Designer,Content Writer,Mechanical Engineer
52,35,52,83,20,81,27,67,1,1,1,0,1,0,1,1,0,0,Psychologist,Lawyer,Civil Engineer
49,91,95,79,28,58,47,60,1,0,1,1,0,1,0,1,1,0,Graphic Designer,Mechanical Engineer,Lawyer
47,98,56,35,58,95,21,52,0,0,1,1,1,0,0,0,1,1,Psychologist,Graphic Designer,Lawyer
31,46,86,28,38,74,42,34,1,0,1,0,0,1,1,1,1,1,Mechanical Engineer,Psychologist,Lawyer
88,69,96,68,22,57,77,21,0,0,1,1,1,0,0,0,0,1,Mechanical Engineer,Teacher,Data Scientist
72,58,62,77,20,97,97,30,1,1,0,1,0,0,1,1,0,0,Mechanical Engineer,Civil Engineer,Software Developer
37,55,62,43,70,54,75,98,1,1,1,0,1,0,1,0,1,0,Financial Analyst,Doctor,Content Writer
100,47,63,46,20,79,94,62,1,0,1,1,1,0,1,1,1,1,Mechanical Engineer,Financial Analyst,Digital Marketer
92,34,88,60,74,90,97,70,0,1,0,1,1,1,1,0,1,0,Lawyer,Graphic Designer,Digital Marketer
37,51,64,52,68,96,49,59,0,1,0,1,1,1,1,1,1,0,Marketing Manager,Graphic Designer,Lawyer
91,59,20,54,75,26,74,92,0,0,0,1,1,1,0,1,1,0,Financial Analyst,Architect,Doctor
71,49,51,57,41,54,70,43,0,1,1,1,1,0,1,1,0,1,Lawyer,Teacher,Software Developer
52,42,48,36,68,76,97,61,1,1,1,0,1,0,0,1,1,0,UX/UI Designer,Doctor,Graphic Designer
54,86,63,74,47,96,98,42,1,0,1,0,0,1,1,0,1,0,Software Developer,Graphic Designer,UX/UI Designer
20,62,79,24,46,100,39,26,0,0,1,1,1,1,1,0,1,1,Architect,Teacher,Graphic Designer
59,35,53,72,54,53,49,76,0,0,1,1,1,1,0,0,0,1,Lawyer,Digital Marketer,Teacher
87,50,93,92,31,54,91,78,0,1,0,1,0,0,0,0,1,0,Teacher,Doctor,Content Writer
78,84,55,71,47,92,90,34,1,0,1,0,1,1,1,1,0,1,Architect,Graphic Designer,Marketing Manager
68,49,86,21,99,85,79,71,0,1,1,0,1,0,1,0,1,0,Mechanical Engineer,Architect,Doctor
63,43,58,75,44,73,48,42,1,1,0,0,1,0,0,1,0,1,Doctor,Civil Engineer,Psychologist
28,23,80,39,90,72,62,82,1,1,0,1,0,1,0,0,1,1,Data Scientist,Mechanical Engineer,Content Writer
32,64,76,68,78,99,45,33,0,0,0,1,0,1,1,0,0,1,Civil Engineer,Data Scientist,Graphic Designer
85,87,21,90,33,41,41,32,1,0,1,0,0,1,0,0,1,1,Teacher,Civil Engineer,Digital Marketer
63,64,59,41,100,89,81,35,1,1,0,1,0,0,0,1,0,1,Teacher,Architect,Doctor
89,43,40,62,71,34,28,57,0,1,1,1,1,1,1,1,0,1,Content Writer,Graphic Designer,Teacher
86,88,83,31,71,43,61,41,1,0,1,0,0,1,0,0,0,0,Civil Engineer,Content Writer,Financial Analyst
99,70,54,90,99,97,53,91,0,1,0,1,0,0,1,1,1,1,Architect,Doctor,Psychologist
23,58,50,44,44,41,75,24,0,1,1,1,0,0,0,1,0,0,Content Writer,Psychologist,Software Developer
98,74,92,43,79,30,82,25,1,1,1,0,1,0,1,0,1,0,Teacher,Digital Marketer,Lawyer
74,46,29,31,36,20,31,95,0,0,1,1,0,1,0,1,0,0,Civil Engineer,Doctor,Data Scientist
71,42,90,66,25,57,72,26,0,0,1,0,1,1,0,0,0,0,Marketing Manager,Architect,Doctor
24,47,61,40,96,72,62,71,0,1,1,1,0,0,0,0,1,1,UX/UI Designer,Psychologist,Teacher
99,95,48,29,60,71,48,35,0,0,1,1,1,1,1,0,0,1,Teacher,Content Writer,UX/UI Designer
91,23,60,33,26,87,60,52,0,1,1,1,1,0,1,1,1,0,Financial Analyst,Data Scientist,Psychologist
74,57,28,99,94,91,46,98,1,1,1,0,0,0,1,1,1,0,Marketing Manager,Lawyer,Civil Engineer
54,69,83,81,90,81,57,46,0,1,1,1,1,0,0,1,0,1,Psychologist,Data Scientist,Graphic Designer
38,60,90,42,41,67,31,54,0,1,0,0,1,0,1,1,0,1,Architect,Content Writer,Teacher
27,25,73,73,37,96,43,30,1,0,0,1,0,0,0,1,0,0,Digital Marketer,Software Developer,Doctor
34,38,74,83,48,37,26,65,0,1,0,1,1,0,0,1,1,0,Data Scientist,Financial Analyst,Lawyer
83,63,30,21,74,63,76,48,1,0,1,0,0,0,1,1,1,0,Doctor,Psychologist,Mechanical Engineer
39,61,75,100,93,51,58,37,1,1,0,0,1,1,1,0,0,1,Civil Engineer,UX/UI Designer,Data Scientist
62,31,55,64,64,40,23,64,0,0,0,0,0,1,0,0,0,0,Psychologist,Financial Analyst,Software Developer
40,87,94,23,79,91,98,49,1,1,1,1,1,1,0,0,1,0,Software Developer,Doctor,Graphic Designer
90,96,68,21,62,54,55,44,1,0,0,1,1,1,0,1,1,1,Doctor,Psychologist,Graphic Designer
20,32,98,23,95,69,76,24,0,0,1,0,0,1,0,1,1,1,Architect,Digital Marketer,Content Writer
58,34,52,36,96,75,51,46,1,1,0,0,0,1,1,0,1,0,Financial Analyst,Software Developer,Digital Marketer
88,62,59,63,90,49,86,20,1,0,1,1,1,0,1,0,0,1,Software Developer,Marketing Manager,Graphic Designer
87,93,81,33,53,71,42,76,0,1,1,1,0,0,1,1,0,1,Financial Analyst,Mechanical Engineer,Architect
89,59,52,21,25,37,80,47,0,0,1,0,1,1,1,1,1,1,Graphic Designer,Marketing Manager,Architect
47,79,82,43,45,51,75,94,1,0,0,0,0,0,0,0,0,0,Teacher,Digital Marketer,Architect
99,93,60,34,28,94,98,64,0,1,1,1,0,0,1,0,1,1,Content Writer,Data Scientist,Architect
85,40,50,95,67,89,83,32,0,0,1,0,0,1,1,0,1,1,Architect,Software Developer,Civil Engineer
24,96,61,38,96,74,86,53,0,1,1,0,1,0,0,1,0,1,Mechanical Engineer,Financial Analyst,Graphic Designer
73,68,78,91,59,74,27,95,0,1,0,1,0,1,0,1,1,0,Mechanical Engineer,Lawyer,Digital Marketer
74,68,51,99,26,76,54,95,0,0,1,1,1,0,1,1,0,1,UX/UI Designer,Civil Engineer,Mechanical Engineer
43,34,99,79,98,69,65,33,0,1,1,1,1,0,1,0,1,0,Content Writer,Digital Marketer,Teacher
37,88,79,77,52,82,88,98,0,1,0,0,1,1,1,1,0,0,Software Developer,Mechanical Engineer,Architect
86,30,31,53,89,52,53,48,1,1,1,0,1,0,0,0,1,1,Architect,Financial Analyst,Content Writer
64,38,57,91,84,27,53,68,1,1,1,0,1,1,0,0,0,1,Marketing Manager,Financial Analyst,UX/UI Designer
34,57,27,67,59,79,34,89,1,0,1,0,1,0,0,0,0,1,Teacher,Civil Engineer,Marketing Manager
91,82,88,58,32,26,76,74,0,1,1,1,1,0,1,1,1,0,Civil Engineer,Digital Marketer,Data Scientist
35,63,35,59,72,40,84,99,1,0,0,1,0,1,0,1,1,0,Doctor,Mechanical Engineer,UX/UI Designer
73,35,95,57,55,41,48,35,0,1,1,0,1,1,0,1,0,1,Architect,Teacher,Psychologist
60,51,82,92,89,37,42,71,1,1,1,1,1,1,1,0,0,1,Financial Analyst,Software Developer,Teacher
21,43,96,100,89,72,60,24,0,0,0,0,1,0,1,0,0,1,Graphic Designer,Marketing Manager,Teacher
91,30,75,63,44,69,44,21,1,0,0,1,1,1,0,0,1,0,Financial Analyst,Lawyer,Data Scientist
37,91,57,48,36,28,48,66,1,1,1,1,1,0,0,1,0,1,Content Writer,Mechanical Engineer,Doctor
57,66,63,29,88,95,34,44,0,1,0,1,1,0,1,0,0,1,Lawyer,Doctor,Graphic Designer
74,51,56,40,27,44,48,35,1,0,1,1,0,1,1,1,1,0,Architect,Graphic Designer,Content Writer
30,24,55,97,46,38,20,38,0,0,1,0,0,0,0,0,0,0,Digital Marketer,Mechanical Engineer,Graphic Designer
79,20,60,21,69,32,51,28,0,0,1,0,1,1,1,0,1,1,Content Writer,Teacher,Lawyer
59,36,100,38,55,94,73,56,1,1,0,0,1,0,1,1,1,1,Lawyer,Data Scientist,Content Writer
79,74,34,28,87,66,22,42,0,1,0,0,0,1,1,0,0,0,UX/UI Designer,Financial Analyst,Digital Marketer
38,71,70,91,86,73,84,28,0,1,1,0,0,0,0,0,1,0,Marketing Manager,Doctor,Architect
83,50,84,94,76,63,58,72,1,1,1,1,0,1,0,1,1,1,Doctor,Content Writer,Data Scientist
91,80,73,56,20,33,80,28,0,0,0,0,1,1,0,0,1,1,Mechanical Engineer,Psychologist,Digital Marketer
86,70,50,55,54,35,21,44,0,1,1,0,0,1,0,1,0,0,Financial Analyst,Lawyer,Doctor
35,51,22,33,98,70,30,59,1,1,0,0,1,0,0,1,0,0,Teacher,Financial Analyst,Graphic Designer
75,86,30,75,57,24,96,63,1,1,1,1,0,1,0,1,0,0,Data Scientist,Mechanical Engineer,Digital Marketer
60,36,22,65,63,58,35,99,0,1,0,1,1,1,0,1,1,1,Civil Engineer,Lawyer,Financial Analyst
82,81,82,35,27,32,74,35,0,1,1,0,1,0,0,1,0,0,Psychologist,Teacher,Data Scientist
63,80,49,26,24,93,75,58,0,1,1,0,1,0,0,1,0,0,Doctor,Civil Engineer,Graphic Designer
84,81,62,73,28,24,35,76,0,1,1,1,1,1,0,1,1,1,Lawyer,Graphic Designer,Digital Marketer
30,87,37,95,25,54,24,21,1,0,1,1,1,1,0,1,0,0,Teacher,Doctor,Psychologist
29,67,68,45,53,22,33,76,1,1,0,0,0,1,0,0,0,1,Architect,Mechanical Engineer,UX/UI Designer
94,42,40,20,69,44,89,95,0,0,0,0,0,0,1,0,0,1,Psychologist,Software Developer,Doctor
82,55,31,38,51,36,46,57,0,1,0,1,1,1,1,0,1,1,Financial Analyst,Software Developer,Psychologist
69,44,70,87,88,40,27,29,0,1,1,1,0,0,0,1,0,1,Software Developer,Data Scientist,Mechanical Engineer
33,44,95,89,37,84,81,58,0,0,1,1,0,0,0,1,0,1,Psychologist,Teacher,Software Developer
43,78,36,56,21,52,55,39,0,0,0,1,1,1,1,1,1,1,Financial Analyst,Psychologist,Architect
89,22,86,50,62,85,97,41,0,0,0,1,0,0,1,0,0,1,Financial Analyst,Marketing Manager,Mechanical Engineer
94,34,69,83,32,36,46,20,1,1,1,0,0,0,1,1,0,1,Lawyer,Marketing Manager,Architect
58,61,86,53,76,61,33,88,0,1,0,1,0,0,0,0,1,0,Teacher,Graphic Designer,Content Writer
78,44,61,68,70,69,56,86,1,1,0,1,1,0,1,1,0,0,Graphic Designer,Content Writer,Marketing Manager
75,99,54,100,35,26,34,58,0,0,1,0,0,0,0,1,1,0,UX/UI Designer,Software Developer,Digital Marketer
20,71,49,79,22,39,31,33,1,1,1,0,0,0,0,1,0,1,Mechanical Engineer,Digital Marketer,Lawyer
37,52,31,75,74,27,68,44,0,0,0,0,1,0,1,0,0,1,Financial Analyst,Data Scientist,Digital Marketer
89,67,70,95,79,30,71,72,0,0,1,0,1,0,1,0,0,0,Doctor,Digital Marketer,Content Writer
27,78,92,95,80,42,77,41,1,1,1,1,1,0,1,0,1,1,Doctor,Financial Analyst,Architect
60,73,22,32,80,81,42,25,0,1,0,1,1,0,1,0,1,0,Doctor,Architect,Psychologist
79,82,93,84,48,60,28,46,0,1,0,0,0,0,0,0,0,1,Architect,Doctor,Digital Marketer
55,75,82,93,26,52,41,82,0,1,0,1,1,0,0,1,0,1,Doctor,Teacher,Software Developer
87,65,81,73,65,76,81,29,1,1,1,1,0,1,0,0,0,1,Digital Marketer,Graphic Designer,UX/UI Designer
56,38,46,90,68,40,43,32,0,1,0,0,0,1,0,0,0,1,Lawyer,Psychologist,Architect
34,74,85,62,42,29,40,49,1,0,0,1,1,1,1,1,0,0,Digital Marketer,Teacher,Lawyer
47,89,64,29,43,99,95,90,0,1,0,1,1,0,0,1,1,0,Psychologist,Content Writer,Digital Marketer
78,99,43,91,59,30,39,88,0,1,1,1,0,0,1,0,0,1,Architect,Data Scientist,Marketing Manager
41,33,24,59,72,69,96,64,1,1,0,0,1,0,0,0,0,1,Psychologist,Digital Marketer,Software Developer
27,55,79,93,85,39,78,63,1,1,0,1,0,0,1,1,0,1,UX/UI Designer,Lawyer,Marketing Manager
52,86,54,65,67,92,53,100,1,0,0,0,0,1,1,0,0,0,Marketing Manager,Civil Engineer,Architect
58,71,89,22,35,61,56,51,0,1,1,0,0,1,0,1,0,0,Mechanical Engineer,Graphic Designer,Software Developer
42,75,99,77,59,24,55,43,0,0,0,0,1,1,1,0,0,1,Civil Engineer,Content Writer,Doctor
21,52,42,36,97,33,36,97,0,1,0,0,0,0,1,1,1,0,Software Developer,Content Writer,Teacher
49,31,56,99,48,43,23,46,0,0,0,0,0,0,1,1,0,0,Data Scientist,Software Developer,Doctor
54,25,42,37,41,71,77,28,1,0,1,1,1,0,1,1,0,1,Doctor,UX/UI Designer,Graphic Designer
97,57,87,27,32,62,21,37,1,1,0,0,1,0,0,0,1,0,Software Developer,Graphic Designer,Lawyer
48,84,45,64,79,72,93,93,0,0,1,0,1,0,1,1,0,1,Civil Engineer,Financial Analyst,Digital Marketer
24,32,66,51,83,93,97,62,1,1,0,1,0,0,1,0,1,1,Financial Analyst,Mechanical Engineer,Teacher
49,35,78,68,27,62,51,49,1,1,1,0,1,0,1,0,1,0,Graphic Designer,Marketing Manager,UX/UI Designer
82,86,31,42,44,88,27,28,0,0,0,1,1,0,1,1,0,1,Marketing Manager,Graphic Designer,Financial Analyst
96,53,96,45,64,46,96,47,1,1,0,0,1,0,1,0,1,1,Data Scientist,Marketing Manager,Architect
79,27,98,56,67,85,75,40,1,1,0,1,1,0,0,1,1,0,Financial Analyst,Architect,Psychologist
99,38,98,96,57,73,36,80,0,0,0,0,1,1,1,0,0,0,Lawyer,Digital Marketer,Financial Analyst
44,94,64,52,25,26,57,90,1,1,0,1,0,0,1,0,0,0,Teacher,Doctor,UX/UI Designer
90,69,84,20,77,53,24,81,1,0,1,1,0,0,0,0,1,0,Teacher,Digital Marketer,Data Scientist
92,77,99,95,53,68,74,41,0,1,1,0,0,0,1,0,0,0,Graphic Designer,Teacher,Data Scientist
37,49,61,88,59,46,42,75,0,1,0,0,1,0,0,1,1,1,Digital Marketer,Lawyer,Architect
29,62,23,41,38,66,82,26,0,0,0,0,1,0,1,1,0,1,Teacher,Psychologist,Mechanical Engineer
48,90,46,85,46,100,99,84,1,0,1,0,0,1,0,0,0,0,Mechanical Engineer,UX/UI Designer,Civil Engineer
21,51,90,73,37,62,77,45,0,0,0,0,0,0,1,0,1,1,Architect,Teacher,UX/UI Designer
50,30,58,50,21,45,68,63,1,0,0,1,0,1,0,0,1,0,Data Scientist,Civil Engineer,Content Writer
77,50,53,40,62,83,45,34,1,1,1,0,1,0,1,0,0,0,Digital Marketer,Doctor,Mechanical Engineer
87,82,70,80,64,76,100,24,1,0,1,0,1,1,0,1,0,1,Doctor,Graphic Designer,Content Writer
81,51,83,84,68,26,58,32,1,0,0,1,0,1,0,1,0,0,Data Scientist,Mechanical Engineer,Architect
53,75,66,63,26,75,26,93,0,0,1,1,1,1,1,1,1,1,Digital Marketer,Psychologist,Lawyer
36,80,64,49,85,34,81,74,1,1,1,1,1,0,0,0,1,1,Financial Analyst,Graphic Designer,Content Writer
84,46,52,74,77,61,52,87,0,1,0,0,1,0,0,1,0,1,Graphic Designer,Doctor,Architect
95,28,46,62,84,30,80,37,0,1,1,0,0,1,1,0,1,1,Data Scientist,Financial Analyst,Content Writer
26,49,84,96,58,33,83,46,0,1,0,1,1,0,1,1,1,0,Mechanical Engineer,Digital Marketer,Financial Analyst
22,42,83,96,25,57,25,51,0,1,1,0,1,1,1,1,0,0,Data Scientist,Software Developer,Content Writer
30,34,97,21,37,65,62,46,0,0,1,0,0,1,0,0,1,1,UX/UI Designer,Psychologist,Content Writer
40,27,79,53,41,61,97,23,1,0,0,0,1,0,0,0,0,0,Lawyer,Content Writer,Architect
64,47,48,24,34,60,81,48,0,1,1,1,0,1,0,1,1,1,Civil Engineer,Doctor,Content Writer
53,93,21,28,67,38,80,61,1,0,1,1,0,1,1,1,1,0,Software Developer,Mechanical Engineer,Content Writer
84,87,31,87,88,43,76,68,1,1,0,1,1,1,1,1,0,0,Graphic Designer,Civil Engineer,Architect
20,30,53,68,71,80,66,33,1,1,0,1,0,1,0,1,0,1,Lawyer,Psychologist,Digital Marketer
89,36,29,67,26,100,40,27,1,0,1,1,0,1,0,0,1,1,Graphic Designer,Digital Marketer,Data Scientist
20,28,75,84,89,50,57,98,1,1,0,0,0,0,1,0,1,0,Lawyer,Software Developer,Psychologist
52,20,48,27,80,39,28,71,0,0,0,0,1,1,1,1,0,1,Doctor,Lawyer,Marketing Manager
59,59,21,52,69,34,100,95,1,0,1,1,1,1,1,1,0,1,Civil Engineer,Digital Marketer,Psychologist
78,73,44,71,80,71,77,69,0,0,1,0,0,1,0,1,0,1,Doctor,UX/UI Designer,Financial Analyst
95,98,86,25,29,77,30,47,0,1,1,1,0,0,1,0,0,0,Graphic Designer,Software Developer,Architect
33,89,81,34,44,42,54,92,0,0,0,1,0,1,1,1,1,0,Civil Engineer,Digital Marketer,Financial Analyst
86,27,26,48,69,54,93,62,0,1,0,0,0,1,0,0,1,1,Architect,Software Developer,Graphic Designer
30,59,100,37,22,72,38,86,0,1,1,1,1,0,1,1,0,0,Graphic Designer,Mechanical Engineer,Lawyer
91,43,34,45,48,84,52,48,0,1,0,1,1,1,0,0,1,0,Doctor,Financial Analyst,Software Developer
50,41,24,64,94,81,29,45,1,0,1,1,0,0,1,0,1,1,Teacher,Software Developer,Lawyer
53,43,27,41,31,83,43,35,1,0,1,1,1,1,1,0,1,1,Financial Analyst,Doctor,Marketing Manager
20,78,91,31,63,97,88,100,1,1,1,0,0,0,1,1,1,0,Civil Engineer,Psychologist,Architect
88,75,58,21,28,79,39,75,1,1,1,0,0,0,0,1,0,1,Doctor,Mechanical Engineer,UX/UI Designer
24,28,44,86,94,72,38,41,1,0,0,1,1,0,0,1,1,1,Financial Analyst,Content Writer,Mechanical Engineer
80,84,92,93,39,44,44,45,1,1,1,1,0,0,1,1,0,0,Software Developer,Psychologist,Mechanical Engineer
89,39,97,97,60,100,37,97,0,0,1,0,1,0,1,1,0,1,Lawyer,Financial Analyst,Marketing Manager
86,60,50,37,38,63,61,85,0,0,0,0,1,1,0,1,0,1,Doctor,Teacher,Lawyer
32,87,51,42,82,24,29,28,0,1,0,0,1,1,0,1,1,0,Psychologist,Financial Analyst,Software Developer
49,100,78,56,26,77,50,36,0,1,1,1,0,1,0,1,1,1,Doctor,Architect,UX/UI Designer
89,84,24,80,62,74,95,24,1,0,1,1,1,1,1,0,0,0,Doctor,Content Writer,Data Scientist
93,85,45,41,78,92,57,26,1,1,1,0,1,1,1,1,0,1,Lawyer,Teacher,Financial Analyst
28,82,80,42,90,98,55,28,1,0,0,0,0,1,1,1,1,0,Civil Engineer,Doctor,UX/UI Designer
37,37,97,76,27,78,32,28,0,1,0,1,1,0,1,0,0,1,Marketing Manager,Psychologist,UX/UI Designer
21,90,74,41,52,20,48,62,1,0,0,1,1,0,0,0,0,1,Content Writer,UX/UI Designer,Graphic Designer
97,46,87,20,37,85,55,84,0,1,1,0,0,1,0,0,1,0,Architect,Lawyer,Marketing Manager
44,88,52,65,20,82,78,48,0,0,1,0,0,0,1,1,0,0,UX/UI Designer,Mechanical Engineer,Graphic Designer
53,82,38,75,97,92,94,69,0,0,0,0,1,1,0,0,0,0,Data Scientist,Mechanical Engineer,Digital Marketer
34,38,91,41,76,60,95,68,0,1,0,0,1,0,1,0,0,1,Content Writer,Digital Marketer,Architect
50,82,99,83,71,21,82,28,1,1,1,0,1,0,0,1,0,1,UX/UI Designer,Marketing Manager,Architect
40,70,45,27,21,24,99,22,1,0,0,1,1,0,1,1,1,1,Digital Marketer,Software Developer,Marketing Manager
61,76,40,20,58,28,54,51,1,0,0,1,0,1,1,1,0,0,Teacher,Content Writer,Doctor
40,94,49,20,37,46,99,46,0,1,1,0,0,1,1,1,0,1,Civil Engineer,Content Writer,Doctor
31,89,46,42,91,72,67,69,1,0,0,0,1,0,0,0,1,1,Mechanical Engineer,Content Writer,Civil Engineer
76,51,30,50,91,87,38,79,1,0,0,0,1,0,1,0,1,1,UX/UI Designer,Software Developer,Teacher
52,27,44,61,96,24,85,51,1,1,1,0,0,1,0,1,0,0,Mechanical Engineer,Graphic Designer,Civil Engineer
55,63,39,51,29,74,92,42,0,1,0,1,0,0,1,1,0,0,UX/UI Designer,Data Scientist,Content Writer
33,43,61,69,46,56,72,70,1,0,1,0,0,0,0,0,1,1,UX/UI Designer,Software Developer,Architect
99,95,58,72,80,50,55,77,1,0,1,0,1,0,0,0,1,0,Civil Engineer,Teacher,Digital Marketer
48,59,55,80,61,42,44,64,1,1,1,0,1,1,0,0,0,1,UX/UI Designer,Financial Analyst,Content Writer
40,59,86,100,96,96,59,71,0,1,0,1,1,1,1,0,1,0,Teacher,Data Scientist,Software Developer
97,60,65,100,29,40,80,73,0,0,1,1,0,0,1,0,0,0,Marketing Manager,Civil Engineer,Software Developer
55,53,100,93,62,31,67,22,1,0,0,1,1,1,1,1,1,1,Teacher,Digital Marketer,Data Scientist
59,78,24,83,50,89,31,61,0,0,0,0,1,0,0,0,1,0,Financial Analyst,Psychologist,UX/UI Designer
46,76,43,100,36,61,53,45,0,0,1,1,0,0,1,1,0,1,Software Developer,Content Writer,Graphic Designer
44,37,35,61,63,68,59,77,1,1,0,1,0,1,1,0,0,1,Lawyer,Content Writer,Psychologist
40,69,27,86,44,80,24,64,1,1,0,1,0,1,0,1,0,1,Mechanical Engineer,Financial Analyst,Data Scientist
69,22,94,91,84,64,76,67,0,1,0,1,0,1,0,1,0,0,UX/UI Designer,Marketing Manager,Digital Marketer
80,50,64,64,43,39,65,87,1,0,0,1,1,0,0,0,0,1,UX/UI Designer,Marketing Manager,Data Scientist
88,77,100,72,88,80,74,58,0,0,0,1,1,1,1,0,1,1,Doctor,Financial Analyst,Psychologist
70,43,67,61,36,98,53,39,0,0,1,0,0,1,0,1,1,0,Financial Analyst,UX/UI Designer,Content Writer
83,27,75,21,72,46,52,34,1,1,0,0,1,0,0,0,0,0,Content Writer,Teacher,Civil Engineer
77,69,87,59,52,88,34,87,0,0,1,1,1,0,0,1,0,0,Graphic Designer,Digital Marketer,Teacher
70,57,30,51,73,24,82,21,1,1,0,0,0,1,1,1,0,1,Psychologist,Civil Engineer,Software Developer
40,44,39,88,34,100,73,43,1,1,0,1,0,1,0,0,1,1,Civil Engineer,Doctor,Digital Marketer
44,66,73,71,32,38,100,80,0,1,1,1,0,1,0,1,1,1,Civil Engineer,Psychologist,Teacher
21,43,84,98,89,70,31,30,1,1,0,0,0,1,1,0,0,0,Marketing Manager,Content Writer,Software Developer
34,34,48,79,36,90,69,76,1,1,0,1,0,1,0,1,0,1,Mechanical Engineer,Content Writer,Teacher
73,66,95,33,67,31,58,22,0,0,1,1,1,0,0,1,0,0,Financial Analyst,Teacher,Marketing Manager
56,93,45,65,92,43,43,40,0,1,1,0,1,0,0,0,1,1,Content Writer,Architect,Lawyer
41,72,57,42,83,69,51,23,0,0,0,0,0,0,1,0,1,0,Lawyer,Graphic Designer,UX/UI Designer
33,73,82,78,38,96,29,88,1,0,0,0,1,1,0,0,0,0,Financial Analyst,Psychologist,Digital Marketer
73,26,34,33,53,41,42,31,1,1,0,1,1,0,1,1,0,1,Data Scientist,Psychologist,Marketing Manager
82,46,93,86,90,84,32,83,0,1,1,1,1,0,0,0,1,1,Digital Marketer,Doctor,Mechanical Engineer
78,95,52,28,26,46,29,89,1,0,0,0,1,1,0,0,0,1,Digital Marketer,Graphic Designer,Data Scientist
74,41,58,20,89,39,29,94,1,1,0,0,0,0,0,1,1,0,UX/UI Designer,Architect,Lawyer
22,49,94,25,55,98,96,50,1,1,0,0,0,0,0,1,1,0,Software Developer,Mechanical Engineer,Civil Engineer
72,35,38,50,60,27,89,55,1,1,1,1,0,1,1,1,1,1,Architect,Psychologist,Financial Analyst
77,37,41,23,70,62,58,53,1,0,0,0,0,1,1,1,0,1,Lawyer,Software Developer,Architect
79,32,49,68,35,50,35,29,0,0,0,1,0,1,1,0,0,1,Mechanical Engineer,Lawyer,Architect
88,64,62,71,38,81,74,76,0,1,1,0,0,1,0,0,0,0,Teacher,Data Scientist,Civil Engineer
61,26,79,96,38,96,21,29,0,1,1,1,0,1,0,1,0,1,Financial Analyst,Architect,Digital Marketer
50,28,92,86,22,50,25,82,1,1,1,0,1,1,1,0,0,1,Data Scientist,UX/UI Designer,Architect
54,60,34,41,44,20,70,89,0,1,0,1,1,1,1,0,1,1,Marketing Manager,Doctor,Mechanical Engineer
41,88,48,64,30,64,95,57,1,0,0,0,0,0,0,0,0,1,Lawyer,Doctor,Marketing Manager
97,24,40,46,36,64,77,35,1,1,0,0,0,0,0,1,1,1,Content Writer,Financial Analyst,Data Scientist
46,49,93,59,92,91,90,33,1,1,0,1,0,1,0,1,0,0,Content Writer,Data Scientist,Digital Marketer
67,69,22,78,50,36,85,20,0,1,1,0,1,0,1,0,0,1,Marketing Manager,Teacher,Graphic Designer
62,56,48,62,100,22,49,78,0,1,1,1,0,0,0,1,1,1,Data Scientist,Marketing Manager,Architect
78,57,93,56,20,25,83,54,0,1,1,1,0,1,1,1,1,0,Marketing Manager,Data Scientist,Architect
86,51,74,74,85,44,20,43,1,0,1,1,0,1,1,0,0,0,Mechanical Engineer,Civil Engineer,UX/UI Designer
67,85,21,34,20,22,91,65,0,1,0,1,1,0,0,0,1,0,Software Developer,Teacher,Civil Engineer
59,26,87,59,32,31,29,41,1,1,1,0,1,1,0,1,1,0,Lawyer,Marketing Manager,Architect
91,38,88,28,49,82,93,77,1,1,0,1,0,1,1,1,1,1,Civil Engineer,Mechanical Engineer,Lawyer
67,54,20,72,33,22,30,67,1,0,0,1,1,1,0,1,1,1,Graphic Designer,UX/UI Designer,Marketing Manager
61,90,92,95,53,54,46,45,1,0,0,0,0,1,0,0,1,0,Graphic Designer,Civil Engineer,Content Writer
70,84,39,90,25,82,69,33,0,0,0,1,1,1,1,0,1,0,Data Scientist,UX/UI Designer,Psychologist
89,49,62,73,89,44,86,49,1,1,0,0,0,1,0,0,1,0,UX/UI Designer,Psychologist,Data Scientist
47,59,55,100,64,56,75,49,1,0,1,1,1,0,1,1,1,1,Digital Marketer,Architect,Financial Analyst
38,48,83,77,74,69,81,69,0,1,0,0,1,0,1,0,1,1,Financial Analyst,UX/UI Designer,Marketing Manager
99,58,98,57,25,84,65,21,0,0,0,0,0,0,0,0,0,1,Doctor,Psychologist,Lawyer
65,60,42,91,50,99,24,89,1,0,1,0,1,0,0,1,0,1,Digital Marketer,Civil Engineer,Graphic Designer
99,86,32,78,80,38,44,72,0,1,0,1,0,1,0,1,1,0,Doctor,Teacher,Data Scientist
34,22,89,60,95,32,100,58,0,0,1,1,0,1,1,0,1,1,Financial Analyst,Digital Marketer,Teacher
26,78,43,32,95,74,36,91,0,0,1,1,1,1,0,1,1,0,Lawyer,Digital Marketer,Doctor
27,46,69,59,96,36,76,37,0,0,0,1,0,0,0,0,0,1,Mechanical Engineer,Software Developer,Lawyer
32,62,66,72,38,50,38,64,1,0,1,0,0,1,0,0,1,0,Architect,Mechanical Engineer,Content Writer
32,74,37,63,27,44,64,89,1,0,1,1,0,1,0,1,0,1,UX/UI Designer,Lawyer,Digital Marketer
51,33,94,39,53,75,26,29,0,0,0,1,1,0,0,1,1,0,UX/UI Designer,Financial Analyst,Mechanical Engineer
88,40,47,79,64,57,32,47,1,0,0,1,1,1,0,0,1,1,Mechanical Engineer,UX/UI Designer,Doctor
56,79,52,96,68,76,67,58,0,0,1,1,0,0,1,1,1,0,Lawyer,Marketing Manager,Teacher
62,22,24,54,54,61,77,83,0,0,0,0,1,0,0,1,1,0,Doctor,Mechanical Engineer,UX/UI Designer
24,69,45,97,63,63,86,81,1,0,1,0,0,1,0,1,0,0,Digital Marketer,Content Writer,Teacher
61,92,81,81,25,94,68,53,1,1,1,0,0,1,1,1,1,0,Graphic Designer,Doctor,Marketing Manager
41,48,39,80,33,93,53,100,0,1,1,0,0,0,1,0,1,1,Mechanical Engineer,Content Writer,Lawyer
96,26,74,88,64,28,71,99,1,0,1,1,0,0,0,0,0,1,Psychologist,Civil Engineer,Digital Marketer
31,100,56,69,88,91,20,82,0,0,0,1,0,0,0,0,0,0,Civil Engineer,Psychologist,Doctor
47,30,25,48,62,75,75,81,0,0,1,1,0,1,1,0,1,1,Psychologist,Lawyer,Financial Analyst
37,33,67,39,53,95,22,71,1,1,1,1,0,0,1,1,1,0,Graphic Designer,Architect,Financial Analyst
22,45,94,58,65,32,82,44,0,0,0,1,0,1,1,1,1,1,UX/UI Designer,Content Writer,Digital Marketer
49,100,28,40,100,34,61,37,1,1,1,0,1,0,0,0,0,0,Mechanical Engineer,Digital Marketer,Architect
70,100,58,82,63,46,37,75,1,0,1,1,1,1,0,0,0,1,Software Developer,Lawyer,Financial Analyst
27,42,78,27,33,24,75,89,1,0,0,0,0,0,0,0,0,0,Software Developer,UX/UI Designer,Doctor
50,76,33,93,21,35,88,58,0,0,1,1,1,1,1,0,0,1,Financial Analyst,Content Writer,Doctor
62,91,24,30,34,29,85,42,0,0,0,0,0,1,0,1,1,0,Lawyer,Architect,Financial Analyst
60,28,75,28,67,83,28,51,0,0,0,0,0,1,0,1,1,0,Data Scientist,Content Writer,Software Developer
71,67,41,34,70,48,57,68,1,1,1,1,0,1,0,1,0,0,Architect,Mechanical Engineer,Digital Marketer
81,78,71,22,42,32,51,46,0,1,0,0,1,1,1,1,1,1,UX/UI Designer,Software Developer,Graphic Designer
53,31,86,73,30,61,48,52,0,0,1,1,0,1,1,0,1,0,Teacher,UX/UI Designer,Financial Analyst
26,23,86,45,31,35,41,87,1,1,0,1,1,1,0,1,1,0,Financial Analyst,Lawyer,Graphic Designer
35,48,91,57,64,53,70,50,1,0,0,0,1,1,0,0,0,1,Software Developer,Graphic Designer,Lawyer
40,94,87,84,45,34,40,56,1,1,1,1,0,1,1,0,1,0,Doctor,Content Writer,Teacher
77,87,22,77,66,83,50,87,0,0,1,1,1,0,1,1,0,1,Civil Engineer,Lawyer,Digital Marketer
83,60,32,55,29,46,58,31,0,1,1,1,1,0,1,0,0,0,Content Writer,UX/UI Designer,Digital Marketer
21,73,20,72,36,74,68,76,1,1,0,0,1,1,1,0,1,0,Content Writer,Civil Engineer,Architect
66,21,90,63,21,53,40,86,0,1,1,1,0,0,0,1,0,1,Mechanical Engineer,Graphic Designer,Marketing Manager
30,50,56,27,89,59,40,95,1,1,0,1,1,1,1,0,0,1,Financial Analyst,Mechanical Engineer,Teacher
50,29,97,78,21,46,46,96,0,1,1,0,0,0,0,1,1,0,Software Developer,Data Scientist,Psychologist
22,70,33,91,88,88,73,93,0,0,1,0,1,0,0,1,1,1,Doctor,Content Writer,Marketing Manager
26,80,21,80,57,80,82,23,0,1,0,0,1,1,0,0,0,1,Architect,Doctor,Civil Engineer
47,58,47,70,92,37,48,53,1,0,1,1,1,1,1,1,1,0,Marketing Manager,Mechanical Engineer,Lawyer
90,78,56,87,81,71,79,81,0,0,0,0,1,1,1,0,1,1,Psychologist,Civil Engineer,Lawyer
77,51,66,26,97,86,75,77,1,1,0,0,0,1,1,1,1,1,Civil Engineer,Financial Analyst,Psychologist
78,22,51,89,28,20,29,29,1,1,1,1,0,0,1,1,0,0,UX/UI Designer,Teacher,Graphic Designer
95,63,90,89,30,36,33,53,0,1,1,0,1,1,0,1,1,0,Marketing Manager,Graphic Designer,Digital Marketer
64,93,90,52,83,67,49,55,0,1,1,1,1,1,0,1,1,1,Marketing Manager,Teacher,Doctor
47,82,100,71,41,41,27,74,1,0,1,1,1,1,1,1,0,1,Data Scientist,Civil Engineer,Architect
55,21,55,88,34,87,67,64,0,0,0,0,1,1,1,1,0,1,UX/UI Designer,Mechanical Engineer,Teacher
36,51,69,36,20,95,42,91,1,1,0,0,0,1,1,0,1,0,Data Scientist,Digital Marketer,Civil Engineer
71,30,40,65,38,76,29,68,0,0,0,1,1,1,1,0,0,0,Software Developer,Digital Marketer,UX/UI Designer
97,27,58,58,74,45,30,88,1,1,0,1,1,1,1,1,0,0,Data Scientist,Psychologist,Graphic Designer
97,60,49,63,83,82,41,64,0,0,0,0,1,1,1,0,0,1,Doctor,Lawyer,UX/UI Designer
73,48,38,77,46,28,38,70,0,1,0,0,1,0,0,1,1,1,Digital Marketer,Doctor,Architect
73,33,59,46,43,61,22,37,0,0,1,1,1,1,1,0,1,1,Software Developer,Architect,Marketing Manager
59,82,89,22,32,28,43,68,1,1,1,0,0,1,1,0,0,0,Content Writer,Doctor,Teacher
80,82,75,95,54,65,80,36,0,0,1,0,1,0,0,1,1,0,Digital Marketer,UX/UI Designer,Mechanical Engineer
58,95,38,45,74,57,63,61,1,0,1,1,1,1,1,1,0,1,Marketing Manager,Mechanical Engineer,Software Developer
59,73,79,61,49,22,66,50,0,0,1,1,0,0,1,0,0,0,Civil Engineer,UX/UI Designer,Software Developer
72,48,51,60,100,64,83,70,1,0,1,0,0,1,1,1,1,1,Civil Engineer,Doctor,Content Writer
87,29,95,68,31,51,69,62,1,1,1,1,0,1,1,1,1,0,Mechanical Engineer,Doctor,Civil Engineer
94,76,91,86,54,26,74,27,1,1,1,1,1,0,0,0,1,1,Digital Marketer,Graphic Designer,UX/UI Designer
88,75,53,69,38,81,48,65,1,0,0,1,0,1,0,1,1,0,Digital Marketer,Graphic Designer,Architect
58,58,53,30,70,42,95,80,0,0,0,1,1,1,1,0,1,0,UX/UI Designer,Software Developer,Data Scientist
32,57,37,46,20,26,30,29,1,1,1,1,1,0,1,0,0,0,Content Writer,Teacher,Architect
99,23,22,44,78,50,84,29,0,0,0,1,1,0,0,1,0,0,Marketing Manager,UX/UI Designer,Doctor
29,41,30,47,47,28,92,39,1,0,1,1,0,1,1,0,1,1,Digital Marketer,Marketing Manager,Financial Analyst
96,35,57,61,20,68,97,31,0,1,1,0,0,1,0,0,0,1,Lawyer,Marketing Manager,Financial Analyst
55,54,36,27,87,96,73,20,1,0,0,1,0,1,0,1,0,0,Digital Marketer,Doctor,Civil Engineer
21,33,28,49,21,95,70,38,1,1,0,1,1,0,0,1,0,0,Psychologist,Mechanical Engineer,Financial Analyst
96,67,67,32,39,67,32,49,1,0,0,1,1,0,0,0,0,1,Civil Engineer,Digital Marketer,Doctor
99,42,29,62,88,61,24,24,0,1,0,1,1,0,0,0,1,1,Architect,UX/UI Designer,Financial Analyst
68,96,62,91,26,45,67,39,0,1,0,1,1,1,0,1,0,1,Marketing Manager,UX/UI Designer,Software Developer
38,73,99,70,67,29,97,97,1,0,1,1,0,0,1,1,0,0,Financial Analyst,Mechanical Engineer,Marketing Manager
21,78,97,67,37,24,40,57,1,0,1,1,0,1,0,0,0,1,Marketing Manager,Psychologist,Civil Engineer
77,84,85,93,28,41,77,21,1,0,0,1,1,1,1,1,1,0,Software Developer,Content Writer,Civil Engineer
45,23,96,44,75,31,100,87,1,1,1,1,1,1,0,1,1,0,Psychologist,Financial Analyst,Marketing Manager
29,43,52,71,56,60,60,77,1,0,0,1,0,0,0,1,1,0,Content Writer,Mechanical Engineer,Architect
37,87,53,33,51,57,76,87,0,1,0,1,1,1,1,1,0,1,Architect,Graphic Designer,Marketing Manager
65,25,56,64,54,25,61,72,1,0,1,0,0,1,0,0,0,0,Graphic Designer,Architect,Software Developer
75,85,67,53,62,48,98,29,1,1,1,0,1,0,0,1,0,1,Architect,Mechanical Engineer,Financial Analyst
31,77,20,69,67,58,92,61,1,0,0,1,0,0,0,0,1,1,Digital Marketer,Teacher,Doctor
52,92,98,77,68,67,92,77,0,1,0,0,1,0,0,0,0,0,Psychologist,Graphic Designer,Digital Marketer
77,93,82,49,55,62,89,28,0,1,1,1,0,0,0,0,0,0,Data Scientist,Civil Engineer,Psychologist
61,45,33,52,77,51,83,22,0,1,1,0,1,0,0,1,0,0,Architect,Teacher,Data Scientist
100,52,60,90,99,72,87,78,1,1,0,1,1,0,1,1,1,0,Digital Marketer,Software Developer,Mechanical Engineer
83,53,73,64,21,53,33,45,1,1,1,1,0,0,1,0,1,1,Teacher,Software Developer,Doctor
43,68,21,54,71,98,40,26,1,1,0,0,1,1,0,0,1,1,Digital Marketer,UX/UI Designer,Psychologist
42,97,64,82,87,84,35,45,0,0,1,1,1,1,0,0,1,0,Software Developer,Graphic Designer,Financial Analyst
62,94,58,94,72,73,47,24,1,1,0,0,0,1,0,1,1,1,Architect,Mechanical Engineer,Data Scientist
57,83,47,22,25,85,22,57,1,0,0,1,0,1,0,0,0,0,Teacher,Content Writer,UX/UI Designer
49,24,34,85,45,64,98,39,1,1,0,1,1,0,0,0,1,0,Financial Analyst,Data Scientist,Content Writer
94,73,24,94,69,68,51,40,0,1,0,0,0,1,0,1,1,0,Civil Engineer,Data Scientist,Mechanical Engineer
47,94,47,82,49,36,91,93,1,1,1,1,1,1,0,0,0,0,Graphic Designer,Software Developer,Digital Marketer
44,67,27,37,60,76,38,49,1,0,0,0,0,1,0,1,1,0,Financial Analyst,Data Scientist,Psychologist
99,56,59,55,22,75,75,47,1,1,1,1,1,1,1,0,0,1,Software Developer,Psychologist,Architect
96,27,61,78,72,23,24,95,1,0,1,0,1,0,0,1,1,0,Software Developer,Mechanical Engineer,Civil Engineer
93,27,43,27,68,83,96,52,0,0,1,0,0,1,1,0,0,1,Financial Analyst,Graphic Designer,UX/UI Designer
28,35,86,22,25,57,69,55,0,1,0,1,1,0,1,1,0,0,Doctor,Marketing Manager,Software Developer
46,65,63,50,38,99,41,21,0,1,0,0,1,0,0,1,0,0,Content Writer,Digital Marketer,Architect
66,100,79,62,59,53,45,75,1,0,0,1,0,0,1,1,1,0,Architect,Data Scientist,Software Developer
87,39,73,96,80,95,60,27,0,1,0,1,1,1,1,0,1,0,Architect,Civil Engineer,Data Scientist
73,89,32,78,81,31,24,41,0,1,0,0,0,0,1,1,0,1,Doctor,Data Scientist,Lawyer
85,87,39,89,30,69,77,91,1,1,0,0,1,0,0,1,0,1,Digital Marketer,Financial Analyst,Mechanical Engineer
91,77,90,77,70,74,30,96,1,1,0,1,1,0,0,1,0,0,Doctor,Mechanical Engineer,Digital Marketer
30,65,75,97,26,51,99,56,0,1,1,1,1,0,0,0,1,0,Marketing Manager,Data Scientist,Graphic Designer
67,43,69,59,34,90,42,71,1,0,0,0,1,0,0,0,1,0,Digital Marketer,Teacher,Mechanical Engineer
75,32,91,22,58,80,48,34,1,1,0,1,1,0,1,0,1,0,Content Writer,Psychologist,Doctor
69,72,92,96,84,74,100,32,1,0,0,1,0,1,0,0,1,1,Data Scientist,Architect,Software Developer
70,45,90,54,50,46,48,39,1,0,1,1,0,0,0,1,0,0,Lawyer,Digital Marketer,Software Developer
27,41,95,40,27,58,34,89,1,0,0,1,1,1,1,1,1,1,Graphic Designer,Architect,Psychologist
25,38,62,80,40,49,57,48,1,0,0,0,0,0,1,1,0,1,UX/UI Designer,Digital Marketer,Software Developer
66,95,59,48,77,49,29,97,0,1,1,0,0,0,1,1,0,0,Graphic Designer,Financial Analyst,Data Scientist
63,37,21,60,55,25,62,27,1,1,0,1,0,0,0,1,1,0,UX/UI Designer,Mechanical Engineer,Data Scientist
33,27,93,37,86,53,22,22,0,0,1,0,0,0,0,1,1,0,Lawyer,Psychologist,Doctor
64,24,75,73,54,62,69,29,0,0,0,1,0,0,1,1,0,0,Psychologist,Lawyer,Graphic Designer
58,87,100,37,44,25,20,78,1,0,0,0,0,1,1,1,1,0,UX/UI Designer,Civil Engineer,Teacher
68,96,78,94,26,31,39,50,1,1,0,1,1,1,1,1,1,1,UX/UI Designer,Data Scientist,Teacher
97,91,22,31,57,54,49,47,0,1,0,0,0,1,1,0,1,1,Software Developer,Mechanical Engineer,Lawyer
43,67,96,32,75,75,94,38,1,0,0,0,0,0,0,1,1,1,Marketing Manager,Architect,Financial Analyst
71,41,69,64,79,38,73,72,1,0,0,1,1,0,0,1,0,0,Financial Analyst,Teacher,Digital Marketer
45,23,61,59,60,28,87,32,0,1,0,0,0,1,0,0,1,0,Doctor,Mechanical Engineer,UX/UI Designer
85,93,75,83,55,76,54,40,0,1,1,0,1,1,1,1,0,0,Software Developer,Doctor,Digital Marketer
28,32,80,49,28,52,75,46,0,0,0,1,1,0,1,0,0,1,Civil Engineer,Marketing Manager,Financial Analyst
61,51,71,24,99,42,80,25,1,0,0,1,0,1,1,1,1,1,Architect,Data Scientist,Civil Engineer
86,39,31,93,31,55,86,94,1,0,0,0,1,1,0,0,1,1,Psychologist,Lawyer,Teacher
35,85,71,58,78,68,44,99,0,1,1,1,0,0,1,0,1,1,Data Scientist,Lawyer,Mechanical Engineer
43,90,88,26,95,77,65,88,0,0,0,0,0,1,1,1,1,0,Software Developer,Lawyer,Marketing Manager
94,35,44,88,73,32,84,33,0,1,0,1,0,1,1,1,0,0,UX/UI Designer,Digital Marketer,Teacher
40,21,29,36,47,95,35,72,1,0,0,0,1,1,0,0,0,1,Lawyer,Mechanical Engineer,UX/UI Designer
46,68,85,83,60,94,37,36,1,1,0,0,1,1,1,1,0,0,Data Scientist,Digital Marketer,Lawyer
95,46,46,94,47,85,38,40,0,1,1,0,0,0,1,0,1,1,Data Scientist,Graphic Designer,Psychologist
47,82,59,55,97,39,54,100,1,1,0,1,1,0,1,1,1,1,Mechanical Engineer,Data Scientist,Financial Analyst
60,51,86,75,88,46,69,51,0,1,0,0,0,0,1,0,1,0,Civil Engineer,UX/UI Designer,Psychologist
96,26,81,99,96,47,48,52,0,1,0,0,1,1,0,0,0,0,Civil Engineer,Doctor,Mechanical Engineer
29,64,47,49,84,86,30,91,1,1,0,1,1,1,0,1,0,0,UX/UI Designer,Doctor,Psychologist
69,60,27,32,68,45,30,34,0,0,0,1,1,0,1,0,0,1,Data Scientist,Lawyer,Mechanical Engineer
62,68,44,50,70,68,95,93,0,1,1,1,0,0,0,1,1,1,Content Writer,Software Developer,Financial Analyst
36,73,50,46,76,84,89,63,1,0,1,0,1,0,1,1,1,1,Doctor,Financial Analyst,Architect
92,70,41,56,43,84,90,48,1,0,0,1,1,0,1,1,0,1,UX/UI Designer,Psychologist,Marketing Manager
25,33,68,48,37,62,78,63,1,1,0,1,1,0,0,1,1,0,Content Writer,Lawyer,Graphic Designer
43,64,55,97,22,91,99,30,0,0,1,0,0,1,1,1,1,1,Digital Marketer,Doctor,Software Developer
82,89,40,62,41,81,57,62,1,0,1,1,1,0,0,1,0,1,Architect,Data Scientist,Doctor
51,82,51,48,98,67,84,28,1,1,0,0,0,1,1,0,1,1,Financial Analyst,Psychologist,Software Developer
68,26,62,37,40,30,99,50,0,1,0,1,1,1,0,1,0,0,Civil Engineer,Software Developer,Psychologist
73,35,70,86,47,79,88,91,1,0,0,0,0,1,0,0,0,0,Psychologist,Mechanical Engineer,Civil Engineer
88,70,45,72,71,23,47,38,0,1,0,0,0,0,0,0,0,1,Financial Analyst,Software Developer,Lawyer
21,87,35,44,85,47,90,43,0,1,1,1,0,0,1,0,0,0,Financial Analyst,Architect,Data Scientist
80,43,46,100,23,49,59,25,1,0,0,1,1,0,1,0,1,0,Civil Engineer,Architect,Teacher
34,82,75,66,29,36,46,82,1,1,0,0,0,0,0,0,0,1,UX/UI Designer,Marketing Manager,Civil Engineer
26,35,67,48,57,30,47,45,1,1,1,0,1,0,1,1,1,0,Doctor,Lawyer,Financial Analyst
99,81,32,69,33,22,90,66,0,0,0,1,1,1,1,0,1,0,Civil Engineer,Content Writer,Software Developer
50,84,54,30,86,61,92,38,1,0,0,0,0,0,0,0,1,1,Software Developer,Architect,Data Scientist
93,53,99,57,72,78,76,85,1,1,0,0,1,0,0,1,1,1,Marketing Manager,Architect,UX/UI Designer
40,24,35,73,39,37,88,24,0,1,0,1,1,1,1,1,0,1,Graphic Designer,Content Writer,UX/UI Designer
62,99,84,53,78,62,31,71,0,0,1,0,1,0,0,1,1,0,Civil Engineer,Doctor,Digital Marketer
56,60,73,63,32,89,86,56,0,0,1,1,1,0,0,0,0,1,Architect,Graphic Designer,Mechanical Engineer
41,47,41,74,93,31,38,91,0,1,0,0,1,0,1,0,0,1,Content Writer,Graphic Designer,Teacher
57,97,99,67,85,91,72,65,0,1,1,0,0,1,0,0,1,1,Software Developer,Financial Analyst,Psychologist
88,79,56,46,88,38,92,78,0,0,0,0,1,0,1,1,0,1,Mechanical Engineer,Content Writer,Teacher
52,25,70,45,29,54,65,64,0,1,0,1,1,0,1,1,0,0,Graphic Designer,Data Scientist,UX/UI Designer
98,27,59,22,29,91,76,43,1,1,0,0,0,0,0,1,0,1,Psychologist,Lawyer,Marketing Manager
74,49,82,23,39,41,34,55,1,1,1,0,0,1,1,0,1,0,Data Scientist,Civil Engineer,Teacher
32,97,70,79,49,76,88,87,0,1,0,1,0,0,0,1,1,1,Software Developer,Teacher,Civil Engineer
50,80,66,30,56,83,93,62,0,1,1,0,0,0,0,1,0,0,Teacher,Architect,Mechanical Engineer
25,20,53,98,82,64,100,88,0,0,1,0,1,0,0,0,0,0,Psychologist,Doctor,Marketing Manager
50,20,35,64,44,58,23,60,0,1,1,0,0,0,0,0,0,0,Graphic Designer,Financial Analyst,Digital Marketer
92,67,28,91,21,98,84,66,1,0,0,1,1,1,1,0,1,0,Marketing Manager,Financial Analyst,Content Writer
94,32,59,21,78,74,80,75,0,1,1,0,0,1,0,0,0,1,Marketing Manager,Mechanical Engineer,Digital Marketer
63,29,58,35,66,72,65,100,0,0,0,1,1,0,1,0,1,0,Content Writer,Software Developer,Digital Marketer
80,50,83,93,69,42,98,84,0,1,0,0,1,0,1,0,0,1,Teacher,Marketing Manager,Software Developer
88,48,31,76,36,64,81,98,1,1,1,1,0,1,1,0,1,1,Content Writer,Marketing Manager,Lawyer
36,56,36,31,72,28,72,93,0,0,0,0,1,1,0,1,1,1,Content Writer,Data Scientist,Digital Marketer
67,85,72,23,87,63,38,59,0,1,0,0,1,1,0,1,1,1,Content Writer,Doctor,Mechanical Engineer
92,80,87,83,28,100,72,89,1,0,1,1,0,1,1,0,0,1,Teacher,Graphic Designer,Digital Marketer
63,21,39,56,64,56,96,24,0,0,1,1,1,0,1,1,0,0,Digital Marketer,Mechanical Engineer,Architect
39,78,76,25,35,93,60,92,1,1,1,0,1,0,0,0,1,1,Civil Engineer,Teacher,Software Developer
69,78,32,21,46,38,30,57,0,1,0,1,1,0,0,1,1,1,Graphic Designer,Mechanical Engineer,Lawyer
24,55,32,91,68,23,52,100,0,0,0,0,0,1,1,1,1,1,Mechanical Engineer,Software Developer,Psychologist
67,85,35,32,76,42,41,74,0,0,0,1,0,1,1,1,0,1,Marketing Manager,UX/UI Designer,Lawyer
24,38,61,98,45,91,73,44,0,1,1,0,1,1,1,1,1,1,Psychologist,Software Developer,Mechanical Engineer
20,99,95,53,49,93,76,23,1,1,1,0,1,1,1,1,0,1,Data Scientist,Civil Engineer,Mechanical Engineer
42,51,56,63,36,30,95,41,0,0,1,1,1,0,0,1,0,0,Software Developer,Doctor,Data Scientist
70,58,56,34,21,52,74,48,1,0,1,0,0,1,1,1,1,0,Financial Analyst,Civil Engineer,Mechanical Engineer
80,69,78,35,45,65,70,34,1,1,1,0,1,1,1,1,0,1,Architect,Content Writer,Digital Marketer
56,84,72,83,82,26,39,35,0,0,0,1,1,1,1,0,1,1,Content Writer,Doctor,Data Scientist
100,24,38,86,40,33,47,44,0,0,0,0,0,0,1,0,1,1,Civil Engineer,Teacher,Financial Analyst
83,23,68,87,64,30,45,49,1,1,1,1,0,0,0,1,0,1,UX/UI Designer,Mechanical Engineer,Architect
94,87,47,34,23,92,83,51,1,1,1,0,1,1,1,1,0,0,Lawyer,UX/UI Designer,Marketing Manager
24,71,25,66,67,92,100,37,1,0,0,1,1,1,1,1,0,0,Doctor,Psychologist,Architect
68,21,26,43,59,34,51,35,1,0,0,1,0,0,1,1,0,0,Financial Analyst,Psychologist,Architect
38,36,68,25,99,72,64,24,1,0,1,0,0,0,1,0,1,1,Teacher,Marketing Manager,UX/UI Designer
37,67,57,30,72,23,70,52,0,0,0,0,1,0,1,1,0,0,Civil Engineer,Financial Analyst,Teacher
81,80,65,65,91,68,36,25,0,1,1,1,0,0,0,0,1,0,Architect,Software Developer,Data Scientist
99,45,70,24,81,95,54,66,1,0,1,0,1,1,1,1,0,0,Software Developer,Graphic Designer,Architect
81,58,36,61,48,56,69,33,1,0,1,1,0,0,0,1,1,0,Doctor,Mechanical Engineer,Financial Analyst
35,47,79,59,28,29,53,58,0,0,0,0,0,0,1,0,1,0,Content Writer,Mechanical Engineer,Digital Marketer
38,83,52,46,84,31,56,91,0,0,1,0,0,1,1,0,1,0,UX/UI Designer,Doctor,Data Scientist
22,23,31,30,82,29,39,77,1,0,0,1,0,1,0,0,0,0,Digital Marketer,Doctor,Lawyer
33,65,48,53,72,25,92,71,1,1,1,1,0,1,0,0,1,0,Lawyer,Graphic Designer,Software Developer
67,78,99,77,54,95,100,100,0,0,0,1,1,0,0,0,0,0,Marketing Manager,Graphic Designer,UX/UI Designer
55,69,91,71,86,30,41,44,1,1,1,0,0,1,0,1,0,1,Content Writer,Data Scientist,Civil Engineer
24,66,21,97,69,49,71,28,1,1,1,1,0,1,0,1,0,0,Digital Marketer,Architect,Teacher
51,83,65,72,70,71,53,90,0,0,0,1,1,1,0,0,0,1,Software Developer,Civil Engineer,Architect
50,32,62,60,66,73,54,44,0,1,1,1,1,1,1,1,0,1,Civil Engineer,Software Developer,Marketing Manager
74,21,29,85,93,61,62,50,0,0,0,1,1,0,1,1,1,1,Lawyer,Financial Analyst,Civil Engineer
69,70,65,38,50,41,41,75,0,1,1,0,0,1,0,1,1,0,Financial Analyst,Data Scientist,UX/UI Designer
22,78,42,41,59,35,68,58,1,1,1,1,0,1,1,1,1,1,Graphic Designer,Digital Marketer,Doctor
91,94,85,54,20,89,76,66,0,0,0,1,0,0,1,1,1,0,Data Scientist,Civil Engineer,Software Developer
68,23,54,91,71,55,25,88,0,1,1,1,1,1,0,1,1,0,Digital Marketer,Data Scientist,Software Developer
51,58,90,99,76,52,97,75,0,1,1,0,0,0,0,1,1,1,Financial Analyst,Teacher,Graphic Designer
78,64,39,22,79,50,76,68,1,0,0,1,1,1,0,0,0,1,Graphic Designer,Software Developer,Financial Analyst
70,83,80,31,66,52,41,36,1,0,1,0,0,0,1,0,0,1,Teacher,Software Developer,Lawyer
58,38,49,47,94,97,20,80,1,1,1,1,1,0,1,0,0,0,Mechanical Engineer,Lawyer,Psychologist
71,89,24,54,65,80,66,55,0,1,1,1,1,1,0,1,0,0,Data Scientist,Mechanical Engineer,UX/UI Designer
70,64,27,98,80,94,40,44,1,0,1,1,0,0,0,0,1,0,Mechanical Engineer,Graphic Designer,Civil Engineer
100,65,78,65,47,80,58,52,1,0,0,1,1,0,0,1,1,1,Mechanical Engineer,Civil Engineer,UX/UI Designer
60,27,72,70,64,81,37,96,0,0,0,0,0,1,1,1,0,1,Civil Engineer,Financial Analyst,Digital Marketer
53,96,68,90,58,23,21,54,0,1,1,1,1,0,1,1,1,1,Financial Analyst,Mechanical Engineer,Lawyer
74,99,83,33,79,28,89,38,0,1,0,0,0,1,1,1,0,0,Graphic Designer,Content Writer,Architect
96,61,72,49,33,45,89,95,1,0,1,0,0,1,0,1,0,1,Lawyer,Architect,Data Scientist
99,38,38,40,99,28,77,72,0,1,1,0,0,0,1,1,0,0,Marketing Manager,Lawyer,Psychologist
58,74,98,93,83,81,54,37,0,0,0,0,0,0,1,0,0,1,Marketing Manager,Doctor,UX/UI Designer
84,63,45,48,33,61,70,50,1,0,0,0,1,1,0,0,1,1,Architect,Mechanical Engineer,Financial Analyst
47,67,23,65,78,55,77,41,0,0,0,0,1,0,0,1,1,1,Digital Marketer,Mechanical Engineer,Doctor
31,36,43,37,26,25,70,30,0,1,0,0,0,0,1,0,1,1,Graphic Designer,Mechanical Engineer,Data Scientist
81,40,100,53,79,91,86,87,1,1,0,1,0,0,0,1,1,0,Content Writer,Mechanical Engineer,Financial Analyst
20,69,55,47,48,52,43,58,0,1,0,1,0,0,1,1,1,1,Digital Marketer,Financial Analyst,Civil Engineer
40,89,35,67,50,83,52,43,0,1,1,0,0,0,1,0,0,0,Marketing Manager,Civil Engineer,Psychologist
62,76,82,54,33,27,32,69,1,1,1,1,0,1,0,1,0,0,Content Writer,Doctor,Teacher
66,42,89,99,63,43,80,55,1,0,1,1,1,1,1,1,1,0,Data Scientist,Graphic Designer,Teacher
28,91,26,37,86,88,86,20,1,0,1,0,0,1,1,1,0,1,Graphic Designer,Teacher,Architect
98,98,39,38,28,32,71,45,1,0,0,1,1,1,0,0,1,0,Civil Engineer,Architect,Financial Analyst
37,28,83,68,33,70,31,59,0,0,1,0,0,0,1,1,0,0,Marketing Manager,Psychologist,Data Scientist
61,69,31,99,51,40,23,43,1,0,0,1,1,0,1,1,0,0,Content Writer,Psychologist,Architect
63,92,57,36,85,52,69,43,1,0,1,1,0,0,0,0,1,1,Graphic Designer,Data Scientist,Architect
53,74,94,72,34,66,53,90,1,1,0,0,1,0,1,1,1,0,Graphic Designer,Architect,Marketing Manager
23,63,63,89,38,55,95,51,0,0,1,1,0,0,1,1,0,1,Teacher,Financial Analyst,Content Writer
76,48,84,40,80,73,63,97,0,1,1,1,0,0,0,1,0,0,Architect,Civil Engineer,UX/UI Designer
64,31,87,92,31,31,58,22,1,1,1,1,0,1,0,0,0,1,Lawyer,Civil Engineer,Financial Analyst
92,30,38,70,91,41,100,97,0,0,1,1,0,0,1,1,0,1,Psychologist,Financial Analyst,Content Writer
84,84,26,59,95,40,42,42,1,1,1,1,0,1,1,0,1,0,Digital Marketer,Financial Analyst,Psychologist
38,37,34,51,92,44,79,63,0,1,0,1,0,0,1,0,0,0,Software Developer,Graphic Designer,Financial Analyst
68,63,28,47,84,85,28,66,1,1,0,1,0,1,0,0,1,0,UX/UI Designer,Software Developer,Psychologist
30,66,20,81,92,68,43,38,0,1,1,1,1,0,1,1,0,1,Graphic Designer,Marketing Manager,Lawyer
79,83,55,85,50,64,48,39,0,0,1,0,0,1,0,0,1,1,Graphic Designer,Mechanical Engineer,Civil Engineer
55,35,98,64,81,61,77,63,1,1,0,0,1,1,1,1,0,1,Civil Engineer,Marketing Manager,UX/UI Designer
86,33,80,48,24,85,87,44,0,0,0,0,0,0,0,0,1,1,Software Developer,Architect,Financial Analyst
51,52,44,34,92,90,47,82,0,1,0,0,1,0,1,0,1,0,Graphic Designer,Data Scientist,Doctor
81,32,26,43,40,79,95,39,1,0,1,1,0,1,0,1,0,1,Lawyer,Graphic Designer,Digital Marketer
50,65,80,28,94,24,66,67,1,0,0,0,1,1,1,0,1,1,Doctor,Psychologist,Content Writer
90,46,61,78,79,50,58,51,0,1,0,1,0,1,1,1,1,1,Data Scientist,Lawyer,Architect
52,96,74,72,31,44,92,57,0,1,0,1,0,0,1,0,0,1,Digital Marketer,Doctor,Financial Analyst
42,48,51,62,98,37,58,35,1,0,0,1,0,1,1,1,0,1,Marketing Manager,Data Scientist,Teacher
28,50,58,74,77,94,28,69,0,1,1,1,0,1,1,1,1,1,Civil Engineer,Architect,Marketing Manager
40,60,68,65,56,83,100,54,1,1,0,0,0,0,1,0,1,1,UX/UI Designer,Architect,Content Writer
83,36,56,61,96,23,65,62,0,0,0,1,1,1,0,1,1,0,Psychologist,Financial Analyst,Content Writer
80,85,91,92,77,86,56,64,0,0,0,1,0,1,1,1,0,1,Graphic Designer,Civil Engineer,Financial Analyst
82,25,95,44,76,87,20,70,1,0,1,0,0,1,1,1,1,0,Graphic Designer,Doctor,Teacher
41,56,71,85,78,44,22,95,0,1,0,0,0,1,0,1,1,1,Financial Analyst,Psychologist,Digital Marketer
78,75,88,91,100,98,36,67,1,0,1,0,1,1,1,0,1,0,Digital Marketer,Software Developer,UX/UI Designer
50,33,38,67,79,55,30,20,0,1,0,1,0,0,1,1,1,0,Content Writer,Civil Engineer,Teacher
88,32,45,20,86,89,73,43,1,1,0,0,0,0,1,0,0,0,Software Developer,Mechanical Engineer,UX/UI Designer
65,100,58,55,55,72,53,57,0,1,0,1,0,0,0,1,0,0,Civil Engineer,Content Writer,UX/UI Designer
82,56,100,34,64,85,64,63,0,0,0,1,0,0,1,1,0,1,Financial Analyst,Data Scientist,Marketing Manager
96,49,75,32,62,58,29,98,1,1,1,0,0,1,1,1,1,0,Doctor,Software Developer,Content Writer
72,36,80,43,76,75,44,33,0,1,1,1,0,0,1,1,1,1,Content Writer,Data Scientist,Architect
68,84,64,91,93,76,60,55,0,1,1,0,0,0,1,0,1,0,Civil Engineer,Graphic Designer,Doctor
75,94,97,70,45,93,22,87,1,1,0,1,1,0,0,1,0,0,Doctor,Graphic Designer,Data Scientist
95,39,32,48,27,27,88,76,0,1,1,0,1,0,0,1,0,0,Mechanical Engineer,Marketing Manager,Data Scientist
44,61,62,39,37,37,65,57,0,0,1,1,1,1,1,1,0,0,Data Scientist,Teacher,Digital Marketer
88,85,20,76,46,38,91,65,0,0,1,0,0,1,1,1,0,1,Software Developer,Graphic Designer,Marketing Manager
46,40,33,38,32,44,82,52,0,0,1,1,0,1,0,0,1,1,Doctor,Data Scientist,Mechanical Engineer
47,74,99,63,70,58,35,73,1,0,0,1,0,0,0,0,1,0,Graphic Designer,Civil Engineer,Teacher
48,96,35,32,89,94,34,82,0,0,0,1,0,1,1,1,1,1,Lawyer,Psychologist,UX/UI Designer
48,55,20,22,79,82,80,99,0,1,0,1,0,1,0,1,0,1,Mechanical Engineer,Digital Marketer,Doctor
25,86,44,40,51,55,70,69,0,1,0,0,0,0,1,0,0,0,UX/UI Designer,Digital Marketer,Marketing Manager
70,55,89,32,65,91,98,37,0,1,0,1,0,0,0,1,1,1,Architect,Content Writer,Civil Engineer
76,21,71,48,22,31,30,59,0,0,0,1,0,1,1,0,0,0,Digital Marketer,Psychologist,Marketing Manager
81,86,99,37,91,88,67,100,0,1,1,0,1,1,0,1,0,1,Software Developer,Psychologist,Civil Engineer
83,49,41,48,78,70,92,65,1,0,1,1,0,1,0,0,0,1,Doctor,Mechanical Engineer,Marketing Manager
34,55,34,88,65,77,39,59,1,0,0,1,1,0,0,0,1,1,Lawyer,Graphic Designer,Software Developer
90,74,85,90,30,57,23,26,1,0,0,1,0,1,1,0,0,0,Architect,Content Writer,UX/UI Designer
63,92,23,38,66,38,68,60,1,1,1,0,1,1,0,1,0,0,Data Scientist,Doctor,Architect
50,67,49,95,25,37,33,76,1,0,0,1,0,1,0,0,0,1,Graphic Designer,Teacher,Architect
37,32,28,53,45,36,78,92,1,0,0,0,1,1,1,0,1,1,UX/UI Designer,Doctor,Marketing Manager
66,61,36,33,25,53,64,41,0,1,0,1,0,1,0,1,1,0,Financial Analyst,Lawyer,Mechanical Engineer
34,75,69,72,78,81,86,99,1,0,0,1,0,0,1,1,0,0,Data Scientist,UX/UI Designer,Doctor
100,78,49,67,45,83,47,30,0,0,0,1,1,0,1,1,1,0,Marketing Manager,Graphic Designer,Data Scientist
37,35,74,21,43,93,40,77,0,1,0,1,0,0,0,1,1,1,Mechanical Engineer,Doctor,Software Developer
37,68,98,100,71,90,54,58,1,0,0,0,1,1,0,1,1,0,Software Developer,Civil Engineer,Doctor
31,41,60,83,93,91,52,64,1,0,0,0,1,0,1,1,1,1,Data Scientist,Teacher,Financial Analyst
85,92,63,85,41,95,45,81,0,0,0,1,0,1,0,1,0,0,Architect,UX/UI Designer,Digital Marketer
89,21,27,41,36,100,70,77,1,1,0,1,1,1,1,0,0,0,Mechanical Engineer,Data Scientist,Digital Marketer
92,75,40,82,58,58,85,46,0,1,0,1,0,1,0,1,1,1,Digital Marketer,Teacher,Financial Analyst
29,93,95,67,43,24,75,77,1,1,1,0,1,1,1,0,1,1,Architect,Graphic Designer,Content Writer
37,96,45,54,32,72,23,51,1,0,1,1,0,0,1,1,0,1,Lawyer,UX/UI Designer,Graphic Designer
61,44,60,36,57,77,71,82,0,0,1,0,0,1,1,0,0,0,Architect,Marketing Manager,Teacher
70,44,50,58,88,73,30,28,1,0,1,0,1,0,1,1,0,1,Teacher,Architect,Digital Marketer
86,64,61,92,54,60,36,47,1,1,0,1,0,1,0,0,1,0,Psychologist,Financial Analyst,Lawyer
62,92,75,70,33,60,24,97,1,0,0,1,0,1,0,0,0,1,Financial Analyst,Architect,Psychologist
74,27,90,76,41,97,96,66,1,0,0,0,1,0,0,1,0,1,Graphic Designer,Doctor,Marketing Manager
28,60,91,96,69,47,94,51,1,0,1,0,0,0,0,0,0,1,Digital Marketer,Doctor,Architect
59,92,27,29,41,39,50,100,0,0,0,0,1,0,1,0,1,0,Teacher,Civil Engineer,Content Writer
23,91,41,53,54,42,56,59,1,0,0,1,1,0,0,1,1,0,Data Scientist,Architect,Graphic Designer
25,52,32,77,71,35,39,37,0,1,0,1,1,1,0,1,0,1,Data Scientist,Mechanical Engineer,Architect
93,76,49,27,71,86,78,34,0,1,1,1,0,1,1,1,1,0,Psychologist,Content Writer,Data Scientist
90,94,21,59,84,44,72,56,1,1,0,0,0,1,1,0,1,0,Digital Marketer,Data Scientist,Software Developer
90,64,26,76,93,58,67,77,1,0,0,0,1,0,0,0,0,1,Graphic Designer,Doctor,Civil Engineer
46,71,49,22,96,96,33,47,1,0,0,1,0,0,0,1,1,0,Architect,Doctor,Civil Engineer
29,45,72,100,85,70,97,96,0,0,1,0,1,1,1,1,0,0,Content Writer,Financial Analyst,Teacher
81,71,58,84,73,50,88,89,0,1,0,1,0,0,0,1,0,1,Mechanical Engineer,Lawyer,Psychologist
75,83,79,71,33,46,25,74,1,0,0,0,0,0,1,1,1,1,Content Writer,Lawyer,Mechanical Engineer
72,59,46,50,93,68,96,49,0,1,0,0,1,1,0,0,1,0,Financial Analyst,Content Writer,Digital Marketer
20,76,81,63,98,95,80,80,1,1,1,0,0,0,0,0,0,0,Teacher,Graphic Designer,Digital Marketer
100,36,68,94,53,79,95,35,0,0,1,1,1,1,1,1,0,1,Civil Engineer,Digital Marketer,Financial Analyst
32,91,40,85,56,79,33,57,1,1,0,0,1,1,1,0,0,0,Architect,Content Writer,Graphic Designer
25,56,48,73,88,31,94,96,0,0,1,0,1,0,0,1,1,0,Marketing Manager,UX/UI Designer,Financial Analyst
68,61,84,69,42,37,93,84,0,1,1,1,0,0,1,0,0,1,Psychologist,Software Developer,Digital Marketer
34,29,96,96,92,56,88,38,1,1,0,0,0,1,1,0,1,1,Teacher,Financial Analyst,Data Scientist
41,51,25,23,87,29,79,90,1,0,1,0,0,1,1,0,1,1,Financial Analyst,Marketing Manager,Architect
24,55,29,52,28,87,78,39,1,0,0,0,0,0,0,0,1,0,Teacher,Marketing Manager,Graphic Designer
94,66,26,50,26,55,62,66,0,0,0,1,0,0,0,1,0,0,Data Scientist,Digital Marketer,Software Developer
75,92,68,31,34,51,81,61,0,1,0,1,0,0,0,0,1,0,Doctor,Digital Marketer,UX/UI Designer
51,66,96,44,68,83,72,78,0,0,0,0,1,0,1,0,0,0,Marketing Manager,Psychologist,Financial Analyst
75,95,77,89,37,41,44,34,0,1,0,0,0,0,1,0,0,0,Content Writer,Psychologist,UX/UI Designer
43,30,27,90,65,98,56,41,0,0,1,0,0,1,0,0,0,1,UX/UI Designer,Civil Engineer,Digital Marketer
82,45,24,95,22,79,23,57,1,0,0,1,1,1,1,0,1,1,Architect,Software Developer,Psychologist
32,82,80,70,73,53,67,93,1,0,1,0,1,0,0,0,1,1,Mechanical Engineer,Data Scientist,Psychologist
55,61,28,90,46,62,69,22,0,0,1,1,0,1,1,0,1,0,Civil Engineer,UX/UI Designer,Software Developer
46,22,94,67,30,96,67,37,0,0,0,0,0,1,0,0,1,1,Architect,Financial Analyst,Content Writer
99,43,62,55,55,68,36,58,1,0,0,1,0,0,1,1,0,1,Data Scientist,Doctor,Mechanical Engineer
37,79,91,44,73,70,87,52,1,0,0,1,1,1,1,0,1,1,Mechanical Engineer,Doctor,Architect
59,92,36,47,38,60,69,41,1,1,0,1,1,1,1,0,1,0,Data Scientist,Marketing Manager,Financial Analyst
81,41,63,84,90,23,100,30,0,1,0,1,1,1,1,1,0,1,Data Scientist,Lawyer,UX/UI Designer
78,23,85,48,24,87,39,85,1,1,1,0,0,1,0,1,1,1,Psychologist,Digital Marketer,Software Developer
39,75,44,64,20,57,68,31,0,0,1,0,0,1,0,0,0,1,Content Writer,Civil Engineer,Graphic Designer
20,81,61,99,88,74,87,58,0,0,1,0,0,0,0,1,0,1,Data Scientist,Graphic Designer,Psychologist
63,67,24,91,91,32,88,85,1,0,1,0,1,1,1,1,1,1,Psychologist,Digital Marketer,Architect
38,31,29,35,52,98,50,87,0,0,0,1,1,0,0,0,0,0,Mechanical Engineer,Civil Engineer,Content Writer
78,83,35,39,75,93,33,65,1,0,1,1,1,1,0,0,1,0,Content Writer,Architect,Psychologist
47,45,99,84,44,75,91,61,1,1,1,0,0,0,1,0,0,0,Mechanical Engineer,Lawyer,Doctor
77,66,100,26,23,37,61,90,0,0,0,1,1,1,0,0,0,0,Marketing Manager,Digital Marketer,Doctor
30,82,88,63,71,45,78,96,0,0,1,0,0,1,1,1,0,1,Financial Analyst,Content Writer,Software Developer
55,38,56,30,42,62,78,25,0,1,0,0,1,0,1,1,0,0,Digital Marketer,UX/UI Designer,Teacher
65,40,70,94,89,38,39,49,1,1,1,0,1,1,0,1,0,1,UX/UI Designer,Teacher,Software Developer
51,61,52,36,32,34,93,75,0,1,1,0,1,1,0,0,1,0,Software Developer,Graphic Designer,Marketing Manager
58,57,21,82,51,91,81,96,0,1,0,1,1,0,0,1,0,1,Mechanical Engineer,Data Scientist,Lawyer
39,24,95,47,21,95,54,56,0,1,0,1,0,0,0,0,1,1,Financial Analyst,Software Developer,Digital Marketer
93,62,89,66,37,29,69,82,0,0,1,1,1,1,1,0,1,0,Doctor,Lawyer,Data Scientist
83,35,81,75,35,56,84,58,0,0,1,1,1,0,1,1,1,0,Data Scientist,Architect,Civil Engineer
22,32,98,69,36,89,87,79,0,0,0,1,0,0,0,0,0,0,Psychologist,Software Developer,Data Scientist
79,64,50,92,32,27,49,63,1,0,0,0,0,0,0,0,0,1,Data Scientist,UX/UI Designer,Lawyer
59,31,74,92,34,87,62,88,1,1,0,0,1,1,0,1,1,1,UX/UI Designer,Financial Analyst,Content Writer
26,71,34,73,95,63,94,20,1,1,0,1,0,0,0,0,1,0,Architect,Software Developer,Graphic Designer
43,99,88,31,49,71,86,30,0,1,1,1,1,1,0,1,1,1,Content Writer,Teacher,Mechanical Engineer
91,70,86,76,78,87,95,54,0,0,1,0,0,0,0,1,1,0,Marketing Manager,Psychologist,Graphic Designer
93,56,77,72,92,57,52,66,0,1,1,0,1,0,1,1,0,1,Digital Marketer,Psychologist,Civil Engineer
50,65,82,54,27,29,34,25,0,0,1,1,0,0,1,1,0,1,Financial Analyst,Lawyer,Marketing Manager
67,30,39,94,51,20,55,35,0,1,0,1,1,1,1,0,0,0,UX/UI Designer,Doctor,Software Developer
78,30,59,52,61,40,73,68,0,0,0,0,1,1,1,0,0,0,Digital Marketer,Software Developer,Financial Analyst
21,50,42,65,43,35,53,74,1,0,0,0,1,1,1,0,0,0,Software Developer,Digital Marketer,Mechanical Engineer
60,42,20,82,41,79,78,62,1,1,1,0,1,0,0,1,0,0,Digital Marketer,Software Developer,Lawyer
94,59,43,87,78,72,69,82,1,1,0,0,0,1,1,0,1,1,Teacher,Psychologist,Architect
88,26,48,69,30,44,82,41,0,0,1,0,1,0,0,0,0,0,Lawyer,Data Scientist,Marketing Manager
81,94,55,88,47,31,76,27,1,1,1,0,1,1,1,0,0,0,Teacher,Psychologist,Financial Analyst
94,84,63,23,76,76,72,87,1,1,0,1,1,1,0,0,1,0,Civil Engineer,Marketing Manager,Data Scientist
71,53,23,92,75,71,32,73,0,0,0,1,0,0,1,1,0,0,Content Writer,Graphic Designer,Marketing Manager
98,85,41,40,38,59,38,86,1,1,0,1,1,0,0,1,0,1,Digital Marketer,Architect,Data Scientist
81,89,74,45,40,88,67,58,1,1,0,0,1,0,0,0,0,0,UX/UI Designer,Data Scientist,Civil Engineer
96,60,36,85,95,91,44,33,1,1,0,1,0,1,0,0,0,1,Lawyer,Architect,Teacher
63,99,59,85,34,29,83,36,0,1,0,1,0,1,1,0,1,0,Marketing Manager,Lawyer,Teacher
100,96,33,61,84,20,86,33,0,1,0,1,0,1,1,1,1,1,Software Developer,Graphic Designer,Psychologist
58,64,74,32,20,22,42,58,0,1,0,1,0,0,1,0,0,1,Lawyer,Content Writer,Digital Marketer
79,85,47,46,60,49,68,88,0,1,1,0,0,1,0,0,1,0,Digital Marketer,Architect,Lawyer
75,61,77,45,42,67,94,51,0,1,1,0,1,0,0,0,0,0,Marketing Manager,UX/UI Designer,Software Developer
22,48,49,59,40,51,44,91,0,1,0,1,1,0,1,1,1,1,Mechanical Engineer,Content Writer,Psychologist
81,25,61,60,81,23,68,29,1,0,1,0,1,0,0,0,1,0,Architect,Digital Marketer,Doctor
82,65,52,46,81,37,99,63,1,0,1,0,1,1,0,1,1,1,Doctor,Graphic Designer,Marketing Manager
75,50,82,48,38,76,47,92,0,1,1,1,1,1,0,1,0,1,Teacher,Civil Engineer,Software Developer
52,31,59,25,22,61,82,31,1,0,0,1,0,0,1,1,0,1,Civil Engineer,Digital Marketer,Lawyer
62,29,88,60,94,92,84,79,0,0,0,0,0,1,0,0,1,0,Teacher,Civil Engineer,Graphic Designer
36,62,39,57,39,69,37,68,0,1,0,1,1,0,1,1,1,1,Content Writer,Psychologist,Marketing Manager
40,89,54,93,91,66,25,98,1,1,1,0,1,1,1,0,0,1,Marketing Manager,UX/UI Designer,Software Developer
58,28,98,49,56,41,90,71,0,0,1,1,1,1,1,0,1,1,Data Scientist,Software Developer,Lawyer
70,75,75,54,80,94,42,55,1,0,0,1,1,1,0,1,0,0,Content Writer,Software Developer,Lawyer
59,25,96,25,52,63,98,63,0,0,0,1,0,1,0,0,1,1,Data Scientist,Mechanical Engineer,Teacher
37,37,100,63,42,62,87,48,1,1,1,1,1,1,0,0,0,1,Architect,Marketing Manager,Digital Marketer
95,38,95,36,92,67,99,86,1,0,0,1,0,1,0,1,1,1,UX/UI Designer,Lawyer,Marketing Manager
63,31,71,78,39,85,24,70,1,0,1,1,0,0,0,0,1,1,Content Writer,Civil Engineer,Graphic Designer
80,55,69,98,88,50,74,27,0,0,0,1,1,0,1,0,0,0,Software Developer,Graphic Designer,Doctor
76,96,52,86,70,29,75,95,1,0,0,1,0,1,1,0,1,0,Financial Analyst,Digital Marketer,Psychologist
50,33,52,68,94,54,72,46,1,1,0,1,0,1,0,1,0,1,Content Writer,Financial Analyst,Lawyer
48,93,33,25,45,86,92,92,0,0,0,1,0,1,0,1,0,0,UX/UI Designer,Mechanical Engineer,Financial Analyst
99,30,41,83,97,69,43,57,1,0,0,0,0,1,0,0,0,0,Software Developer,Digital Marketer,Lawyer
99,58,22,58,44,82,35,64,1,1,1,1,1,0,0,0,1,1,UX/UI Designer,Psychologist,Civil Engineer
71,96,22,66,39,53,28,58,0,0,1,1,0,0,0,0,1,1,Graphic Designer,Financial Analyst,Software Developer
91,38,45,53,68,40,62,33,1,0,1,1,1,1,0,0,1,1,UX/UI Designer,Content Writer,Civil Engineer
69,60,46,26,47,32,36,35,0,0,1,0,1,1,0,0,0,1,Data Scientist,Marketing Manager,Doctor
55,40,93,58,75,57,94,78,0,0,0,1,0,0,1,0,0,0,Financial Analyst,Software Developer,Data Scientist
26,93,43,73,65,28,65,92,0,1,1,0,0,0,0,1,1,1,Lawyer,Doctor,Content Writer
64,71,24,23,96,63,51,86,0,0,0,0,1,0,0,1,0,1,Psychologist,Digital Marketer,Content Writer
93,82,23,24,97,92,74,52,0,0,1,0,0,1,1,0,1,0,Civil Engineer,UX/UI Designer,Data Scientist
95,71,60,29,85,92,45,92,0,0,0,0,0,0,0,0,0,1,Psychologist,Doctor,Content Writer
73,51,95,21,76,32,24,97,1,1,0,0,0,0,1,0,1,1,Software Developer,Content Writer,Digital Marketer
94,42,84,68,76,23,80,90,0,1,1,0,1,0,0,0,1,0,Civil Engineer,Doctor,Content Writer
48,47,25,67,22,26,21,99,0,0,0,0,0,1,1,0,0,1,Graphic Designer,Digital Marketer,Teacher
85,41,84,41,62,43,50,47,1,1,1,0,0,1,0,1,1,1,UX/UI Designer,Digital Marketer,Lawyer
50,79,67,84,36,86,32,74,0,1,1,1,0,0,0,0,1,0,Graphic Designer,Digital Marketer,Teacher
70,33,20,94,41,30,80,99,1,0,1,0,0,0,0,0,1,0,UX/UI Designer,Software Developer,Teacher
42,56,73,53,75,24,88,61,1,1,1,0,0,1,1,0,0,0,Software Developer,Doctor,UX/UI Designer
81,42,38,36,42,46,59,27,0,1,1,1,1,1,0,0,0,0,Architect,Doctor,Lawyer
97,38,80,73,92,66,33,89,1,0,1,1,0,0,1,1,0,1,Marketing Manager,Teacher,Digital Marketer
79,98,32,45,25,40,34,85,0,1,0,1,1,0,1,0,1,1,Content Writer,Software Developer,Architect
55,88,85,37,83,30,25,95,1,0,0,1,0,0,1,1,1,0,Digital Marketer,UX/UI Designer,Marketing Manager
69,58,65,37,91,93,90,78,1,0,0,1,0,0,1,1,0,0,Financial Analyst,Graphic Designer,Architect
91,70,37,100,31,34,21,24,1,1,1,0,1,1,1,0,1,1,Doctor,Digital Marketer,Lawyer
98,79,38,55,65,76,76,30,0,1,0,0,1,0,0,1,0,0,Marketing Manager,Content Writer,Software Developer
63,81,89,38,83,87,38,38,1,0,0,0,1,0,0,0,0,0,Digital Marketer,Content Writer,Doctor
91,82,60,54,98,42,66,59,1,1,0,1,0,1,0,0,1,1,Civil Engineer,Content Writer,UX/UI Designer
88,40,28,31,37,73,26,73,1,1,1,0,1,0,0,0,0,0,Marketing Manager,Financial Analyst,Architect
23,25,95,73,79,29,92,33,0,0,1,0,1,1,0,1,1,0,Financial Analyst,Psychologist,Software Developer
66,62,43,57,39,39,44,87,1,0,1,1,0,0,0,1,0,1,Content Writer,Doctor,Architect
28,88,93,43,58,21,21,23,0,1,0,1,1,0,1,1,1,1,Civil Engineer,Data Scientist,Content Writer
68,50,49,43,69,92,32,99,0,1,1,1,0,0,0,1,0,0,Lawyer,Graphic Designer,Mechanical Engineer
88,49,47,74,66,72,97,35,1,1,1,1,1,0,0,1,0,1,Marketing Manager,Financial Analyst,Mechanical Engineer
96,87,99,68,96,64,68,90,1,0,0,0,1,0,1,0,1,0,Graphic Designer,Teacher,Digital Marketer
69,79,76,84,45,79,25,67,0,0,1,1,1,0,0,1,0,0,Lawyer,UX/UI Designer,Architect
91,86,68,91,31,95,97,72,0,1,0,1,1,0,1,1,0,0,Software Developer,Graphic Designer,Lawyer
37,73,98,72,78,45,55,30,1,1,1,0,1,0,0,1,1,0,Teacher,Data Scientist,Psychologist
59,43,73,27,47,60,26,71,0,1,0,1,0,0,0,0,0,1,Data Scientist,Civil Engineer,Marketing Manager
56,61,50,36,31,85,51,50,1,0,1,1,1,1,0,1,0,1,Content Writer,Civil Engineer,Teacher
67,28,51,87,75,94,54,95,0,0,1,1,0,1,1,0,0,0,Lawyer,Data Scientist,UX/UI Designer
75,58,68,99,65,91,98,86,0,0,0,0,0,1,1,1,1,1,UX/UI Designer,Lawyer,Software Developer
30,55,31,49,40,46,85,93,0,1,0,1,0,1,0,1,0,1,Digital Marketer,Doctor,Architect
76,57,34,64,37,80,25,53,0,0,0,0,0,1,0,1,0,1,Software Developer,Marketing Manager,Lawyer
96,39,76,81,78,69,25,95,1,1,1,0,0,0,1,1,1,0,Architect,Lawyer,Mechanical Engineer
53,57,77,27,21,97,67,20,1,0,0,1,0,1,0,0,1,0,Mechanical Engineer,Architect,Civil Engineer
45,76,46,29,71,64,66,43,1,1,1,1,0,0,0,1,0,1,Lawyer,Digital Marketer,Civil Engineer
50,80,62,28,68,81,85,87,1,1,1,1,0,1,0,1,1,0,Psychologist,Digital Marketer,Graphic Designer
26,57,24,82,42,57,56,61,1,0,0,0,0,0,0,0,0,1,Psychologist,Data Scientist,Digital Marketer
90,71,83,85,45,23,61,50,0,0,1,1,0,0,1,0,0,0,Architect,Civil Engineer,Marketing Manager
60,25,82,82,80,31,20,78,0,1,1,1,1,1,1,0,0,1,Lawyer,Graphic Designer,Architect
45,62,97,80,46,53,48,98,1,0,0,0,1,1,1,0,0,0,Content Writer,Graphic Designer,Digital Marketer
40,81,99,31,70,98,96,25,1,1,1,1,1,1,0,1,1,0,Financial Analyst,Mechanical Engineer,Digital Marketer
89,98,67,32,99,26,47,69,1,1,1,0,1,1,0,0,0,1,Doctor,Content Writer,Financial Analyst
76,83,87,77,60,33,60,44,0,1,0,0,1,0,0,1,1,1,UX/UI Designer,Doctor,Mechanical Engineer
24,32,53,94,55,100,77,58,0,0,1,1,1,0,1,1,1,0,Doctor,Psychologist,Software Developer
73,21,40,28,67,22,85,58,0,0,1,1,0,0,0,1,1,1,Financial Analyst,Digital Marketer,Software Developer
84,63,92,22,29,43,46,99,1,1,1,1,0,0,0,1,1,0,Architect,Digital Marketer,Psychologist
51,53,88,25,41,44,27,67,0,1,1,0,1,0,0,1,1,1,Software Developer,Graphic Designer,Architect
62,86,20,87,95,49,25,90,1,0,0,0,0,1,0,1,0,0,Graphic Designer,Doctor,Data Scientist
56,53,71,52,30,29,46,66,0,0,1,1,0,0,1,1,1,0,Doctor,Graphic Designer,Lawyer
33,48,76,96,30,68,43,70,0,0,1,1,1,0,0,1,0,1,Graphic Designer,Doctor,Financial Analyst
57,47,63,61,76,39,51,43,1,1,1,0,0,0,1,0,0,1,Content Writer,Doctor,Lawyer
83,40,22,43,51,58,53,26,0,0,0,0,1,0,1,0,0,0,Graphic Designer,Marketing Manager,Architect
32,61,68,30,30,47,89,24,1,0,0,0,0,0,1,0,1,1,Architect,Digital Marketer,Civil Engineer
80,57,21,92,27,76,54,34,0,1,0,0,1,0,1,0,1,0,UX/UI Designer,Doctor,Data Scientist
27,76,87,29,96,59,46,58,1,0,0,0,0,1,0,0,0,1,Graphic Designer,Lawyer,UX/UI Designer
31,47,71,32,30,26,70,95,1,1,1,0,0,0,0,1,1,0,Architect,Mechanical Engineer,Financial Analyst
97,61,53,27,51,34,97,61,0,1,1,1,1,1,1,0,0,1,Psychologist,Civil Engineer,Teacher
31,94,77,33,20,35,76,39,0,0,0,1,0,0,0,1,1,0,Digital Marketer,Civil Engineer,Lawyer
29,69,92,62,58,64,53,51,0,0,0,1,1,0,0,0,1,1,Doctor,Marketing Manager,Content Writer
50,33,22,42,99,84,55,92,1,1,1,0,0,1,0,1,1,1,Graphic Designer,Psychologist,Mechanical Engineer
69,52,20,85,23,53,35,22,0,0,0,0,1,1,0,0,1,0,Software Developer,Content Writer,Civil Engineer
91,70,97,76,98,39,95,61,0,1,1,0,1,1,0,1,0,1,Mechanical Engineer,UX/UI Designer,Teacher
63,59,34,52,95,81,55,93,1,1,0,0,1,0,0,0,0,0,Civil Engineer,Marketing Manager,Content Writer
56,29,36,97,72,77,52,81,0,0,0,1,1,0,1,0,1,1,Financial Analyst,Marketing Manager,Architect
44,64,33,56,73,100,46,27,0,1,1,0,1,0,0,0,0,0,Psychologist,Architect,Doctor
57,81,71,50,95,63,53,72,0,1,1,1,0,0,1,0,0,1,Lawyer,Architect,Graphic Designer
26,68,83,73,56,72,31,64,1,0,1,0,1,1,1,1,0,0,Teacher,Mechanical Engineer,Architect
42,48,29,93,62,51,83,62,0,0,0,1,0,0,1,0,0,1,Mechanical Engineer,Software Developer,Marketing Manager
57,80,97,92,47,53,44,53,1,1,1,0,1,1,0,0,1,0,Data Scientist,Doctor,Psychologist
73,84,45,58,71,70,47,42,1,1,0,0,0,1,1,1,1,0,Marketing Manager,Doctor,Lawyer
86,49,46,44,27,70,25,45,1,0,1,0,1,1,1,1,0,1,Digital Marketer,Mechanical Engineer,Civil Engineer
29,49,80,94,78,70,92,32,0,0,0,1,1,0,1,0,0,0,Doctor,Digital Marketer,Data Scientist
79,63,26,73,36,36,32,40,1,0,0,0,1,1,0,1,1,1,Marketing Manager,Lawyer,UX/UI Designer
96,52,45,79,84,86,21,69,0,1,1,1,1,0,1,1,0,1,UX/UI Designer,Data Scientist,Content Writer
50,26,75,94,97,100,55,90,1,1,0,0,0,1,1,0,1,0,Civil Engineer,Psychologist,Mechanical Engineer
60,97,91,44,73,24,61,99,1,0,1,0,1,0,0,0,1,1,Architect,Marketing Manager,Mechanical Engineer
49,45,23,29,78,81,82,83,1,1,0,1,0,0,1,0,1,0,Psychologist,UX/UI Designer,Civil Engineer
99,83,43,27,53,31,66,89,1,1,1,1,1,0,1,1,1,1,Content Writer,Civil Engineer,Graphic Designer
84,59,76,45,98,30,57,86,0,1,1,1,0,0,0,0,1,0,Graphic Designer,Lawyer,Civil Engineer
41,69,53,54,80,87,84,20,0,0,0,0,1,0,1,0,0,1,Graphic Designer,Doctor,Content Writer
39,77,74,37,86,40,44,69,1,0,1,0,0,0,1,1,1,1,Architect,Data Scientist,UX/UI Designer
63,38,29,31,66,27,30,83,0,1,0,0,0,0,1,0,0,0,Graphic Designer,Data Scientist,UX/UI Designer
55,76,90,28,38,100,92,20,1,1,0,1,0,1,1,0,0,0,Teacher,Psychologist,Content Writer
67,74,39,82,80,32,36,61,1,0,0,1,0,0,0,1,0,1,Software Developer,Content Writer,Psychologist
94,56,95,74,78,22,48,59,0,1,0,1,1,0,1,0,0,1,Mechanical Engineer,Architect,UX/UI Designer
37,37,42,35,26,43,60,33,1,0,1,1,0,0,0,1,1,0,Digital Marketer,Financial Analyst,Architect
53,66,47,100,48,28,88,64,1,1,0,1,0,1,1,1,1,0,Financial Analyst,Graphic Designer,Teacher
68,66,53,34,49,51,73,28,1,1,0,1,1,0,1,0,1,1,Digital Marketer,Software Developer,Teacher
34,31,87,21,84,54,82,28,1,0,0,0,0,1,1,0,0,1,Civil Engineer,Content Writer,Doctor
86,80,89,51,50,38,36,90,1,0,1,1,1,1,0,1,0,1,Software Developer,UX/UI Designer,Mechanical Engineer
44,73,49,86,72,50,31,43,1,1,1,1,0,0,0,0,1,1,Architect,Content Writer,Doctor
31,82,93,41,75,26,58,76,0,0,1,1,0,1,0,0,1,0,Software Developer,Digital Marketer,Content Writer
87,95,43,53,98,40,53,95,0,0,1,0,1,1,0,1,1,1,Mechanical Engineer,Digital Marketer,UX/UI Designer
98,44,82,93,70,89,74,33,1,1,0,0,1,1,0,1,0,1,Digital Marketer,Lawyer,Graphic Designer
38,20,43,82,77,28,93,42,1,0,1,0,1,0,1,0,1,0,Architect,Doctor,Data Scientist
62,75,44,20,62,72,68,44,1,0,1,1,0,0,1,0,0,1,Teacher,Digital Marketer,Civil Engineer
50,78,50,35,20,60,88,91,0,1,0,0,1,0,0,1,1,0,Digital Marketer,Architect,Software Developer
95,72,26,32,27,38,46,34,1,1,0,0,1,0,1,0,0,1,Marketing Manager,Architect,Software Developer
87,48,77,77,49,29,52,99,0,0,0,1,1,0,0,1,0,0,Graphic Designer,Psychologist,Teacher
70,39,46,25,48,86,78,48,0,1,0,0,1,1,0,0,0,1,Data Scientist,Teacher,Digital Marketer
79,82,57,49,31,92,76,73,0,1,0,0,0,0,0,0,0,1,Teacher,Financial Analyst,Mechanical Engineer
24,63,41,87,96,82,57,25,0,1,0,0,1,1,1,0,0,1,Content Writer,Mechanical Engineer,Psychologist
29,54,90,30,72,84,73,20,0,1,1,0,0,0,1,0,0,1,Teacher,Architect,UX/UI Designer
81,29,87,68,33,75,65,20,0,1,0,1,1,0,1,0,1,1,Architect,Software Developer,Marketing Manager
50,70,63,88,33,35,59,28,1,1,1,0,0,1,1,0,1,0,Lawyer,Marketing Manager,Digital Marketer
68,95,21,24,43,99,51,76,1,0,1,0,0,0,1,0,1,1,Psychologist,Software Developer,Digital Marketer
30,69,86,93,54,88,32,40,1,1,1,0,0,0,1,1,0,1,Financial Analyst,Civil Engineer,Marketing Manager
51,83,48,43,91,83,86,96,0,0,1,0,0,1,1,0,0,0,Digital Marketer,Marketing Manager,UX/UI Designer
44,46,21,31,31,100,78,61,0,1,0,1,0,1,0,1,1,0,Architect,Data Scientist,Marketing Manager
32,38,76,41,24,78,47,76,1,0,1,0,1,1,0,1,1,0,Financial Analyst,Mechanical Engineer,Civil Engineer
32,22,65,48,83,89,31,50,1,0,1,1,1,1,0,0,1,1,Lawyer,Teacher,Financial Analyst
55,71,79,78,69,50,44,88,1,1,0,0,0,0,0,1,1,1,Civil Engineer,Lawyer,Psychologist
48,43,22,48,37,91,85,47,0,0,1,1,0,0,0,0,0,0,Software Developer,Architect,Financial Analyst
61,49,88,69,69,89,82,64,0,0,1,1,0,0,1,0,1,0,Content Writer,UX/UI Designer,Digital Marketer
72,74,20,63,45,99,62,53,1,0,0,1,0,0,1,1,1,0,Teacher,Lawyer,Content Writer
54,62,69,31,71,64,55,20,0,0,1,0,1,0,0,1,0,0,Psychologist,Marketing Manager,Architect
89,62,70,65,54,70,65,23,0,0,1,0,1,0,1,0,1,0,Architect,Doctor,Software Developer
28,27,90,35,72,50,31,89,1,0,1,0,1,0,1,0,1,0,Civil Engineer,UX/UI Designer,Psychologist
67,23,25,62,82,70,88,58,0,1,0,0,0,1,0,0,1,1,Lawyer,Mechanical Engineer,UX/UI Designer
52,83,86,70,61,50,81,72,0,1,0,1,0,1,1,1,0,1,Mechanical Engineer,Architect,Financial Analyst
23,57,58,24,44,50,52,67,1,1,0,0,1,1,0,1,1,1,Graphic Designer,Lawyer,Content Writer
41,44,24,78,40,75,41,46,0,1,0,1,0,0,1,1,0,0,Financial Analyst,Civil Engineer,UX/UI Designer
54,27,99,22,67,61,62,73,0,1,1,1,1,1,1,1,1,0,UX/UI Designer,Data Scientist,Doctor
77,39,62,20,30,90,79,33,1,0,0,0,0,1,0,0,0,0,Content Writer,Teacher,Digital Marketer
73,35,75,29,59,94,39,93,0,0,0,1,0,0,1,0,1,1,Graphic Designer,Financial Analyst,Teacher
79,67,100,43,94,94,53,79,1,1,1,1,1,1,0,0,0,1,Marketing Manager,Digital Marketer,Civil Engineer
54,98,52,86,34,22,81,25,0,1,1,0,0,1,1,1,1,1,Content Writer,Psychologist,Civil Engineer
60,38,39,83,88,60,44,46,1,0,0,0,1,0,0,0,0,1,Data Scientist,Marketing Manager,Psychologist
47,48,95,29,53,47,35,36,1,0,1,0,1,0,0,0,1,0,Civil Engineer,Architect,Graphic Designer
73,83,45,83,48,60,78,29,1,1,0,1,1,0,1,0,1,0,Data Scientist,Psychologist,UX/UI Designer
86,37,86,41,32,21,58,81,0,1,1,1,1,0,0,1,0,1,Mechanical Engineer,Content Writer,UX/UI Designer
54,64,63,20,90,38,39,79,0,0,1,0,1,1,1,1,0,0,Marketing Manager,Data Scientist,Mechanical Engineer
28,54,41,20,36,87,34,20,0,1,1,0,0,0,0,1,1,0,Lawyer,Mechanical Engineer,Software Developer
36,22,98,59,36,64,31,67,1,1,0,0,0,0,0,1,1,0,Architect,Financial Analyst,Psychologist
66,31,50,48,98,48,25,77,0,0,0,0,1,0,1,0,0,1,Architect,Content Writer,Psychologist
33,94,82,76,73,63,26,44,0,1,0,0,0,0,0,0,1,1,Data Scientist,Digital Marketer,Graphic Designer
51,29,36,78,62,20,94,27,0,0,1,1,0,1,0,0,1,1,Content Writer,Marketing Manager,Graphic Designer
57,53,37,44,68,49,68,25,0,1,1,1,0,0,1,0,1,1,Graphic Designer,Content Writer,UX/UI Designer
83,81,56,21,28,23,59,63,1,0,0,1,0,1,1,0,0,1,Software Developer,Doctor,Marketing Manager
99,89,64,25,55,42,51,36,0,0,1,1,0,1,1,0,1,1,Psychologist,Content Writer,Financial Analyst
55,97,93,34,89,46,67,89,0,1,0,0,0,1,1,0,1,0,Lawyer,Financial Analyst,Architect
21,49,97,59,42,70,44,88,1,0,0,0,0,1,0,1,0,0,Graphic Designer,Mechanical Engineer,Marketing Manager
52,51,38,70,29,89,61,60,0,1,0,0,1,1,1,0,0,1,Graphic Designer,Software Developer,Lawyer
57,81,95,81,66,89,72,45,0,1,0,1,1,0,0,1,1,0,Doctor,UX/UI Designer,Marketing Manager
22,72,55,66,58,46,89,32,0,0,0,1,1,0,1,1,1,1,Content Writer,Teacher,Doctor
30,64,80,94,23,97,82,94,0,1,0,1,0,0,1,0,1,0,Financial Analyst,Lawyer,Content Writer
99,55,67,41,63,67,38,99,1,0,1,1,1,1,1,1,1,0,Marketing Manager,Teacher,Lawyer
70,47,99,81,54,26,72,80,0,1,1,0,1,1,0,1,0,1,Architect,Lawyer,Content Writer
59,85,44,42,24,41,85,89,0,0,1,1,0,1,0,1,1,1,UX/UI Designer,Teacher,Mechanical Engineer
26,53,63,89,40,84,100,82,0,1,0,0,1,0,1,1,0,1,Graphic Designer,Lawyer,Architect
85,72,74,66,29,28,57,53,1,0,1,1,1,1,0,1,0,1,Architect,Psychologist,Lawyer
53,28,86,59,23,49,26,64,0,0,1,0,0,1,0,1,1,0,Teacher,Civil Engineer,Marketing Manager
21,35,84,96,100,91,67,44,0,0,0,1,1,1,0,0,1,1,Graphic Designer,Architect,Financial Analyst
20,78,67,29,90,77,34,86,0,1,1,1,0,0,0,1,1,1,Doctor,Financial Analyst,Lawyer
95,64,40,40,53,65,85,49,1,1,0,0,1,0,0,1,1,0,Marketing Manager,Psychologist,Mechanical Engineer
27,78,59,86,27,23,21,25,0,0,0,1,0,0,1,0,1,1,Software Developer,UX/UI Designer,Psychologist
44,90,24,89,60,78,34,41,0,1,0,1,0,1,0,0,1,1,Civil Engineer,Digital Marketer,Doctor
78,94,81,76,60,63,82,76,0,0,0,1,1,1,1,1,0,0,Financial Analyst,Digital Marketer,Marketing Manager
47,89,31,51,46,94,70,36,0,1,0,1,1,0,1,0,1,0,Civil Engineer,Data Scientist,UX/UI Designer
92,24,72,30,80,83,94,74,0,0,1,0,0,1,1,0,1,0,Lawyer,Psychologist,Graphic Designer
89,42,80,51,53,38,77,65,0,0,0,0,0,1,0,1,0,0,Lawyer,Content Writer,Architect
94,67,96,50,57,65,95,63,0,1,0,0,1,0,0,0,1,1,Psychologist,Mechanical Engineer,Civil Engineer
87,84,89,48,60,23,35,67,1,1,0,0,0,1,0,0,1,0,Marketing Manager,Lawyer,Software Developer
94,46,51,45,99,24,50,80,0,0,0,1,1,1,1,1,1,0,Marketing Manager,Mechanical Engineer,Architect
67,79,44,41,95,88,68,33,0,0,0,1,0,0,1,0,0,0,Software Developer,Financial Analyst,Psychologist
84,51,51,29,24,24,87,36,0,0,0,1,0,0,0,1,1,1,Doctor,Graphic Designer,Marketing Manager
74,68,29,27,82,73,99,43,0,0,1,0,1,1,0,1,1,1,Doctor,Architect,Digital Marketer
41,79,80,28,95,43,68,69,0,1,1,1,1,0,0,1,1,1,Financial Analyst,Civil Engineer,Lawyer
44,22,57,82,64,79,55,63,1,0,1,0,0,1,0,1,1,1,Doctor,Mechanical Engineer,Software Developer
21,99,67,74,79,85,79,38,0,0,0,0,0,0,1,1,1,0,Data Scientist,Digital Marketer,Software Developer
96,84,96,46,45,57,49,26,0,0,0,0,1,0,1,0,0,1,Graphic Designer,Teacher,Financial Analyst
99,41,57,34,85,30,32,81,1,1,0,0,0,1,0,0,0,0,Teacher,Software Developer,Lawyer
47,59,95,94,39,81,86,87,0,1,1,1,0,0,0,1,0,1,Doctor,Data Scientist,Lawyer
34,31,85,65,87,87,64,34,0,1,1,1,1,0,0,1,1,1,Digital Marketer,Content Writer,Mechanical Engineer
91,73,39,76,78,56,95,70,0,0,0,1,1,1,1,0,0,1,Mechanical Engineer,Financial Analyst,Software Developer
36,47,73,65,50,80,98,64,1,0,0,1,0,1,1,0,0,1,Data Scientist,Digital Marketer,Financial Analyst
56,53,22,60,41,60,34,80,0,0,1,1,0,0,1,1,0,0,Mechanical Engineer,Digital Marketer,Lawyer
98,93,93,78,32,71,24,28,0,0,0,0,1,0,1,0,1,0,Graphic Designer,Doctor,Digital Marketer
88,49,78,27,77,79,40,29,0,1,0,1,0,1,1,1,1,0,Architect,Psychologist,Data Scientist
63,72,46,61,36,43,58,23,0,1,0,0,1,1,1,0,0,0,Lawyer,Graphic Designer,UX/UI Designer
95,71,74,77,22,60,23,30,0,1,0,0,1,0,1,1,0,0,Data Scientist,Teacher,UX/UI Designer
36,25,72,100,89,67,53,60,1,0,1,0,0,0,0,0,1,0,Software Developer,Lawyer,Civil Engineer
83,78,73,37,75,99,73,88,0,1,0,0,0,0,1,0,1,0,Financial Analyst,Content Writer,Marketing Manager
34,91,85,60,38,51,81,27,0,1,1,0,1,0,1,0,1,0,Digital Marketer,Marketing Manager,Mechanical Engineer
97,23,25,32,21,79,74,90,1,0,0,1,1,1,1,0,1,0,Civil Engineer,Content Writer,Graphic Designer
61,93,98,64,84,30,57,58,1,0,0,0,0,0,0,1,1,1,Digital Marketer,Psychologist,Architect
69,49,25,51,99,80,96,90,0,1,0,0,0,1,1,1,0,0,UX/UI Designer,Mechanical Engineer,Doctor
24,77,37,53,73,39,40,97,1,0,0,1,1,1,0,1,0,1,Content Writer,Digital Marketer,Data Scientist
68,40,39,20,89,61,73,37,1,0,1,0,1,0,0,1,1,0,Digital Marketer,Data Scientist,Mechanical Engineer
91,77,92,87,21,57,30,49,1,0,1,1,1,0,1,0,0,1,Graphic Designer,Marketing Manager,Civil Engineer
49,34,82,29,92,74,64,96,0,1,0,0,0,1,1,1,0,1,Teacher,Mechanical Engineer,Digital Marketer
69,71,35,32,63,50,99,68,0,0,0,0,0,1,0,1,1,0,Marketing Manager,Lawyer,Mechanical Engineer
83,95,82,22,74,43,52,44,0,1,0,0,1,0,1,1,1,1,Civil Engineer,Financial Analyst,Doctor
79,21,37,61,50,39,93,85,1,1,1,0,1,0,1,0,1,1,Civil Engineer,Architect,Psychologist
23,36,65,55,23,96,23,47,0,1,1,0,0,1,0,1,1,1,Civil Engineer,Financial Analyst,Software Developer
52,33,68,76,59,97,78,28,0,0,1,1,1,1,1,0,1,0,Digital Marketer,Marketing Manager,Content Writer
84,38,27,80,43,73,49,79,0,0,1,1,1,1,0,0,0,1,Doctor,Mechanical Engineer,Psychologist
96,52,51,97,74,70,85,25,1,0,1,0,0,1,1,1,1,1,Architect,UX/UI Designer,Graphic Designer
45,48,98,27,83,85,82,67,1,0,1,0,0,0,0,1,1,1,Lawyer,Mechanical Engineer,Financial Analyst
73,96,76,87,62,46,29,94,0,0,1,0,0,1,0,0,1,0,Architect,Data Scientist,Software Developer
34,80,68,30,39,46,71,44,1,1,1,0,1,1,1,1,0,0,Marketing Manager,Graphic Designer,Psychologist
74,38,64,70,56,43,55,53,0,0,0,1,1,1,1,1,0,0,Digital Marketer,Civil Engineer,Graphic Designer
44,31,40,29,33,94,30,55,1,1,0,0,0,0,0,1,1,0,Architect,Civil Engineer,Doctor
85,89,96,74,96,71,52,74,1,1,0,0,0,1,1,1,1,0,Doctor,Psychologist,Mechanical Engineer
86,38,49,61,80,23,76,79,0,0,1,0,0,0,0,1,1,0,Lawyer,Software Developer,Architect
69,39,38,91,41,73,75,63,1,0,1,1,1,1,0,0,1,1,Digital Marketer,Data Scientist,Psychologist
45,90,28,43,34,66,68,38,1,0,1,0,0,0,0,1,1,1,Graphic Designer,Architect,Financial Analyst
29,37,63,89,63,35,65,66,0,0,0,0,0,0,0,0,0,1,Marketing Manager,Mechanical Engineer,Architect
77,77,89,35,59,54,76,97,0,0,0,0,0,0,1,0,1,1,Graphic Designer,UX/UI Designer,Psychologist
43,88,96,62,95,27,96,66,1,1,1,0,1,1,1,1,0,1,Mechanical Engineer,Content Writer,Lawyer
41,36,93,61,68,33,67,38,0,1,0,0,1,1,1,1,0,0,Data Scientist,Mechanical Engineer,Teacher
91,80,55,91,52,60,56,97,0,0,0,0,0,0,0,0,1,1,Content Writer,Marketing Manager,Data Scientist
91,52,82,71,61,86,49,59,0,0,0,0,0,0,0,1,0,0,Marketing Manager,Architect,UX/UI Designer
68,26,96,46,37,85,89,51,0,0,1,1,1,1,0,1,0,1,Lawyer,Software Developer,Content Writer
74,92,72,71,38,31,37,91,0,0,0,0,1,1,0,1,0,0,Content Writer,Marketing Manager,Software Developer
47,57,66,93,55,77,28,74,1,0,1,1,0,1,0,1,0,1,Graphic Designer,Architect,Financial Analyst
45,38,74,61,45,42,54,69,0,0,0,1,1,0,1,1,1,0,Lawyer,Digital Marketer,UX/UI Designer
88,43,98,51,75,90,34,93,1,1,1,0,0,1,0,1,0,1,Financial Analyst,Lawyer,Mechanical Engineer
40,83,70,62,41,37,96,87,0,1,1,1,0,0,0,0,0,1,Psychologist,Financial Analyst,Civil Engineer
83,75,53,94,25,38,61,87,0,1,0,0,0,0,1,0,1,0,Content Writer,Marketing Manager,Psychologist
72,90,85,85,31,88,75,85,1,1,1,0,1,1,1,1,1,1,UX/UI Designer,Financial Analyst,Teacher
98,53,82,90,43,65,20,52,1,0,1,0,0,1,0,1,0,1,Psychologist,Graphic Designer,Marketing Manager
92,61,98,29,64,76,54,75,0,1,1,0,1,1,1,0,0,0,Digital Marketer,Civil Engineer,UX/UI Designer
36,67,82,88,69,55,72,56,1,0,0,0,0,0,1,0,0,0,Psychologist,Architect,Graphic Designer
94,76,41,35,100,56,58,75,1,1,1,0,1,1,1,1,0,1,Data Scientist,Doctor,Financial Analyst
49,34,29,20,28,28,89,46,1,1,0,1,1,1,0,1,0,1,UX/UI Designer,Lawyer,Marketing Manager
59,31,75,35,40,71,57,92,1,0,1,0,1,0,0,0,1,1,Lawyer,Data Scientist,Financial Analyst
79,24,77,54,98,26,63,34,0,0,1,1,0,1,1,0,1,1,UX/UI Designer,Lawyer,Psychologist
23,46,40,31,68,96,62,22,0,1,0,0,1,1,0,0,1,1,Data Scientist,Teacher,Digital Marketer
60,77,83,65,32,81,96,85,0,1,0,1,0,0,1,0,0,1,Marketing Manager,UX/UI Designer,Teacher
65,34,91,89,78,96,55,38,1,1,0,1,1,1,0,1,0,0,Architect,Graphic Designer,Financial Analyst
89,32,22,98,92,24,42,51,0,1,0,1,1,1,0,0,0,1,Software Developer,Psychologist,Doctor
32,86,75,93,21,98,43,80,1,1,1,0,0,1,0,1,1,1,Graphic Designer,Civil Engineer,Content Writer
22,30,79,55,81,33,64,93,1,1,1,1,0,1,1,0,0,0,Teacher,Content Writer,Mechanical Engineer
23,48,76,31,72,25,37,51,1,1,0,1,0,1,1,1,1,1,Doctor,Mechanical Engineer,Marketing Manager
64,28,42,56,40,95,79,78,0,0,0,1,0,0,0,1,0,0,Graphic Designer,Content Writer,Doctor
27,41,81,90,91,24,39,47,1,0,0,1,0,1,1,0,0,1,Content Writer,Architect,Civil Engineer
74,57,87,28,88,76,42,34,1,0,1,0,0,0,1,0,1,1,Data Scientist,Digital Marketer,Doctor
27,38,99,44,37,32,66,48,1,0,0,1,1,0,1,0,0,0,Content Writer,Data Scientist,Psychologist
80,46,34,27,20,35,91,36,1,0,1,0,0,1,1,1,0,0,Marketing Manager,Teacher,Financial Analyst
80,97,64,68,45,84,48,65,0,0,0,0,0,0,1,0,1,0,Software Developer,Mechanical Engineer,Psychologist
23,63,91,69,81,27,52,82,0,0,0,0,1,0,0,1,0,1,Graphic Designer,Mechanical Engineer,UX/UI Designer
46,76,93,51,54,64,85,87,1,0,1,0,0,1,1,1,0,0,Doctor,UX/UI Designer,Digital Marketer
69,89,77,35,64,55,45,74,1,1,0,1,0,0,1,1,1,1,Data Scientist,Architect,Civil Engineer
92,72,73,53,99,59,27,66,1,0,0,1,1,1,0,1,0,0,UX/UI Designer,Psychologist,Lawyer
24,55,85,29,74,46,36,33,1,0,0,1,1,1,1,0,1,0,Doctor,Mechanical Engineer,Financial Analyst
37,29,40,94,50,25,81,55,1,1,0,0,1,1,1,1,1,0,Lawyer,Architect,Doctor
89,72,87,80,41,27,35,60,0,1,1,0,0,0,1,1,1,0,Content Writer,UX/UI Designer,Digital Marketer
65,31,90,72,83,26,34,79,0,1,0,0,0,1,1,1,1,0,Data Scientist,Software Developer,Digital Marketer
79,61,57,76,53,100,70,52,0,1,0,1,1,0,1,1,1,1,Financial Analyst,Graphic Designer,Lawyer
23,71,21,27,94,74,46,63,1,1,1,0,1,1,0,0,0,0,Lawyer,Content Writer,Teacher
91,62,41,46,22,32,77,55,1,1,0,0,0,0,0,1,1,1,Teacher,Graphic Designer,UX/UI Designer
86,93,50,75,43,38,38,29,1,1,1,0,0,0,0,1,1,1,Mechanical Engineer,Marketing Manager,Graphic Designer
82,94,80,80,55,50,93,88,0,0,0,0,0,0,1,0,1,0,Graphic Designer,Teacher,Architect
84,52,48,45,44,74,61,99,1,0,0,0,0,0,1,0,1,1,Digital Marketer,Civil Engineer,Lawyer
86,73,98,98,55,98,46,58,1,1,1,0,0,0,0,1,1,1,Mechanical Engineer,Marketing Manager,Psychologist
30,54,75,45,43,52,62,77,1,0,1,1,1,0,1,0,1,0,Digital Marketer,Civil Engineer,Financial Analyst
84,76,60,52,39,52,51,21,0,0,0,1,1,0,0,0,1,0,Graphic Designer,Mechanical Engineer,Architect
27,66,86,61,42,24,36,29,0,0,1,0,1,0,0,0,1,0,Digital Marketer,Financial Analyst,Mechanical Engineer
39,63,35,83,20,48,73,56,1,0,0,1,0,0,1,1,1,0,Content Writer,Mechanical Engineer,UX/UI Designer
95,80,23,33,92,28,28,49,0,0,1,0,1,1,1,0,0,0,Teacher,Doctor,Marketing Manager
55,29,21,34,96,45,47,97,0,1,0,1,1,0,0,1,0,1,Content Writer,Financial Analyst,Doctor
92,65,81,78,29,96,98,97,1,0,0,0,1,1,0,1,1,1,Mechanical Engineer,Lawyer,Financial Analyst
55,24,88,52,73,95,73,45,0,1,1,1,0,1,0,1,0,1,Civil Engineer,Data Scientist,Psychologist
30,95,87,73,38,95,94,77,0,0,1,1,1,1,1,0,0,1,Graphic Designer,Software Developer,Teacher
43,50,78,37,65,41,95,56,0,1,0,0,1,0,1,0,0,0,Teacher,Doctor,Civil Engineer
73,69,84,38,45,77,88,38,1,0,1,1,0,0,0,0,1,1,Psychologist,Civil Engineer,Architect
63,45,52,98,91,20,43,50,1,0,1,0,1,0,1,0,0,1,UX/UI Designer,Mechanical Engineer,Content Writer
95,77,96,67,60,92,54,54,0,0,1,1,0,0,1,0,0,1,Mechanical Engineer,Lawyer,Civil Engineer
84,54,100,95,45,67,90,78,1,0,0,0,1,0,0,1,0,1,Marketing Manager,Content Writer,Mechanical Engineer
25,86,100,27,36,60,21,52,1,1,1,0,0,0,1,1,1,0,UX/UI Designer,Civil Engineer,Teacher
30,79,23,38,40,55,22,46,1,0,1,1,1,1,1,0,1,0,Doctor,Graphic Designer,Financial Analyst
36,40,68,37,79,57,44,37,0,0,1,1,0,1,1,0,0,0,Lawyer,Marketing Manager,Financial Analyst
90,23,71,61,37,59,31,45,1,0,1,0,0,1,1,1,0,1,Digital Marketer,Content Writer,Lawyer
44,97,94,40,57,95,23,67,0,0,0,1,0,1,0,1,0,1,Digital Marketer,Content Writer,Teacher
55,81,44,39,21,92,47,50,1,1,0,1,1,0,0,0,0,0,Civil Engineer,Software Developer,Psychologist
78,91,72,92,73,33,76,56,0,0,1,1,1,0,1,0,1,0,UX/UI Designer,Architect,Doctor
68,76,56,59,44,51,24,94,1,1,1,1,1,1,1,1,0,0,Civil Engineer,Data Scientist,Doctor
97,41,79,25,71,40,21,70,0,1,0,0,0,1,1,0,1,1,Civil Engineer,Mechanical Engineer,Architect
68,24,88,76,93,68,94,29,1,1,1,0,1,1,0,0,0,0,Civil Engineer,Psychologist,Architect
52,31,20,21,100,65,45,93,0,1,1,1,1,0,1,1,0,1,Content Writer,UX/UI Designer,Marketing Manager
52,99,81,57,52,82,89,66,0,0,1,1,1,0,0,1,1,1,Marketing Manager,Architect,Mechanical Engineer
30,85,98,44,24,55,22,100,1,1,0,1,0,0,0,1,1,0,Marketing Manager,Software Developer,Data Scientist
42,86,63,51,28,69,22,76,0,1,1,1,1,0,0,1,0,1,Civil Engineer,Marketing Manager,Financial Analyst
89,21,54,45,39,77,93,37,1,0,0,1,0,1,0,1,1,1,Doctor,Financial Analyst,Mechanical Engineer
44,59,33,60,60,35,50,54,0,0,0,0,0,1,0,1,0,0,Graphic Designer,Lawyer,Software Developer
31,41,83,87,94,80,99,78,1,1,1,1,1,0,0,0,0,0,UX/UI Designer,Content Writer,Psychologist
81,80,74,21,29,40,70,55,1,1,1,1,1,1,1,1,1,0,Digital Marketer,Architect,Psychologist
32,50,70,100,63,72,74,58,1,0,1,1,1,0,0,1,0,1,Architect,Civil Engineer,UX/UI Designer
38,73,80,45,48,76,70,45,0,0,1,0,0,0,0,0,0,1,Marketing Manager,Data Scientist,Financial Analyst
37,85,93,28,24,77,56,50,0,0,1,0,1,1,0,1,0,0,Architect,Mechanical Engineer,Psychologist
44,67,85,62,62,38,54,73,0,1,1,0,1,1,1,1,1,0,UX/UI Designer,Software Developer,Architect
41,100,33,37,86,63,42,31,1,1,0,0,0,0,0,0,1,0,Marketing Manager,Lawyer,Content Writer
44,24,91,85,98,88,57,60,1,1,1,1,1,1,1,0,0,0,Teacher,Financial Analyst,Psychologist
69,23,80,100,81,41,47,33,0,0,1,0,1,1,1,0,0,0,Lawyer,Marketing Manager,Financial Analyst
83,36,76,34,72,62,34,59,0,1,0,1,0,1,1,0,0,1,Lawyer,Civil Engineer,Graphic Designer
50,96,24,33,44,81,44,97,0,1,1,0,0,1,1,0,0,1,Software Developer,Graphic Designer,Data Scientist
54,81,44,37,56,93,53,54,1,0,1,1,0,1,0,0,0,1,Digital Marketer,Teacher,Psychologist
86,34,63,47,20,24,56,73,1,1,1,0,1,1,1,1,1,1,Digital Marketer,Teacher,Software Developer
46,27,38,34,22,33,100,97,0,1,1,0,0,1,1,1,0,0,Software Developer,Architect,Psychologist
70,73,33,94,55,69,79,70,0,1,1,0,0,1,1,1,0,1,Software Developer,Architect,Mechanical Engineer
82,57,63,30,52,64,72,73,1,1,0,0,1,0,0,0,0,1,Software Developer,Marketing Manager,Digital Marketer
76,95,62,38,95,44,27,23,1,0,1,0,1,1,0,0,1,0,Teacher,Civil Engineer,Mechanical Engineer
35,45,67,36,33,61,39,44,1,0,0,1,1,0,0,1,0,1,Data Scientist,Content Writer,Civil Engineer
80,66,60,73,48,89,45,79,0,0,1,0,1,0,0,1,1,1,Mechanical Engineer,Psychologist,Software Developer
63,28,32,79,64,39,56,45,0,0,1,1,1,1,0,1,1,1,UX/UI Designer,Teacher,Lawyer
60,23,36,27,30,25,92,93,1,0,1,0,0,1,1,1,1,1,Teacher,Lawyer,Doctor
82,48,81,24,100,90,75,49,1,1,1,0,0,0,1,1,0,0,Lawyer,Software Developer,Content Writer
48,72,60,43,35,82,58,30,0,0,1,1,1,1,0,0,0,1,Graphic Designer,Software Developer,Lawyer
51,66,63,76,25,34,53,92,1,0,1,0,0,1,0,0,0,1,Marketing Manager,Software Developer,Lawyer
56,45,36,33,65,37,76,38,0,0,0,0,0,0,1,0,0,0,Graphic Designer,Architect,Doctor
68,89,49,32,78,59,48,40,1,1,0,0,1,1,1,0,1,1,Software Developer,Teacher,Doctor
35,78,59,34,25,87,49,79,0,1,0,1,1,1,1,0,0,1,Lawyer,Data Scientist,Psychologist
62,60,59,87,60,24,99,97,1,1,0,1,0,0,1,0,0,0,Data Scientist,Psychologist,Lawyer
37,95,56,83,49,43,51,38,0,0,0,0,1,1,1,0,0,0,Content Writer,Psychologist,Architect
84,49,62,47,86,58,20,28,1,1,1,0,0,1,0,1,0,1,Content Writer,Mechanical Engineer,UX/UI Designer
87,60,22,76,68,48,36,46,1,1,1,0,0,0,1,1,1,1,Content Writer,Architect,Graphic Designer
40,41,47,67,31,51,25,100,0,0,0,0,1,1,1,1,0,0,Lawyer,Civil Engineer,Financial Analyst
39,57,42,50,49,81,62,82,1,1,1,0,1,0,0,1,0,0,Lawyer,Mechanical Engineer,Data Scientist
51,89,20,67,26,84,80,51,0,0,0,1,0,0,1,0,1,0,Marketing Manager,Graphic Designer,Teacher
96,88,94,70,62,91,47,72,1,1,0,0,1,1,1,0,1,1,Psychologist,Architect,Data Scientist
49,63,55,82,74,29,27,25,0,0,1,0,1,0,0,0,1,1,Software Developer,Financial Analyst,Content Writer
85,96,69,63,83,24,62,56,0,0,1,0,0,1,1,0,0,1,Lawyer,Data Scientist,Psychologist
88,20,72,58,39,47,82,31,0,1,0,0,0,0,0,1,0,0,Digital Marketer,Data Scientist,Lawyer
86,54,64,63,83,86,68,86,1,1,1,1,1,1,1,0,1,0,Lawyer,Psychologist,Digital Marketer
24,97,65,30,67,99,27,23,0,1,0,0,0,1,0,1,1,0,Marketing Manager,Lawyer,Financial Analyst
33,64,48,93,61,90,98,42,1,1,1,1,0,0,0,1,1,1,Teacher,Doctor,Graphic Designer
74,66,27,43,70,92,36,34,0,1,1,0,1,0,0,1,0,0,Financial Analyst,Content Writer,Data Scientist
79,54,29,62,68,87,94,51,1,1,1,1,0,0,0,1,0,0,UX/UI Designer,Doctor,Civil Engineer
61,50,51,100,72,83,30,86,1,1,1,0,0,1,0,1,0,1,Financial Analyst,UX/UI Designer,Graphic Designer
94,20,55,48,91,93,89,92,1,1,0,1,0,1,1,1,1,0,Financial Analyst,Psychologist,Content Writer
23,74,33,33,37,93,94,32,0,0,1,0,1,1,0,1,0,1,Graphic Designer,Mechanical Engineer,UX/UI Designer
62,87,22,82,43,85,80,78,0,1,0,1,0,1,0,1,1,0,Data Scientist,Software Developer,Marketing Manager
48,100,37,60,100,38,55,63,1,1,0,1,1,1,0,1,1,0,Marketing Manager,Financial Analyst,Civil Engineer
52,33,48,95,72,71,45,63,1,1,1,1,0,0,0,1,1,1,Marketing Manager,Mechanical Engineer,Architect
22,47,44,84,82,89,61,46,1,0,1,1,1,0,1,0,1,0,Psychologist,Content Writer,Software Developer
43,72,78,57,58,74,41,37,0,1,0,1,0,1,0,1,0,0,Architect,Civil Engineer,Content Writer
53,77,59,55,27,99,25,30,0,1,1,0,1,1,0,1,1,1,Marketing Manager,Teacher,Financial Analyst
52,20,21,23,24,22,69,65,1,1,1,0,1,1,1,0,1,1,Data Scientist,Content Writer,Software Developer
96,62,44,53,57,47,23,55,0,0,0,0,1,1,1,1,0,1,Content Writer,UX/UI Designer,Financial Analyst
46,31,88,69,76,77,20,87,1,0,0,1,1,0,0,0,1,1,Marketing Manager,Teacher,Mechanical Engineer
53,58,31,95,39,58,92,54,0,1,0,0,0,1,1,0,1,1,Lawyer,Civil Engineer,Data Scientist
82,40,47,55,44,21,73,77,1,1,0,0,1,1,0,0,0,1,Graphic Designer,Mechanical Engineer,Civil Engineer
72,58,48,63,88,91,52,57,0,0,1,1,1,1,1,1,0,1,Mechanical Engineer,Doctor,Data Scientist
37,69,99,38,66,78,71,66,1,1,1,0,0,1,0,0,1,1,Software Developer,Doctor,Content Writer
99,20,65,41,27,39,41,45,1,1,0,1,1,1,0,1,0,0,Graphic Designer,Teacher,Civil Engineer
28,87,60,37,36,23,60,35,1,0,1,1,0,1,1,1,0,1,Doctor,Teacher,Mechanical Engineer
49,23,96,81,64,95,32,61,0,1,0,1,0,0,1,0,1,1,Architect,Software Developer,Lawyer
49,77,22,89,35,82,31,59,1,0,0,1,0,1,1,1,0,1,UX/UI Designer,Graphic Designer,Teacher
42,67,35,52,62,100,43,93,0,0,1,1,1,0,0,0,1,0,Doctor,UX/UI Designer,Marketing Manager
54,46,98,48,66,49,96,72,0,0,1,0,0,1,1,0,0,0,Mechanical Engineer,Lawyer,Financial Analyst
23,62,87,40,60,43,77,74,0,1,0,1,1,0,1,0,1,0,Psychologist,Software Developer,Teacher
42,93,53,41,99,44,77,57,1,0,1,0,0,1,1,1,0,0,Software Developer,Financial Analyst,Mechanical Engineer
62,98,83,92,61,21,88,44,1,1,1,0,0,1,1,1,1,0,Doctor,UX/UI Designer,Lawyer
51,41,98,98,100,23,93,91,0,1,0,1,1,1,0,1,1,0,UX/UI Designer,Psychologist,Content Writer
23,21,99,35,63,95,80,37,0,1,1,0,1,1,0,1,0,1,Doctor,Teacher,Mechanical Engineer
40,98,63,38,53,80,72,99,1,1,1,0,1,0,1,0,0,1,Doctor,Content Writer,Graphic Designer
59,45,49,41,77,90,53,46,1,0,0,0,0,1,0,1,1,1,Teacher,Financial Analyst,Graphic Designer
89,73,75,32,47,35,99,93,0,1,0,0,1,1,1,0,1,1,Data Scientist,Lawyer,Psychologist
80,62,34,70,51,38,93,58,1,1,0,1,1,1,1,1,0,0,Psychologist,Lawyer,Software Developer
47,67,63,57,54,33,38,90,1,1,0,0,1,0,1,0,1,1,UX/UI Designer,Mechanical Engineer,Teacher
72,23,59,70,32,56,58,91,0,1,1,1,1,0,0,0,1,0,Digital Marketer,Marketing Manager,Civil Engineer
52,84,57,33,53,29,73,76,1,1,0,1,0,0,1,1,1,1,Architect,Graphic Designer,Data Scientist
72,68,46,62,25,85,36,54,0,0,0,1,0,0,0,0,1,0,Teacher,Content Writer,Doctor
40,70,58,59,68,57,91,49,0,1,1,0,0,0,1,1,1,1,Architect,Financial Analyst,Mechanical Engineer
28,64,97,77,34,79,27,21,1,1,0,1,1,0,0,1,0,1,Data Scientist,Architect,UX/UI Designer
62,21,71,69,58,92,69,63,1,0,0,1,1,0,1,0,0,1,Digital Marketer,Architect,Content Writer
25,92,36,59,49,58,86,66,1,0,0,1,0,0,1,0,1,0,Graphic Designer,Content Writer,Mechanical Engineer
92,93,86,33,80,100,89,33,1,0,1,0,1,0,0,1,0,1,Graphic Designer,Doctor,Digital Marketer
94,80,54,27,36,82,30,64,0,0,1,1,0,1,1,1,1,1,Marketing Manager,Content Writer,Software Developer
63,71,47,88,90,49,34,90,0,0,1,0,1,1,1,1,0,0,Graphic Designer,Psychologist,Mechanical Engineer
64,92,28,32,80,29,22,25,1,1,1,1,0,0,0,0,0,1,Civil Engineer,Doctor,Lawyer
84,55,21,44,80,70,83,66,1,1,1,1,0,0,0,1,0,1,Software Developer,UX/UI Designer,Civil Engineer
64,93,26,84,94,20,28,30,0,1,1,0,1,1,1,1,1,0,Digital Marketer,UX/UI Designer,Mechanical Engineer
100,78,36,24,97,61,24,93,0,0,0,1,0,1,1,1,1,0,Software Developer,Digital Marketer,Graphic Designer
94,57,76,58,77,95,32,66,1,1,1,0,1,1,0,0,0,1,Lawyer,Digital Marketer,Marketing Manager
71,96,60,92,37,38,24,46,1,0,0,1,1,0,0,0,1,1,UX/UI Designer,Civil Engineer,Content Writer
92,95,77,49,44,82,62,47,0,1,1,1,1,0,1,0,1,0,Civil Engineer,Financial Analyst,Architect
100,77,41,92,40,20,92,82,0,0,0,1,0,1,1,0,0,0,Teacher,Digital Marketer,Marketing Manager
47,56,59,64,80,76,70,79,1,1,0,1,0,0,1,1,0,1,Teacher,Psychologist,Architect
67,42,99,56,55,70,78,43,0,0,1,1,1,1,1,1,0,0,Financial Analyst,Mechanical Engineer,Content Writer
88,66,66,41,22,45,91,21,1,1,1,0,0,0,1,1,1,1,UX/UI Designer,Marketing Manager,Mechanical Engineer
36,88,95,93,88,38,23,22,1,1,0,1,0,0,1,0,0,0,Digital Marketer,Civil Engineer,Lawyer
99,38,99,91,62,57,71,34,0,0,0,0,0,1,1,1,1,0,Graphic Designer,Mechanical Engineer,UX/UI Designer
20,84,49,70,33,76,31,29,0,1,0,0,1,1,0,0,0,1,Graphic Designer,Doctor,Lawyer
79,84,69,78,100,48,41,68,1,1,1,0,1,0,0,1,0,0,Data Scientist,Mechanical Engineer,Teacher
75,61,100,97,47,85,90,77,0,0,1,0,1,0,1,1,0,1,Marketing Manager,Civil Engineer,Architect
90,48,22,66,77,87,58,80,0,1,1,1,1,1,1,0,0,0,Software Developer,Civil Engineer,Mechanical Engineer
80,99,44,32,59,23,76,51,1,0,0,0,0,0,1,1,0,0,Teacher,Lawyer,Software Developer
20,26,95,28,30,65,90,21,1,0,1,0,0,0,1,0,1,1,Teacher,Architect,Financial Analyst
100,60,73,84,80,28,77,39,0,1,1,1,1,0,0,1,1,0,Financial Analyst,Data Scientist,Software Developer
30,52,50,87,53,55,92,77,0,0,1,0,0,0,1,1,0,1,Doctor,Psychologist,Software Developer
59,44,80,93,100,80,24,44,1,1,1,1,1,1,1,0,0,0,Marketing Manager,Financial Analyst,Civil Engineer
23,78,72,91,67,93,63,22,0,0,1,1,1,0,1,1,1,1,Architect,Data Scientist,Software Developer
47,90,91,41,42,41,27,76,1,1,0,1,1,0,1,0,1,0,Marketing Manager,Data Scientist,UX/UI Designer
99,36,94,55,20,41,52,42,1,0,0,0,1,0,1,1,1,0,Architect,Teacher,Marketing Manager
39,65,30,30,61,44,37,32,0,0,0,0,1,0,1,0,1,1,Psychologist,Teacher,UX/UI Designer
44,39,100,67,38,23,70,89,1,0,1,0,1,1,0,1,0,0,Content Writer,Civil Engineer,Doctor
50,96,26,69,70,76,25,67,1,1,1,1,0,1,1,1,1,0,Lawyer,Data Scientist,Content Writer
28,47,52,64,98,36,20,81,1,0,0,1,1,1,0,0,0,1,Content Writer,Financial Analyst,Marketing Manager
72,78,27,93,51,32,49,46,0,0,0,1,1,1,1,0,1,0,Lawyer,Civil Engineer,Architect
26,39,44,96,57,49,90,67,1,0,0,0,1,0,1,1,1,1,Doctor,Lawyer,Mechanical Engineer
87,95,68,26,76,88,49,43,0,0,0,0,1,1,0,1,1,0,Architect,Lawyer,Graphic Designer
88,27,28,74,26,99,32,46,0,1,1,0,1,0,0,0,1,1,Architect,Financial Analyst,Civil Engineer
95,42,90,100,44,70,61,72,0,0,0,1,1,0,1,0,1,1,Mechanical Engineer,Digital Marketer,Lawyer
86,22,94,83,91,75,52,93,1,0,0,1,0,1,1,0,0,1,Mechanical Engineer,Digital Marketer,Lawyer
52,93,25,23,63,71,58,56,0,0,0,0,0,1,1,1,1,0,Civil Engineer,Data Scientist,Mechanical Engineer
94,45,26,91,87,87,35,99,0,1,1,1,0,1,1,1,0,1,Architect,Lawyer,Doctor
28,58,34,46,22,49,93,49,1,1,1,1,0,1,1,1,0,1,Digital Marketer,Data Scientist,UX/UI Designer
93,43,70,53,47,28,89,41,0,0,1,1,1,0,0,1,1,0,Content Writer,Civil Engineer,Lawyer
62,58,67,89,76,90,33,97,1,0,0,0,0,1,1,1,0,0,Psychologist,Software Developer,Content Writer
98,98,94,94,71,93,25,67,1,0,1,1,0,0,0,0,0,0,Lawyer,Psychologist,Financial Analyst
36,50,83,28,93,96,79,62,1,0,1,1,1,1,1,0,0,1,Content Writer,Financial Analyst,Doctor
24,82,30,34,35,35,87,69,0,1,0,1,1,0,1,0,0,0,Content Writer,Architect,Lawyer
44,20,62,96,83,52,98,96,0,0,0,0,0,1,1,1,1,1,UX/UI Designer,Financial Analyst,Software Developer
75,87,81,68,82,85,28,55,1,0,1,0,0,0,1,1,1,1,Psychologist,UX/UI Designer,Doctor
27,91,23,34,23,29,35,82,0,0,0,1,0,0,1,0,1,0,Lawyer,Software Developer,Marketing Manager
81,97,68,97,49,87,23,92,1,0,1,0,0,1,0,0,1,1,Teacher,Lawyer,Mechanical Engineer
97,38,83,34,22,51,30,21,1,1,1,0,1,0,0,0,0,0,Digital Marketer,Software Developer,Psychologist
64,31,85,53,44,24,48,57,0,0,0,1,1,1,0,1,0,1,Lawyer,Data Scientist,Architect
60,72,42,23,77,99,33,100,1,1,1,0,0,0,1,1,1,0,Data Scientist,Marketing Manager,Psychologist
51,74,57,84,52,85,85,90,0,1,1,1,1,0,1,1,1,1,Digital Marketer,Architect,Marketing Manager
28,21,36,31,77,74,52,84,1,1,1,1,0,1,0,0,0,0,Content Writer,Doctor,Teacher
36,100,45,23,71,20,22,20,1,0,0,0,0,1,1,1,1,0,Psychologist,Data Scientist,Civil Engineer
45,51,100,56,47,35,62,78,1,0,0,0,1,0,1,1,0,1,Marketing Manager,Architect,Financial Analyst
45,99,28,41,97,62,28,64,1,1,1,1,0,1,0,0,1,1,Data Scientist,Content Writer,Civil Engineer
51,41,40,55,56,65,35,54,1,0,0,0,0,1,0,1,0,0,Civil Engineer,UX/UI Designer,Psychologist
97,70,84,29,27,25,32,95,0,1,0,1,0,0,1,0,0,1,UX/UI Designer,Data Scientist,Graphic Designer
49,95,24,37,65,75,53,23,1,1,0,0,0,1,1,0,1,1,Lawyer,Content Writer,Software Developer
69,22,39,36,37,89,50,77,0,1,0,0,0,1,0,1,1,0,Marketing Manager,Lawyer,UX/UI Designer
82,57,40,74,61,22,34,56,1,1,1,1,1,0,1,1,1,0,Content Writer,Psychologist,Teacher
79,90,26,42,80,37,48,46,1,0,1,1,1,1,0,0,1,1,Data Scientist,Graphic Designer,Software Developer
58,64,79,76,89,37,58,44,0,0,0,1,1,1,0,1,0,1,Doctor,Graphic Designer,Civil Engineer
78,97,61,40,29,33,46,88,1,0,0,0,0,1,0,0,0,1,Mechanical Engineer,Doctor,Software Developer
58,46,38,29,57,92,93,91,0,0,1,0,0,1,1,1,1,1,Data Scientist,Content Writer,Lawyer
26,26,32,90,65,72,26,85,0,1,0,0,0,1,0,0,1,1,Psychologist,UX/UI Designer,Content Writer
89,69,63,22,93,26,47,51,0,0,1,1,0,1,1,1,1,1,Lawyer,Marketing Manager,Architect
45,89,56,36,95,71,71,90,0,1,0,1,1,0,1,0,0,1,Marketing Manager,Software Developer,Content Writer
34,78,86,87,24,55,95,57,1,0,0,0,1,0,1,1,0,1,Digital Marketer,Doctor,Mechanical Engineer
33,100,42,49,100,83,34,53,1,0,1,1,1,0,0,0,1,0,Software Developer,Digital Marketer,Psychologist
68,51,27,60,46,54,65,92,1,0,0,1,1,1,0,0,1,1,Software Developer,Marketing Manager,Data Scientist
92,57,28,84,64,83,30,69,1,1,1,0,0,0,0,1,1,0,Architect,Financial Analyst,Mechanical Engineer
77,22,46,81,89,66,84,77,1,0,0,0,0,1,0,1,1,0,Data Scientist,Marketing Manager,Teacher
62,57,79,63,62,29,52,72,1,0,0,0,1,0,1,1,0,0,Lawyer,Financial Analyst,Teacher
55,63,31,92,87,80,80,92,1,1,0,0,0,0,0,1,1,1,Graphic Designer,Mechanical Engineer,Teacher
89,35,85,85,84,81,35,35,1,0,0,1,1,0,1,1,0,0,Doctor,Lawyer,Civil Engineer
74,41,84,37,69,76,40,95,0,1,0,0,0,1,0,0,0,0,Data Scientist,Content Writer,Architect
30,64,56,34,65,42,56,33,0,0,1,0,0,0,1,1,0,0,Lawyer,UX/UI Designer,Data Scientist
46,99,71,38,23,77,98,29,1,1,0,1,1,1,1,0,0,1,Marketing Manager,Psychologist,Civil Engineer
37,62,23,41,92,60,96,99,0,1,1,1,0,0,1,0,0,0,Doctor,Software Developer,Content Writer
52,25,27,45,39,35,65,81,1,1,1,0,0,1,0,1,1,1,UX/UI Designer,Civil Engineer,Digital Marketer
78,31,42,96,97,62,47,39,1,1,0,0,1,0,1,0,1,1,Software Developer,Doctor,Civil Engineer
89,80,99,62,55,95,42,75,0,0,1,0,0,1,0,1,1,1,UX/UI Designer,Software Developer,Architect
78,36,88,33,28,52,39,59,1,0,0,0,0,0,1,1,1,1,Doctor,Graphic Designer,Lawyer
58,57,69,27,73,68,76,40,1,1,1,0,0,1,1,0,0,0,Graphic Designer,UX/UI Designer,Teacher
61,76,52,46,67,85,61,70,1,1,0,1,1,0,0,0,0,1,Teacher,Architect,Digital Marketer
28,95,44,42,55,69,100,63,0,0,1,0,1,0,1,1,1,0,Digital Marketer,Psychologist,Mechanical Engineer
49,73,33,43,52,60,72,31,1,1,1,1,0,1,0,0,1,0,UX/UI Designer,Content Writer,Psychologist
52,78,44,37,34,49,35,83,0,0,1,0,0,0,1,0,0,1,UX/UI Designer,Marketing Manager,Architect
21,71,55,96,79,99,29,45,1,1,1,1,0,0,0,0,1,0,Data Scientist,UX/UI Designer,Marketing Manager
56,88,68,63,30,100,42,44,1,0,0,1,0,1,0,0,0,0,Architect,UX/UI Designer,Marketing Manager
53,67,58,89,75,73,29,68,1,1,0,0,1,1,0,0,1,1,Data Scientist,Digital Marketer,Architect
70,86,43,32,29,65,34,47,1,0,0,0,0,0,1,1,1,0,Content Writer,Doctor,Graphic Designer
64,81,43,26,37,77,45,87,1,1,0,0,1,0,0,1,1,0,Doctor,Marketing Manager,Financial Analyst
100,53,74,62,52,41,56,92,0,0,0,0,0,1,1,1,0,1,Graphic Designer,Software Developer,Architect
81,53,49,37,63,60,49,34,1,0,1,0,1,1,1,0,0,0,Doctor,Digital Marketer,Lawyer
98,47,47,50,52,20,56,100,1,1,1,1,0,1,0,1,1,1,Mechanical Engineer,UX/UI Designer,Civil Engineer
83,73,94,56,84,69,43,23,1,1,1,1,0,0,0,1,0,0,Software Developer,Teacher,Psychologist
22,28,36,21,31,90,70,62,0,1,0,0,1,0,1,0,0,1,Architect,Financial Analyst,Digital Marketer
25,55,89,78,100,76,94,55,1,0,0,1,1,1,1,0,1,1,UX/UI Designer,Doctor,Psychologist
48,35,52,33,47,97,45,77,0,0,1,1,1,0,1,0,1,1,Mechanical Engineer,Data Scientist,Content Writer
66,42,82,44,66,95,24,71,1,1,1,0,1,1,1,0,0,1,Data Scientist,Civil Engineer,Architect
58,100,54,76,48,83,74,31,0,0,0,1,0,1,0,1,0,0,Teacher,Software Developer,Civil Engineer
75,58,52,59,40,71,49,47,0,1,1,1,0,0,0,0,0,1,Doctor,Software Developer,Digital Marketer
62,100,20,31,86,83,57,100,0,1,1,0,0,1,0,1,0,0,Psychologist,Teacher,Mechanical Engineer
79,78,67,54,84,77,95,43,0,1,0,1,0,0,0,1,0,0,UX/UI Designer,Data Scientist,Teacher
33,56,35,91,49,48,43,77,0,1,0,0,0,0,1,1,0,0,Teacher,Software Developer,Graphic Designer
34,98,55,40,26,84,41,31,0,0,0,0,0,1,0,1,0,1,Content Writer,Civil Engineer,Marketing Manager
41,86,30,57,76,68,27,68,1,0,1,1,0,0,0,0,1,0,Content Writer,UX/UI Designer,Architect
50,60,52,96,70,22,66,84,1,1,1,1,1,1,1,1,1,0,Digital Marketer,Graphic Designer,Teacher
41,64,43,58,60,82,72,61,1,1,1,1,0,0,1,0,0,0,Teacher,Content Writer,UX/UI Designer
79,41,61,86,99,79,30,59,1,0,1,0,0,0,0,1,0,0,Mechanical Engineer,Architect,Lawyer
24,45,69,85,100,60,83,43,1,1,0,1,0,0,0,0,1,1,Marketing Manager,Software Developer,Psychologist
63,55,95,95,24,56,27,88,0,1,1,1,1,0,1,0,0,0,Lawyer,Digital Marketer,Doctor
26,90,63,31,29,76,97,26,1,0,1,1,0,1,0,1,0,0,Psychologist,Lawyer,Mechanical Engineer
61,68,43,41,26,80,66,59,1,1,0,0,0,0,0,1,1,0,Content Writer,Digital Marketer,Mechanical Engineer
89,48,39,26,27,51,91,38,0,1,0,0,1,0,0,0,1,0,Marketing Manager,Digital Marketer,Architect
38,48,71,71,20,60,67,64,0,1,0,1,1,0,1,1,0,1,Teacher,Marketing Manager,Content Writer
20,30,93,45,85,24,78,42,1,0,1,0,0,1,1,1,1,0,Graphic Designer,Data Scientist,Marketing Manager
20,47,56,71,73,94,53,85,1,0,0,1,1,0,0,0,1,0,Civil Engineer,Doctor,Graphic Designer
43,90,27,74,66,34,62,60,0,1,0,1,1,1,0,0,1,0,Software Developer,Content Writer,Teacher
71,38,48,67,44,47,23,31,1,1,1,1,1,0,1,1,1,1,Digital Marketer,Psychologist,Architect
48,59,63,24,53,68,43,71,0,1,1,1,0,0,0,0,0,1,Psychologist,Architect,Digital Marketer
54,31,76,58,29,35,59,44,0,0,0,1,1,0,1,0,0,1,Architect,Lawyer,Digital Marketer
23,92,41,87,74,93,56,88,1,0,0,0,0,1,1,1,0,0,Architect,Content Writer,Civil Engineer
25,34,85,64,20,75,75,87,1,0,1,1,1,0,0,1,0,1,Software Developer,Marketing Manager,Psychologist
77,61,70,99,50,32,56,71,1,1,0,1,1,0,0,0,0,0,Marketing Manager,Content Writer,UX/UI Designer
41,64,44,43,95,22,35,27,0,1,0,1,0,1,1,1,0,0,Software Developer,Architect,Graphic Designer
75,42,55,80,30,30,27,32,1,0,0,1,0,1,1,1,1,1,Content Writer,Financial Analyst,Graphic Designer
85,97,68,44,83,53,95,36,1,1,1,1,0,0,0,1,1,1,Digital Marketer,Marketing Manager,Psychologist
93,29,25,43,37,66,89,59,0,1,0,1,0,0,0,1,0,1,Software Developer,Teacher,Content Writer
84,82,79,30,82,79,95,73,1,0,0,1,1,0,0,0,0,1,Lawyer,Teacher,Civil Engineer
31,77,79,100,22,32,88,85,1,1,0,1,0,1,1,0,0,0,Civil Engineer,Financial Analyst,Psychologist
41,31,54,90,32,95,38,66,0,1,1,0,0,1,0,0,0,0,Data Scientist,UX/UI Designer,Psychologist
41,72,20,75,30,21,64,55,0,1,0,0,1,0,1,1,1,0,Civil Engineer,Financial Analyst,Architect
49,80,46,25,80,21,50,55,1,1,0,0,1,0,1,0,1,0,Mechanical Engineer,Financial Analyst,Lawyer
26,26,26,76,47,60,60,28,1,0,0,1,0,1,0,1,0,1,Software Developer,Teacher,Digital Marketer
21,84,83,38,26,34,33,47,0,1,1,1,1,1,0,1,1,0,Graphic Designer,Teacher,Data Scientist
89,50,27,81,24,58,49,60,0,0,0,0,1,1,0,0,1,0,Teacher,UX/UI Designer,Graphic Designer
29,92,80,36,64,82,62,35,1,0,0,1,0,1,0,1,1,1,Civil Engineer,Lawyer,Marketing Manager
56,80,55,27,45,98,41,69,1,1,1,0,1,1,0,1,1,1,Digital Marketer,Psychologist,Financial Analyst
46,93,59,45,59,59,88,35,1,1,1,0,0,1,1,1,1,0,Psychologist,Lawyer,Civil Engineer
48,79,75,31,26,52,39,68,1,1,0,1,0,0,1,1,0,0,Civil Engineer,Content Writer,Architect
93,24,95,92,95,96,60,53,1,0,0,1,0,0,1,1,1,0,Data Scientist,Software Developer,Mechanical Engineer
68,81,39,42,26,37,62,59,1,1,0,0,1,0,0,0,1,0,Software Developer,Content Writer,Architect
54,25,50,62,51,96,61,40,1,0,1,0,1,1,0,0,1,0,Lawyer,Psychologist,Content Writer
42,90,58,22,47,85,20,41,0,0,0,0,1,1,0,1,0,1,UX/UI Designer,Doctor,Digital Marketer
42,89,75,88,75,75,77,78,0,0,1,1,0,1,0,1,1,1,Lawyer,Data Scientist,Psychologist
62,82,49,70,94,30,25,83,1,1,0,1,0,1,1,0,0,1,Doctor,Digital Marketer,Marketing Manager
26,50,22,91,50,90,87,43,1,0,1,1,0,0,1,0,0,0,Graphic Designer,Digital Marketer,Teacher
30,51,86,94,26,97,81,70,1,1,1,0,1,0,0,0,0,0,Mechanical Engineer,Doctor,Data Scientist
28,79,57,39,48,23,79,20,0,1,1,1,0,1,1,0,0,0,Marketing Manager,UX/UI Designer,Content Writer
52,27,82,26,55,37,93,59,0,1,0,1,0,1,1,0,0,0,Software Developer,Psychologist,Content Writer
61,40,40,96,32,74,51,68,0,0,0,1,0,0,0,1,0,0,Software Developer,Data Scientist,Teacher
35,28,54,38,97,72,51,67,0,0,0,1,1,1,0,1,1,1,Doctor,Graphic Designer,Digital Marketer
75,61,72,27,30,95,98,96,1,0,1,1,1,1,0,0,1,1,Content Writer,UX/UI Designer,Lawyer
45,54,56,73,47,91,75,86,0,1,1,1,1,0,1,0,0,1,Marketing Manager,Teacher,Mechanical Engineer
63,96,53,25,63,29,35,57,0,1,1,0,0,0,1,1,1,1,Software Developer,Digital Marketer,Data Scientist
41,22,39,32,57,68,71,30,1,1,1,1,0,1,0,1,1,1,Marketing Manager,Data Scientist,Psychologist
56,76,79,32,68,66,79,39,1,0,0,1,1,1,1,1,1,1,Financial Analyst,Civil Engineer,Architect
57,70,93,52,69,36,34,57,1,1,0,0,1,0,0,1,1,0,Content Writer,Software Developer,Teacher
25,87,31,24,38,94,59,28,1,1,1,0,1,1,1,0,0,0,Civil Engineer,Data Scientist,Teacher
50,44,50,77,91,61,50,66,1,1,1,0,0,0,0,0,0,0,Data Scientist,Psychologist,Graphic Designer
69,22,33,66,100,31,44,22,1,1,1,1,1,0,1,0,1,0,Data Scientist,Doctor,Graphic Designer
37,37,78,78,88,63,58,60,1,1,1,0,0,0,0,0,1,0,Software Developer,Lawyer,Digital Marketer
92,69,64,37,79,37,21,61,0,0,1,0,1,1,1,1,0,0,Financial Analyst,Mechanical Engineer,Teacher
63,47,71,97,25,85,48,82,0,0,0,0,0,1,1,1,1,0,Teacher,Psychologist,UX/UI Designer
88,69,20,56,24,57,96,92,0,0,0,1,1,0,0,1,1,0,Content Writer,Civil Engineer,Data Scientist
49,42,28,94,44,72,74,33,1,1,0,0,1,0,1,1,1,1,Doctor,Graphic Designer,Civil Engineer
76,27,46,27,77,50,27,22,0,0,1,0,0,0,0,1,1,0,Digital Marketer,Financial Analyst,Software Developer
81,25,89,68,95,33,57,84,0,0,1,1,0,1,1,1,1,1,Civil Engineer,Architect,Content Writer
74,67,99,54,43,94,41,68,1,0,0,1,1,1,1,0,0,1,Psychologist,Marketing Manager,Mechanical Engineer
85,78,40,69,78,44,32,90,0,0,1,1,1,1,1,1,0,1,Mechanical Engineer,Data Scientist,Lawyer
98,70,97,94,36,66,49,52,1,1,0,1,0,1,1,1,0,1,Mechanical Engineer,Content Writer,Data Scientist
100,32,75,68,52,70,42,48,1,0,1,1,1,0,1,0,0,0,Digital Marketer,Architect,Marketing Manager
81,47,57,86,47,39,91,58,1,1,1,0,1,1,0,0,1,1,Content Writer,Financial Analyst,Architect
43,53,88,88,39,89,86,56,0,0,1,1,0,1,1,1,0,0,Graphic Designer,Psychologist,Data Scientist
56,92,27,76,38,89,52,56,0,0,1,1,1,0,0,1,1,0,Doctor,Teacher,Graphic Designer
78,85,73,45,98,92,85,27,1,1,0,0,0,0,0,0,1,1,Teacher,Architect,Software Developer
29,64,77,33,83,85,96,23,0,1,1,0,1,1,1,1,1,0,Doctor,Mechanical Engineer,Architect
91,67,85,94,77,70,21,61,0,0,0,1,1,1,1,1,1,1,Financial Analyst,Lawyer,Teacher
91,40,65,86,33,96,87,71,0,1,0,0,0,1,1,1,1,1,Teacher,Content Writer,UX/UI Designer
71,75,57,83,95,73,27,85,0,0,0,1,0,0,0,0,0,0,Financial Analyst,Software Developer,Graphic Designer
93,90,42,47,88,21,46,38,0,0,1,0,0,1,0,0,1,0,Psychologist,Lawyer,Marketing Manager
90,42,94,98,48,55,92,35,0,1,1,1,0,0,1,0,0,0,Psychologist,UX/UI Designer,Architect
26,51,29,65,97,37,22,48,1,1,0,1,0,0,1,1,0,0,Marketing Manager,Civil Engineer,Software Developer
38,71,89,91,47,74,58,54,0,0,0,1,0,1,1,1,0,0,Mechanical Engineer,Architect,Content Writer
78,70,61,62,40,44,92,91,1,1,1,1,0,1,1,1,1,1,Lawyer,Software Developer,Civil Engineer
65,54,100,85,78,23,100,53,1,1,0,1,0,0,1,0,1,1,Mechanical Engineer,Graphic Designer,Digital Marketer
63,97,77,85,69,34,32,32,1,1,1,1,1,1,0,0,0,1,Lawyer,Data Scientist,Digital Marketer
61,55,44,58,43,48,93,65,1,1,1,1,1,1,0,1,0,0,Architect,Teacher,Content Writer
58,37,53,41,48,46,99,33,1,0,0,1,0,1,1,0,1,1,Digital Marketer,Software Developer,Architect
98,45,44,88,52,50,57,45,0,1,0,1,1,1,0,0,0,0,Psychologist,Data Scientist,Lawyer
74,83,65,53,87,85,68,64,0,1,0,0,0,1,1,1,0,1,Psychologist,Graphic Designer,Content Writer
85,40,87,74,59,96,34,99,1,0,0,1,0,1,1,1,0,0,Digital Marketer,Mechanical Engineer,Software Developer
42,75,98,30,36,59,82,80,0,0,0,1,0,0,0,1,0,0,Psychologist,Teacher,Doctor
36,24,34,38,25,67,46,63,1,1,0,1,1,0,0,1,1,0,Teacher,UX/UI Designer,Lawyer
64,42,90,29,40,96,100,100,1,1,1,0,1,1,0,0,0,0,Digital Marketer,Mechanical Engineer,Data Scientist
49,48,56,49,92,47,93,97,1,0,1,1,0,1,1,1,1,1,Graphic Designer,Data Scientist,Teacher
54,76,62,64,70,87,87,55,1,0,0,0,1,0,0,1,0,1,Marketing Manager,Teacher,Content Writer
86,35,88,82,36,60,42,65,1,1,0,0,1,0,1,1,1,0,Mechanical Engineer,Lawyer,Content Writer
87,20,100,63,92,86,44,100,1,0,1,0,1,0,1,0,1,0,Teacher,Doctor,Financial Analyst
47,67,99,72,35,52,33,67,0,1,0,0,0,0,1,0,0,1,Digital Marketer,Mechanical Engineer,Data Scientist
32,50,87,94,92,82,56,93,1,0,0,0,0,1,1,1,1,0,Lawyer,Digital Marketer,Mechanical Engineer
69,47,45,68,61,49,46,89,0,0,1,0,0,0,0,1,0,1,Doctor,Civil Engineer,Graphic Designer
47,39,31,87,23,23,29,32,0,0,1,1,0,0,0,1,1,1,Financial Analyst,Mechanical Engineer,Teacher
43,71,75,46,44,80,59,43,1,0,0,1,1,0,1,1,0,0,Digital Marketer,Financial Analyst,Civil Engineer
46,69,68,27,38,83,29,20,1,0,1,0,1,1,1,0,1,1,UX/UI Designer,Marketing Manager,Digital Marketer
27,32,100,80,67,40,71,87,1,1,1,1,0,1,0,1,1,0,Mechanical Engineer,Financial Analyst,Content Writer
57,37,94,100,50,61,29,60,1,1,1,1,1,0,1,0,1,1,Financial Analyst,Doctor,Lawyer
58,51,83,63,90,33,74,51,0,0,0,1,0,0,1,1,1,0,UX/UI Designer,Marketing Manager,Doctor
24,24,78,75,77,24,37,25,1,0,0,0,0,0,1,0,0,1,Marketing Manager,Financial Analyst,Mechanical Engineer
21,86,41,44,88,87,34,64,0,0,1,1,0,0,0,1,1,1,Teacher,Financial Analyst,Data Scientist
51,94,25,33,81,22,59,83,1,1,0,0,1,0,0,1,0,0,Digital Marketer,Software Developer,Graphic Designer
59,57,60,93,91,73,51,70,1,1,1,1,0,1,0,1,1,0,UX/UI Designer,Mechanical Engineer,Software Developer
60,27,87,93,28,48,40,62,1,0,1,0,1,0,1,0,1,0,Financial Analyst,Data Scientist,Marketing Manager
99,58,23,65,75,25,89,92,0,1,0,1,1,0,1,0,1,1,Doctor,Financial Analyst,Architect
39,75,50,84,31,43,79,73,1,0,1,0,1,1,1,1,0,0,Graphic Designer,Data Scientist,Financial Analyst
39,77,37,95,60,96,97,53,1,0,0,1,0,0,0,0,0,1,Mechanical Engineer,Marketing Manager,Digital Marketer
85,48,28,36,94,67,61,42,0,1,1,0,0,0,1,0,0,0,Digital Marketer,Content Writer,Architect
37,66,70,48,97,92,68,69,1,0,0,1,1,0,1,0,0,0,Graphic Designer,Digital Marketer,Marketing Manager
39,62,89,35,69,93,68,46,0,0,1,0,0,1,0,1,1,1,UX/UI Designer,Graphic Designer,Financial Analyst
55,43,96,36,87,55,70,94,1,0,1,1,1,1,0,0,1,0,Psychologist,Architect,Digital Marketer
55,71,68,37,92,81,78,70,1,0,0,1,0,0,0,0,0,0,Doctor,Psychologist,Data Scientist
79,20,76,98,92,72,43,20,1,1,1,1,0,0,0,1,0,1,Civil Engineer,Digital Marketer,Lawyer
42,28,73,71,42,51,63,79,1,1,1,1,1,0,1,1,0,1,Financial Analyst,Marketing Manager,UX/UI Designer
27,21,25,22,46,41,21,88,1,0,0,0,1,0,1,0,0,1,Marketing Manager,Teacher,UX/UI Designer
59,61,40,93,25,61,23,91,1,1,1,0,1,1,1,1,0,1,Marketing Manager,Financial Analyst,UX/UI Designer
21,42,75,45,100,53,46,77,1,0,1,1,0,0,0,0,1,1,Marketing Manager,UX/UI Designer,Digital Marketer
74,50,69,81,73,23,58,43,1,0,0,1,1,1,1,1,0,1,Data Scientist,Mechanical Engineer,Doctor
71,31,74,90,79,92,54,56,0,0,1,1,0,0,0,1,1,0,Digital Marketer,UX/UI Designer,Civil Engineer
56,85,97,42,67,35,86,72,0,0,0,1,0,1,0,1,1,1,Architect,UX/UI Designer,Marketing Manager
76,62,59,38,66,96,23,82,1,1,0,1,1,0,0,1,0,0,UX/UI Designer,Data Scientist,Architect
94,63,77,64,49,42,62,91,0,1,1,1,0,0,0,0,0,1,Teacher,Content Writer,UX/UI Designer
83,43,89,26,95,52,42,87,0,1,1,0,0,0,1,0,1,0,Software Developer,Content Writer,Civil Engineer
75,89,23,37,84,33,80,76,1,0,1,1,1,0,1,0,1,0,Financial Analyst,Content Writer,Lawyer
76,43,23,68,29,98,84,60,1,0,1,1,0,0,0,1,0,0,Content Writer,Civil Engineer,Software Developer
58,64,32,49,74,20,58,30,1,1,0,1,1,1,1,1,0,0,Architect,Lawyer,Data Scientist
35,66,70,79,45,61,29,100,0,1,1,0,1,0,0,1,0,0,Financial Analyst,Teacher,Architect
59,23,100,68,58,63,80,75,0,0,0,0,1,0,0,0,0,1,Lawyer,Digital Marketer,Teacher
24,50,58,23,71,20,34,28,0,0,0,1,0,1,1,1,0,1,Teacher,Financial Analyst,Architect
67,52,20,53,28,93,67,91,0,1,0,0,0,0,1,0,0,1,Psychologist,Digital Marketer,Doctor
24,89,57,57,26,26,54,67,0,1,1,1,0,0,1,1,0,1,Content Writer,Data Scientist,Marketing Manager
97,54,91,64,93,80,84,53,0,0,0,1,1,0,0,0,0,1,Software Developer,Data Scientist,Graphic Designer
82,66,36,90,88,88,63,63,0,1,0,1,0,1,0,1,0,1,Digital Marketer,Marketing Manager,Lawyer
42,32,53,73,69,76,94,41,0,0,0,0,1,0,0,0,1,0,Lawyer,Graphic Designer,Digital Marketer
52,67,54,86,97,47,95,78,0,0,1,1,1,0,0,0,0,1,Graphic Designer,UX/UI Designer,Financial Analyst
43,49,86,84,33,84,100,44,0,0,0,0,0,0,1,1,1,0,UX/UI Designer,Architect,Graphic Designer
20,44,49,100,95,55,63,79,0,0,0,1,1,1,1,0,0,1,Content Writer,Graphic Designer,Civil Engineer
96,20,57,98,22,92,91,41,1,0,1,0,1,1,0,0,0,0,Lawyer,Teacher,Digital Marketer
66,99,67,86,97,66,93,80,1,0,1,0,1,0,1,1,0,1,Civil Engineer,Graphic Designer,Marketing Manager
87,60,42,32,87,51,41,47,0,1,0,1,1,0,0,0,0,0,Content Writer,Graphic Designer,Mechanical Engineer
60,83,81,71,74,30,41,46,1,1,0,1,0,1,0,0,1,0,Civil Engineer,Software Developer,Data Scientist
87,94,65,94,67,86,61,62,1,1,0,0,1,1,1,0,0,1,Data Scientist,Lawyer,Software Developer
90,26,50,55,97,58,63,87,0,0,1,0,0,1,1,0,0,0,Software Developer,Graphic Designer,Digital Marketer
60,71,44,90,36,55,100,86,1,1,0,1,0,0,0,1,0,1,Teacher,Data Scientist,Architect
45,63,56,95,62,55,96,53,1,0,1,1,0,0,1,0,1,1,Doctor,Marketing Manager,Civil Engineer
72,99,85,99,50,94,39,26,1,0,0,0,0,1,1,1,0,1,Marketing Manager,Teacher,Civil Engineer
86,76,51,47,56,65,31,37,0,1,0,1,1,0,0,0,1,0,Teacher,Digital Marketer,Lawyer
30,85,40,96,57,64,24,92,0,0,0,0,0,1,0,0,0,0,Financial Analyst,Software Developer,Data Scientist
28,46,38,56,95,97,76,78,1,0,0,0,0,1,0,0,1,1,Architect,Graphic Designer,UX/UI Designer
67,44,31,63,62,23,33,85,1,0,1,0,0,1,0,0,1,1,UX/UI Designer,Mechanical Engineer,Financial Analyst
20,30,73,100,90,66,66,98,1,0,0,0,0,0,1,0,0,1,Lawyer,Graphic Designer,Software Developer
55,84,92,73,80,91,42,23,1,0,0,0,0,0,0,1,1,1,Civil Engineer,Graphic Designer,Software Developer
54,48,22,46,64,59,72,50,1,1,1,1,1,0,1,1,0,0,Doctor,Digital Marketer,Marketing Manager
42,35,49,57,24,34,21,50,0,0,1,1,0,1,0,1,0,1,Marketing Manager,Psychologist,Doctor
50,45,88,84,99,92,30,64,1,1,1,0,0,1,0,1,0,0,Psychologist,Digital Marketer,Marketing Manager
84,27,47,46,21,77,34,57,1,0,0,1,0,1,1,1,0,0,UX/UI Designer,Marketing Manager,Lawyer
38,81,67,66,61,78,22,50,1,0,0,0,1,1,0,0,0,0,Mechanical Engineer,Marketing Manager,Software Developer
99,81,86,59,62,32,45,100,1,1,1,1,1,0,1,0,0,0,Software Developer,Psychologist,Architect
24,63,34,83,52,24,21,68,1,1,0,0,1,1,0,0,0,1,Financial Analyst,Civil Engineer,UX/UI Designer
35,38,36,33,74,77,70,29,1,0,1,1,0,1,0,1,0,0,Marketing Manager,UX/UI Designer,Teacher
71,24,55,41,84,41,86,38,1,0,0,0,1,1,0,0,0,1,Data Scientist,Lawyer,Civil Engineer
70,50,50,100,38,98,25,78,1,0,0,0,0,1,1,0,0,1,UX/UI Designer,Psychologist,Content Writer
96,35,66,62,64,45,21,72,1,1,1,1,1,1,0,0,1,0,Teacher,Data Scientist,Content Writer
69,43,31,25,49,49,77,39,0,1,0,0,1,1,0,1,0,1,Architect,Civil Engineer,Marketing Manager
26,50,68,51,42,93,88,33,1,0,1,1,1,0,0,1,0,0,Content Writer,Digital Marketer,Lawyer
57,96,40,63,21,29,60,87,0,1,0,1,0,0,0,0,0,1,Teacher,Graphic Designer,Lawyer
54,79,32,62,98,80,93,23,0,1,1,1,1,0,0,1,1,0,Data Scientist,Teacher,Architect
55,43,63,67,78,33,92,21,1,0,1,0,1,1,0,0,1,1,Doctor,Psychologist,Graphic Designer
36,79,35,36,90,21,25,22,0,0,1,1,0,1,0,1,1,1,Psychologist,Doctor,Digital Marketer
23,49,29,84,32,67,80,62,0,1,1,0,0,1,1,1,1,1,Financial Analyst,Software Developer,UX/UI Designer
67,72,21,27,96,31,68,95,1,0,0,0,0,1,1,0,1,1,Software Developer,Marketing Manager,Architect
53,53,45,45,56,88,88,28,0,0,0,1,1,0,1,1,1,0,Financial Analyst,Software Developer,Lawyer
49,61,51,39,87,92,24,96,1,0,1,0,1,0,0,1,1,0,Mechanical Engineer,Architect,UX/UI Designer
44,45,98,62,38,45,58,99,1,1,0,0,1,0,0,1,0,1,Mechanical Engineer,Lawyer,UX/UI Designer
34,51,58,85,39,20,51,79,0,0,0,0,0,1,0,0,1,0,Civil Engineer,Data Scientist,Content Writer
95,37,94,78,58,39,52,80,1,0,0,0,1,0,1,1,0,1,Content Writer,Software Developer,Architect
48,44,40,85,27,21,20,83,1,1,1,0,0,1,1,1,1,0,Content Writer,Financial Analyst,Marketing Manager
37,82,68,26,42,86,56,66,1,1,0,0,1,1,1,0,1,0,Teacher,Financial Analyst,Mechanical Engineer
76,68,50,56,97,22,70,84,1,1,1,0,1,0,0,1,1,1,Teacher,Financial Analyst,Architect
84,85,63,38,97,20,92,61,0,1,1,0,0,0,0,0,1,1,Civil Engineer,Lawyer,Doctor
100,21,58,34,53,92,76,96,0,1,1,1,0,1,0,1,0,1,Architect,Data Scientist,UX/UI Designer
94,47,56,25,90,76,76,89,0,1,1,1,1,0,0,0,0,0,Digital Marketer,UX/UI Designer,Content Writer
99,58,78,69,47,73,26,99,1,1,1,1,0,1,0,0,1,1,Teacher,UX/UI Designer,Marketing Manager
56,21,47,98,89,92,49,94,1,0,1,0,0,1,0,1,1,0,Mechanical Engineer,Digital Marketer,Teacher
82,100,52,64,93,77,97,36,0,0,1,1,0,0,0,0,0,0,Data Scientist,Architect,Doctor
69,85,59,85,45,91,90,97,1,0,1,0,1,1,0,0,0,0,Data Scientist,Architect,Digital Marketer
78,68,100,94,92,60,95,75,0,0,1,1,0,0,1,0,0,1,UX/UI Designer,Marketing Manager,Digital Marketer
74,99,64,100,73,97,61,34,0,1,1,0,0,0,0,1,0,0,Digital Marketer,UX/UI Designer,Teacher
78,94,62,41,94,53,85,32,1,0,0,1,0,1,1,1,0,1,UX/UI Designer,Marketing Manager,Software Developer
32,22,90,57,46,25,75,98,0,1,0,1,1,1,1,0,1,1,Financial Analyst,Digital Marketer,Civil Engineer
96,69,59,73,88,95,39,25,0,0,1,1,0,1,0,1,0,0,Content Writer,Lawyer,Psychologist
43,98,58,52,50,57,20,51,1,0,0,0,0,0,0,1,0,1,Lawyer,Marketing Manager,Software Developer
67,87,25,65,44,99,85,77,0,0,0,1,1,0,0,0,0,1,Architect,Doctor,Marketing Manager
64,57,53,25,73,75,34,38,0,0,0,1,1,0,1,1,1,1,Psychologist,Teacher,Civil Engineer
90,67,53,33,73,25,40,25,0,1,1,1,1,0,1,0,0,0,Software Developer,Lawyer,Mechanical Engineer
60,79,79,55,91,29,21,43,0,0,1,0,0,1,0,1,1,1,Graphic Designer,Data Scientist,Architect
25,70,67,23,54,64,86,36,0,0,0,0,1,1,0,0,1,1,UX/UI Designer,Teacher,Content Writer
72,44,63,24,36,91,35,98,1,1,1,0,0,0,1,0,1,1,Marketing Manager,Doctor,UX/UI Designer
97,54,41,51,82,30,75,45,1,0,0,0,1,1,0,0,1,1,Lawyer,UX/UI Designer,Software Developer
71,60,28,58,30,54,37,99,1,0,1,0,1,0,1,0,1,0,Teacher,Doctor,Psychologist
28,67,45,65,85,27,82,22,0,0,1,0,0,0,0,0,1,1,Digital Marketer,Financial Analyst,Lawyer
57,31,39,48,54,100,78,99,1,0,1,0,1,0,1,0,0,1,Graphic Designer,UX/UI Designer,Mechanical Engineer
84,34,38,74,29,34,54,32,1,0,0,0,0,0,1,1,0,0,Architect,Psychologist,Teacher
99,22,55,89,91,60,63,79,1,1,0,1,1,0,1,1,0,0,Mechanical Engineer,Lawyer,Content Writer
98,95,82,84,45,70,95,99,1,1,0,1,1,1,0,0,1,0,Psychologist,Civil Engineer,Digital Marketer
32,75,57,23,20,66,99,50,0,1,0,1,0,1,1,0,1,0,Mechanical Engineer,Lawyer,Civil Engineer
24,83,63,34,59,47,30,50,1,0,1,1,1,1,0,1,1,1,Psychologist,Content Writer,Data Scientist
55,49,77,48,73,64,43,80,1,1,0,0,1,0,0,1,0,1,Mechanical Engineer,UX/UI Designer,Lawyer
29,27,90,26,21,79,33,22,1,0,0,0,1,0,1,1,1,0,Graphic Designer,Teacher,Content Writer
62,41,74,43,90,88,100,33,1,0,0,0,1,0,0,1,0,1,Marketing Manager,UX/UI Designer,Content Writer
84,59,90,43,51,36,73,28,1,0,1,1,0,1,1,0,1,0,Graphic Designer,Software Developer,UX/UI Designer
59,41,74,97,74,30,30,55,1,0,1,0,1,0,0,0,1,1,Content Writer,Mechanical Engineer,Lawyer
35,92,73,100,21,90,63,43,0,1,1,1,0,0,0,0,1,0,UX/UI Designer,Architect,Software Developer
34,74,76,89,38,67,64,91,1,0,0,1,1,1,0,0,1,0,UX/UI Designer,Software Developer,Teacher
74,83,100,25,88,82,47,96,0,1,1,0,1,0,1,0,1,0,Civil Engineer,Teacher,Graphic Designer
98,51,61,69,86,93,34,85,0,0,0,0,0,0,0,0,1,0,Graphic Designer,Doctor,UX/UI Designer
53,79,65,60,57,48,55,92,0,1,0,0,0,1,1,1,0,0,Lawyer,Graphic Designer,Mechanical Engineer
20,59,29,48,65,76,68,58,1,1,0,0,1,0,1,0,0,1,Lawyer,Data Scientist,Content Writer
66,46,29,78,60,51,61,62,0,1,1,1,1,0,1,1,1,0,Data Scientist,Mechanical Engineer,Content Writer
97,27,20,60,42,94,34,43,0,1,0,1,0,0,1,1,1,1,Teacher,Content Writer,Psychologist
34,72,88,60,70,64,91,33,0,1,0,1,1,1,0,1,0,1,Lawyer,Teacher,Architect
89,89,57,100,43,60,26,66,1,0,0,1,0,1,1,0,1,1,Content Writer,Doctor,Lawyer
60,79,32,78,25,41,53,49,1,0,0,0,1,0,1,0,1,0,Psychologist,Software Developer,UX/UI Designer
53,30,74,57,70,32,77,85,0,0,0,1,0,1,1,0,1,1,Content Writer,Doctor,Digital Marketer
47,67,94,22,56,91,73,27,1,1,1,1,0,1,1,1,1,1,Content Writer,Architect,Digital Marketer
61,39,77,20,59,32,95,58,1,1,1,1,0,0,1,0,0,1,Software Developer,Civil Engineer,Psychologist
96,31,56,32,22,74,81,77,0,1,1,0,1,0,1,0,1,0,Lawyer,Graphic Designer,Marketing Manager
31,33,85,96,63,68,84,79,0,0,1,1,1,1,0,1,0,1,Psychologist,Mechanical Engineer,Civil Engineer
75,87,56,34,28,60,34,68,0,1,1,0,0,0,1,1,0,1,Digital Marketer,Architect,Doctor
88,36,71,60,66,98,41,56,0,0,0,1,1,0,1,0,0,1,Content Writer,Doctor,Data Scientist
47,91,83,22,75,26,36,32,0,0,0,0,0,0,0,0,0,0,Financial Analyst,Teacher,Graphic Designer
87,27,44,22,81,67,32,47,1,0,0,1,1,1,0,0,0,0,Graphic Designer,Civil Engineer,Digital Marketer
30,94,30,30,96,20,55,82,1,0,1,1,0,0,1,0,1,1,Marketing Manager,Doctor,Financial Analyst
61,27,98,59,85,98,84,75,0,0,0,0,1,1,1,1,0,1,Psychologist,Software Developer,Architect
88,44,33,40,81,67,72,69,1,0,1,1,1,0,0,1,0,0,Lawyer,Marketing Manager,Mechanical Engineer
72,69,27,46,50,65,83,87,1,1,0,1,1,1,1,0,1,0,Content Writer,Psychologist,Architect
77,71,48,26,37,26,51,75,1,0,1,1,1,0,0,0,1,0,Lawyer,Architect,Civil Engineer
57,86,22,66,69,89,63,82,0,0,1,0,0,1,0,0,0,0,Software Developer,Teacher,Psychologist
53,86,47,26,90,32,25,67,1,0,1,0,1,0,1,0,1,0,Mechanical Engineer,Digital Marketer,Financial Analyst
22,37,20,47,45,28,29,76,1,1,1,0,0,1,1,1,1,1,Teacher,Marketing Manager,Data Scientist
71,91,45,49,96,34,90,66,0,1,0,0,1,1,1,1,0,1,Content Writer,Architect,Data Scientist
43,50,79,79,29,63,94,54,0,1,1,0,0,1,0,0,0,0,Digital Marketer,Lawyer,Data Scientist
96,29,66,96,79,79,39,50,1,1,0,1,0,1,1,0,1,0,Digital Marketer,Lawyer,Architect
21,95,90,62,36,21,81,51,0,0,1,0,1,0,0,0,1,1,UX/UI Designer,Psychologist,Digital Marketer
23,90,92,35,82,97,86,81,1,0,0,1,0,1,1,1,1,0,Data Scientist,Graphic Designer,Mechanical Engineer
28,52,77,97,93,60,74,42,1,0,0,0,0,0,1,0,1,1,Mechanical Engineer,Graphic Designer,Doctor
40,80,81,58,79,36,89,79,1,1,1,1,1,0,0,1,1,0,Psychologist,Mechanical Engineer,Digital Marketer
37,47,64,57,97,23,59,49,1,1,1,1,1,1,1,0,0,0,Teacher,Psychologist,Lawyer
27,65,95,76,31,64,47,41,0,1,0,0,0,1,1,1,1,1,Lawyer,UX/UI Designer,Marketing Manager
82,22,52,35,38,43,62,96,0,1,0,1,0,1,0,1,1,1,Digital Marketer,Lawyer,Psychologist
66,42,27,64,72,38,93,38,0,0,0,1,1,1,1,0,0,0,Doctor,Graphic Designer,Marketing Manager
80,96,80,22,98,75,56,40,0,0,1,0,1,1,0,0,0,1,Graphic Designer,Data Scientist,Financial Analyst
27,32,30,80,44,35,63,23,0,1,0,0,1,0,0,0,1,0,Digital Marketer,Psychologist,Software Developer
91,69,81,21,67,25,63,32,1,0,0,1,0,0,0,0,0,1,Doctor,Graphic Designer,Content Writer
65,59,40,98,46,31,80,66,1,1,0,0,0,0,1,1,0,0,Architect,Data Scientist,Marketing Manager
44,55,75,71,53,20,35,60,0,1,1,0,1,1,0,0,1,1,Financial Analyst,Data Scientist,Software Developer
79,72,65,38,48,25,25,72,0,1,0,1,0,0,1,1,0,0,Civil Engineer,Architect,Graphic Designer
49,64,96,41,74,42,76,43,1,1,1,1,0,0,1,1,0,0,UX/UI Designer,Software Developer,Data Scientist
43,55,80,56,95,21,21,81,0,0,0,1,0,0,0,1,1,0,Architect,Mechanical Engineer,Software Developer
40,67,80,67,97,67,86,92,1,1,1,1,1,1,1,1,1,0,Teacher,Software Developer,Psychologist
63,84,26,33,49,70,100,26,0,0,0,0,1,0,1,1,1,0,Teacher,Financial Analyst,UX/UI Designer
25,74,21,60,49,78,50,31,0,1,1,0,1,0,1,0,0,0,Digital Marketer,Psychologist,Graphic Designer
97,27,24,41,76,73,81,44,1,1,1,1,0,1,1,0,0,1,Teacher,Lawyer,Architect
64,76,32,98,47,90,63,60,0,0,1,0,1,0,1,1,0,1,Digital Marketer,Doctor,Mechanical Engineer
29,51,98,60,44,71,52,93,0,1,1,1,0,0,1,1,0,1,Graphic Designer,Lawyer,Data Scientist
81,53,41,74,57,95,49,56,1,1,1,1,1,1,0,1,1,0,Digital Marketer,Civil Engineer,Mechanical Engineer
63,85,92,77,36,55,69,44,0,1,0,1,1,0,1,1,1,0,Data Scientist,UX/UI Designer,Content Writer
82,23,69,26,86,86,73,23,0,0,1,1,1,1,1,0,0,0,Data Scientist,Digital Marketer,Doctor
75,29,58,39,97,41,29,46,0,0,1,0,1,0,1,1,1,1,Graphic Designer,Mechanical Engineer,Doctor
58,99,36,77,83,90,90,47,0,1,1,0,0,0,1,1,0,1,UX/UI Designer,Civil Engineer,Digital Marketer
35,46,89,45,66,47,72,85,1,0,0,0,0,0,0,1,0,0,Doctor,Teacher,Content Writer
63,75,43,40,87,20,73,46,0,0,1,1,0,0,1,1,1,0,Software Developer,Doctor,Lawyer
95,72,95,98,44,36,38,64,1,0,1,1,1,1,0,0,0,0,UX/UI Designer,Data Scientist,Teacher
22,32,51,96,74,53,88,26,0,0,1,0,1,1,0,1,0,0,Software Developer,Content Writer,Teacher
20,26,42,63,87,68,33,53,1,0,0,1,0,1,0,0,0,1,Civil Engineer,Financial Analyst,Teacher
84,62,69,75,83,69,22,75,1,1,0,1,0,1,0,0,1,0,UX/UI Designer,Teacher,Software Developer
27,78,100,44,87,35,24,45,1,1,0,0,1,0,1,0,1,1,Financial Analyst,Psychologist,Graphic Designer
28,38,65,37,22,21,66,58,1,0,1,1,1,0,0,1,1,0,Doctor,Psychologist,Architect
98,67,38,24,68,34,81,86,0,1,1,1,0,0,1,0,1,1,Lawyer,Data Scientist,Digital Marketer
53,54,70,39,99,68,77,99,0,0,0,0,0,1,1,0,1,0,Architect,Civil Engineer,Doctor
95,29,66,87,85,68,68,20,1,0,0,1,1,1,0,0,1,0,Lawyer,Teacher,Architect
34,81,33,65,57,46,49,46,0,0,0,1,0,1,0,1,0,0,Software Developer,Digital Marketer,Graphic Designer
65,72,95,98,63,96,96,63,0,0,1,0,0,0,0,0,1,0,Teacher,Data Scientist,Marketing Manager
41,36,63,65,22,34,97,43,1,0,0,0,1,0,1,1,0,1,Data Scientist,Digital Marketer,Teacher
51,37,41,68,59,70,50,73,1,0,0,0,1,1,1,1,0,1,Doctor,Digital Marketer,Teacher
49,70,32,83,70,49,51,23,0,0,0,1,0,0,0,1,0,1,Lawyer,UX/UI Designer,Teacher
39,100,46,59,33,20,68,82,1,1,0,1,1,0,0,1,0,0,Civil Engineer,Content Writer,Architect
84,96,100,100,79,50,50,62,1,0,0,1,1,0,0,0,0,0,Teacher,Content Writer,Data Scientist
86,70,38,79,45,53,57,53,1,1,1,1,1,0,0,1,1,0,Architect,Digital Marketer,Psychologist
93,92,27,32,54,34,40,100,1,0,1,1,1,1,0,1,1,0,Digital Marketer,Software Developer,Lawyer
94,66,66,24,43,47,48,84,0,0,1,1,1,0,0,0,1,0,Teacher,UX/UI Designer,Civil Engineer
85,93,54,77,95,87,52,95,0,0,0,1,0,0,1,0,0,0,Psychologist,Lawyer,Graphic Designer
63,55,80,55,100,36,93,79,1,0,1,1,1,1,1,0,1,1,Digital Marketer,Psychologist,Data Scientist
97,83,91,46,80,62,24,38,1,1,0,0,0,0,0,1,1,0,Doctor,Architect,Mechanical Engineer
82,28,94,63,72,86,36,93,1,1,0,1,0,1,0,1,1,0,Civil Engineer,Data Scientist,Teacher
77,31,97,50,97,26,35,24,1,1,1,1,0,0,0,1,0,0,Data Scientist,Doctor,Lawyer
38,77,29,80,94,24,62,59,0,0,1,1,0,0,0,0,0,1,Digital Marketer,Doctor,Teacher
79,67,94,69,63,27,22,97,0,0,1,0,0,0,0,0,0,0,Teacher,Mechanical Engineer,Graphic Designer
61,25,80,98,89,64,88,71,1,1,1,1,1,0,0,0,1,0,Marketing Manager,Digital Marketer,Mechanical Engineer
100,46,45,34,71,93,53,56,0,0,0,0,1,1,1,1,0,0,Lawyer,Architect,Content Writer
28,51,76,62,65,69,61,27,0,0,0,0,0,0,1,0,0,1,Financial Analyst,Psychologist,Architect
67,81,76,43,70,95,44,21,1,1,1,0,0,0,0,1,1,1,Graphic Designer,Doctor,Mechanical Engineer
52,24,47,89,69,46,75,54,0,1,0,1,0,0,1,1,1,0,Digital Marketer,Marketing Manager,Graphic Designer
49,46,21,26,72,89,74,30,1,1,1,1,1,0,0,0,1,1,Financial Analyst,Architect,Software Developer
37,52,51,92,68,44,85,62,0,1,1,1,0,0,0,0,1,0,Digital Marketer,Teacher,Civil Engineer
71,55,78,59,78,38,75,32,1,0,0,1,0,1,0,1,0,1,Civil Engineer,Lawyer,Digital Marketer
83,84,33,26,23,31,54,69,0,1,1,1,1,1,1,1,1,0,Software Developer,Mechanical Engineer,Graphic Designer
63,66,61,24,23,44,79,73,1,1,1,1,1,0,0,0,1,1,Content Writer,Psychologist,Lawyer
94,28,45,58,94,96,76,47,1,0,0,0,1,1,1,0,1,1,Marketing Manager,Mechanical Engineer,Data Scientist
33,37,79,63,65,60,65,59,1,0,0,0,1,1,1,1,1,0,UX/UI Designer,Digital Marketer,Mechanical Engineer
47,21,71,75,49,43,26,43,1,0,1,1,0,0,1,0,0,0,Architect,Psychologist,Graphic Designer
72,76,72,57,43,24,80,31,1,0,1,1,1,1,0,1,1,0,Doctor,Psychologist,Digital Marketer
63,83,97,64,71,83,26,38,0,1,0,0,0,1,0,0,0,1,Financial Analyst,Architect,Content Writer
81,46,77,80,64,54,81,32,1,0,0,1,0,0,0,1,1,0,Teacher,Digital Marketer,Psychologist
83,72,98,29,99,81,22,95,1,1,0,1,1,0,1,1,1,0,Doctor,Psychologist,Graphic Designer
30,31,33,60,35,95,57,89,1,1,0,0,0,1,0,1,1,0,Software Developer,Civil Engineer,Graphic Designer
85,65,51,91,74,35,20,44,1,1,1,0,1,1,0,1,1,0,Civil Engineer,Software Developer,Data Scientist
56,63,67,24,50,66,29,40,0,0,0,0,0,0,0,0,1,1,Lawyer,Mechanical Engineer,Teacher
20,37,79,75,100,90,41,43,0,1,1,1,1,1,1,1,1,0,Data Scientist,Psychologist,Civil Engineer
94,66,58,42,68,48,85,43,1,1,1,0,1,0,1,1,0,1,UX/UI Designer,Psychologist,Mechanical Engineer
26,85,83,43,61,52,50,44,1,1,0,1,0,0,1,0,1,1,Lawyer,Graphic Designer,Content Writer
56,87,87,45,84,95,82,27,1,0,0,1,0,1,1,1,0,1,Psychologist,Architect,UX/UI Designer
72,96,58,73,81,56,51,64,1,1,0,0,0,1,1,1,0,0,Civil Engineer,Marketing Manager,Doctor
57,62,41,41,33,82,89,71,0,0,0,0,0,0,1,1,0,0,Digital Marketer,Marketing Manager,Content Writer
79,94,83,23,83,51,98,52,1,0,0,1,1,1,1,0,1,1,Financial Analyst,Graphic Designer,Content Writer
54,70,25,68,35,45,78,23,1,1,0,1,1,0,1,1,0,0,Civil Engineer,Marketing Manager,Content Writer
55,98,30,38,28,63,40,84,0,0,0,1,0,0,0,0,0,1,Doctor,Marketing Manager,Data Scientist
81,26,92,67,95,49,25,66,1,1,1,1,0,0,1,0,0,0,Civil Engineer,Content Writer,Lawyer
47,25,42,79,65,99,76,20,1,1,1,0,1,1,0,0,0,1,Lawyer,Graphic Designer,UX/UI Designer
77,85,81,50,30,41,27,46,1,1,0,0,1,0,0,1,0,1,Architect,Marketing Manager,Doctor
62,41,27,41,96,89,81,78,1,1,1,1,0,1,1,1,0,1,Graphic Designer,Lawyer,Architect
69,50,100,81,81,35,87,94,1,0,0,1,1,0,1,0,0,1,Lawyer,Data Scientist,Civil Engineer
48,29,25,23,55,33,74,30,0,1,0,0,0,0,1,1,0,0,Civil Engineer,Teacher,Doctor
75,35,22,32,39,42,90,43,1,0,0,1,1,1,1,1,0,1,Lawyer,Architect,Data Scientist
86,41,47,54,48,40,77,64,1,1,0,0,0,1,0,1,0,0,Lawyer,Digital Marketer,Mechanical Engineer
60,69,22,51,77,90,67,22,1,0,1,1,1,0,0,1,0,0,Psychologist,Mechanical Engineer,Software Developer
73,71,50,67,40,84,67,56,0,1,0,0,0,1,1,0,1,0,UX/UI Designer,Graphic Designer,Content Writer
63,69,81,39,99,86,48,48,1,0,0,1,0,1,1,1,1,0,Data Scientist,Marketing Manager,Doctor
47,61,72,63,71,90,91,74,0,1,1,0,0,0,0,1,0,0,UX/UI Designer,Graphic Designer,Digital Marketer
46,99,98,53,90,66,64,72,1,0,0,0,1,1,0,0,1,0,Digital Marketer,Content Writer,Psychologist
97,73,20,66,69,89,69,59,0,1,0,0,1,1,0,0,0,0,Civil Engineer,Psychologist,Software Developer
69,21,61,99,28,49,64,33,1,1,1,1,1,0,1,0,1,1,UX/UI Designer,Psychologist,Graphic Designer
69,84,54,67,89,48,88,33,0,0,1,1,1,0,0,0,1,0,Graphic Designer,UX/UI Designer,Architect
98,98,31,24,80,50,93,22,1,1,1,0,1,0,1,1,0,1,Content Writer,Architect,Psychologist
29,55,72,69,76,70,69,82,0,0,1,0,0,0,1,0,1,1,Software Developer,Civil Engineer,Digital Marketer
45,52,67,33,36,70,44,99,1,1,1,0,1,1,1,1,0,0,Doctor,Teacher,Psychologist
36,77,26,79,30,32,21,77,0,1,0,1,0,1,1,1,0,0,Content Writer,Teacher,UX/UI Designer
27,85,74,75,85,48,74,42,0,1,1,0,1,1,0,0,0,1,Architect,UX/UI Designer,Psychologist
35,54,61,37,77,99,28,34,0,1,1,0,0,1,1,1,0,0,Software Developer,Civil Engineer,Lawyer
36,97,74,72,51,55,75,87,1,1,0,0,1,1,0,0,0,0,Data Scientist,Content Writer,Digital Marketer
46,36,33,25,100,42,62,72,0,0,0,0,0,0,1,0,0,0,Psychologist,Digital Marketer,Software Developer
97,90,47,42,53,70,96,82,0,0,0,0,1,0,1,1,0,0,Digital Marketer,Doctor,Marketing Manager
86,51,98,79,46,39,71,46,1,0,0,0,1,0,0,1,0,0,Financial Analyst,Civil Engineer,Doctor
65,53,68,41,33,91,42,65,0,1,0,0,1,1,0,0,1,1,Software Developer,Architect,Content Writer
70,43,81,20,20,79,48,82,0,0,1,0,1,0,1,0,0,0,Data Scientist,Graphic Designer,Doctor
55,37,69,90,76,34,93,42,0,1,0,0,0,0,0,0,1,1,Financial Analyst,Psychologist,Mechanical Engineer
31,35,48,42,64,74,36,49,1,1,0,0,0,1,0,1,0,1,Doctor,Software Developer,Civil Engineer
23,60,59,62,52,45,65,36,1,0,1,0,0,0,1,1,0,1,Psychologist,Teacher,Marketing Manager
78,20,51,31,60,63,89,42,0,1,0,0,0,0,0,1,1,0,Mechanical Engineer,Data Scientist,Psychologist
31,28,23,28,58,61,69,57,1,1,1,0,1,0,0,0,1,1,Graphic Designer,Doctor,UX/UI Designer
57,68,98,37,43,42,55,87,0,0,1,1,0,1,0,0,1,0,Digital Marketer,Financial Analyst,Civil Engineer
30,23,32,60,90,45,61,73,1,0,1,0,1,0,1,1,1,0,Lawyer,UX/UI Designer,Software Developer
29,27,85,92,75,28,61,91,1,1,1,1,1,1,1,0,0,0,Financial Analyst,Graphic Designer,Lawyer
88,33,54,50,74,26,98,27,0,0,0,1,0,1,1,1,1,1,Software Developer,Civil Engineer,Data Scientist
87,40,84,56,83,76,44,22,0,0,1,0,1,1,0,0,0,0,Content Writer,Digital Marketer,Architect
45,68,79,24,76,93,44,32,1,1,1,1,0,0,0,1,0,0,Architect,UX/UI Designer,Teacher
76,52,41,51,32,36,94,38,0,1,1,1,0,0,0,1,0,0,Digital Marketer,Mechanical Engineer,Lawyer
64,58,34,61,23,51,48,64,1,0,0,0,0,1,1,1,0,0,Financial Analyst,Teacher,Data Scientist
37,35,31,46,68,71,67,52,1,0,1,0,1,1,1,1,0,1,Mechanical Engineer,Doctor,Psychologist
63,94,69,29,59,63,68,32,1,1,1,0,0,1,1,1,1,0,Mechanical Engineer,Lawyer,Graphic Designer
76,76,51,61,48,20,48,64,1,1,0,1,1,1,0,0,1,1,Content Writer,Digital Marketer,Mechanical Engineer
98,91,21,57,31,38,58,30,0,0,1,0,0,0,0,0,1,0,Teacher,Marketing Manager,Content Writer
67,55,100,63,26,69,40,96,0,1,1,1,0,0,1,0,1,0,UX/UI Designer,Digital Marketer,Lawyer
32,34,55,31,67,72,67,88,1,1,1,0,1,1,0,0,1,1,Doctor,Software Developer,Marketing Manager
95,83,36,24,79,65,95,35,1,1,1,0,0,1,1,0,0,0,Civil Engineer,UX/UI Designer,Marketing Manager
20,87,43,99,89,94,94,32,0,0,1,1,0,1,1,1,1,1,Software Developer,Data Scientist,Financial Analyst
56,64,50,85,42,98,97,82,0,1,0,1,1,1,0,1,1,1,Mechanical Engineer,Doctor,UX/UI Designer
58,90,62,29,94,89,48,84,1,0,1,0,1,0,1,0,1,1,Teacher,Content Writer,Financial Analyst
99,42,69,69,80,21,22,43,0,0,1,1,1,0,0,1,0,1,Graphic Designer,Teacher,Doctor
22,60,48,81,96,74,26,89,0,0,1,0,1,1,0,0,1,1,UX/UI Designer,Lawyer,Mechanical Engineer
37,72,45,54,97,96,60,48,1,0,1,1,1,1,0,1,1,0,Architect,Graphic Designer,Lawyer
22,61,21,22,55,94,48,65,1,1,1,1,1,1,1,1,1,0,Data Scientist,Doctor,Teacher
74,46,65,28,65,100,88,75,1,1,1,1,0,0,0,1,1,1,Mechanical Engineer,Content Writer,Data Scientist
92,37,68,97,66,46,78,81,0,0,1,1,0,0,1,0,0,1,Financial Analyst,Graphic Designer,Lawyer
21,96,96,56,55,95,91,20,1,0,0,0,1,1,0,1,1,0,Software Developer,Civil Engineer,Data Scientist
93,73,51,69,73,78,75,72,0,0,0,0,0,0,1,0,0,1,UX/UI Designer,Psychologist,Architect
76,79,94,71,60,75,84,26,1,0,1,1,1,1,1,1,0,0,Doctor,Graphic Designer,Digital Marketer
51,43,64,67,77,82,48,36,0,0,1,1,0,0,0,0,1,0,Software Developer,Digital Marketer,UX/UI Designer
22,91,77,54,56,34,51,84,0,0,1,1,1,1,1,0,1,0,Digital Marketer,Marketing Manager,Civil Engineer
61,24,69,23,67,68,30,33,1,1,0,1,1,1,1,0,0,0,Graphic Designer,Teacher,Mechanical Engineer
88,33,46,27,22,56,40,76,1,1,0,0,0,1,0,1,0,1,Digital Marketer,Doctor,Mechanical Engineer
68,35,55,34,77,68,46,57,1,1,1,0,1,1,0,0,0,0,Teacher,Marketing Manager,Digital Marketer
59,53,38,91,38,38,22,91,0,0,1,1,1,1,0,0,1,1,UX/UI Designer,Financial Analyst,Mechanical Engineer
88,71,26,43,74,23,22,21,0,1,1,0,0,1,0,0,0,0,Financial Analyst,Psychologist,Mechanical Engineer
33,59,64,34,66,43,34,67,1,0,0,1,0,1,0,0,0,0,Lawyer,Financial Analyst,Graphic Designer
92,91,90,84,62,30,41,33,0,1,0,0,0,1,1,0,0,0,Psychologist,Doctor,UX/UI Designer
71,90,94,95,45,82,43,46,0,0,1,0,1,0,0,0,0,0,Graphic Designer,UX/UI Designer,Marketing Manager
95,98,47,92,47,25,60,51,1,0,1,1,1,1,1,1,0,1,Financial Analyst,UX/UI Designer,Teacher
96,44,35,22,58,96,88,68,0,0,1,1,0,0,0,0,0,0,Data Scientist,Content Writer,Civil Engineer
81,89,76,76,75,34,38,81,1,0,0,0,1,0,1,0,1,1,Marketing Manager,Psychologist,Teacher
95,27,30,87,86,46,27,91,1,0,1,1,0,0,0,1,0,0,Financial Analyst,Software Developer,Marketing Manager
73,97,61,34,46,31,20,64,0,1,1,0,1,1,0,0,0,1,Teacher,Civil Engineer,Software Developer
99,75,62,77,78,62,59,41,0,0,0,0,0,0,1,1,0,1,Lawyer,Psychologist,Digital Marketer
27,68,93,35,52,69,36,46,1,1,0,1,1,1,0,0,1,0,UX/UI Designer,Graphic Designer,Lawyer
44,84,89,79,35,54,65,46,0,0,0,0,1,0,1,1,0,1,Software Developer,Digital Marketer,Psychologist
44,31,71,84,39,35,76,81,0,0,0,0,1,1,1,0,1,0,Content Writer,Software Developer,Digital Marketer
78,39,29,77,35,86,84,70,0,1,1,0,0,0,1,0,0,1,Financial Analyst,Digital Marketer,Civil Engineer
25,62,59,25,80,84,44,94,0,1,0,0,0,1,1,0,1,0,Content Writer,Teacher,Doctor
61,77,67,91,51,60,91,59,1,0,0,1,0,0,0,0,0,0,Doctor,Lawyer,Teacher
60,64,98,40,87,80,20,47,0,0,1,1,0,0,1,0,1,1,Graphic Designer,Civil Engineer,UX/UI Designer
69,83,41,89,75,39,68,59,0,0,1,1,0,0,0,1,1,0,Marketing Manager,Doctor,Content Writer
59,75,33,30,25,90,79,64,1,0,1,1,1,1,0,0,0,0,Psychologist,Architect,Graphic Designer
86,62,42,22,24,43,80,87,0,1,0,0,0,0,0,1,1,1,Digital Marketer,Teacher,Architect
46,59,55,64,82,98,88,57,1,1,1,0,1,1,0,1,0,1,Teacher,Software Developer,Graphic Designer
35,57,73,26,69,37,37,31,1,0,0,0,1,0,1,1,1,0,Graphic Designer,Data Scientist,Lawyer
80,92,50,44,47,60,44,39,1,0,1,0,0,0,1,0,1,0,Digital Marketer,Software Developer,Civil Engineer
45,89,93,35,38,91,90,95,1,0,1,1,1,1,1,0,1,1,Lawyer,Marketing Manager,Digital Marketer
33,68,92,56,52,30,95,35,0,1,0,1,0,0,0,1,1,0,Psychologist,Digital Marketer,Doctor
69,55,96,86,70,61,26,44,0,0,1,1,0,0,0,0,0,1,Mechanical Engineer,Lawyer,Marketing Manager
41,33,43,82,98,62,82,74,0,1,1,0,0,0,1,0,1,0,Marketing Manager,Civil Engineer,Architect
97,91,41,97,88,72,45,51,1,1,0,0,1,0,1,1,1,1,Doctor,Marketing Manager,Psychologist
85,40,32,28,78,75,63,72,1,0,1,1,0,1,0,0,0,0,UX/UI Designer,Mechanical Engineer,Marketing Manager
66,64,36,81,65,60,30,44,1,0,0,1,0,0,1,0,0,1,Marketing Manager,Lawyer,Civil Engineer
60,93,99,27,65,55,34,48,1,1,0,0,0,1,0,0,0,0,Graphic Designer,Teacher,UX/UI Designer
56,92,57,99,98,36,33,27,1,1,1,1,1,1,1,0,1,0,Civil Engineer,Data Scientist,Content Writer
39,58,33,94,44,49,96,75,0,1,1,0,1,0,0,0,0,1,Lawyer,Civil Engineer,UX/UI Designer
38,28,21,95,38,70,66,93,0,1,0,0,1,1,1,0,0,0,Graphic Designer,Architect,Content Writer
73,36,78,26,89,47,91,37,1,0,1,1,1,0,1,0,1,0,Digital Marketer,Architect,Doctor
34,39,58,33,36,97,48,65,1,1,0,0,0,1,1,1,1,0,Psychologist,Graphic Designer,Financial Analyst
70,74,91,49,61,30,91,62,1,1,1,1,0,0,0,0,0,0,Architect,Financial Analyst,Lawyer
80,82,58,74,71,20,75,85,1,1,1,0,1,1,1,1,0,1,Architect,Psychologist,Digital Marketer
80,94,50,95,93,74,77,39,1,0,1,1,0,1,0,1,0,1,Mechanical Engineer,Marketing Manager,Graphic Designer
78,84,81,27,54,68,49,90,0,1,1,1,0,0,0,1,1,0,UX/UI Designer,Mechanical Engineer,Doctor
63,49,96,62,22,33,86,54,1,0,1,1,0,0,0,0,1,0,Financial Analyst,Doctor,Architect
37,33,44,50,52,27,72,42,1,0,1,0,0,1,1,1,1,1,Software Developer,Mechanical Engineer,UX/UI Designer
38,80,58,100,81,75,39,24,0,1,0,1,1,1,0,1,1,1,Marketing Manager,Software Developer,Content Writer
88,85,85,43,70,30,68,34,0,1,1,0,0,0,1,1,1,1,Civil Engineer,Digital Marketer,Content Writer
90,86,47,72,70,35,41,62,0,1,1,1,0,0,1,0,1,0,Graphic Designer,Mechanical Engineer,Software Developer
64,92,48,71,40,80,25,85,0,1,1,0,0,1,0,0,1,0,Digital Marketer,Civil Engineer,Mechanical Engineer
92,97,35,38,33,64,52,61,0,1,1,0,0,0,1,1,0,1,Digital Marketer,Software Developer,Data Scientist
88,72,36,61,64,34,100,99,1,0,0,1,0,0,0,0,0,1,Mechanical Engineer,Architect,Psychologist
68,99,61,91,94,55,80,41,1,0,0,0,1,1,1,0,0,0,Teacher,Graphic Designer,Doctor
46,78,38,51,65,56,60,23,1,1,0,0,0,0,0,1,1,1,Civil Engineer,Architect,Mechanical Engineer
67,35,25,38,26,34,98,57,0,1,0,1,0,0,0,0,1,1,Lawyer,Content Writer,Psychologist
68,57,54,53,98,81,36,49,1,0,1,1,0,1,0,0,0,1,Lawyer,Mechanical Engineer,Doctor
39,28,35,21,68,85,98,62,0,1,0,1,0,0,1,1,0,0,Psychologist,Doctor,Marketing Manager
69,99,88,87,96,52,87,35,1,0,1,1,0,1,0,1,0,1,Teacher,Content Writer,Digital Marketer
27,58,56,74,60,98,60,48,1,0,1,1,1,1,1,0,1,0,Marketing Manager,Content Writer,Data Scientist
90,48,60,56,22,36,66,36,1,0,1,0,1,0,0,0,0,0,Content Writer,Mechanical Engineer,Lawyer
73,79,37,80,74,66,88,33,1,0,1,0,1,1,0,0,1,1,Teacher,Doctor,Mechanical Engineer
41,38,46,97,48,85,37,80,0,1,1,0,1,0,0,0,0,0,Graphic Designer,Data Scientist,Marketing Manager
68,68,64,70,60,36,100,38,1,0,1,0,1,0,1,0,1,1,Software Developer,Graphic Designer,Mechanical Engineer
84,45,85,56,23,87,79,37,0,1,1,1,1,1,0,0,1,0,Psychologist,Civil Engineer,Doctor
26,65,57,77,23,51,90,29,1,0,1,1,1,1,0,1,0,1,Doctor,Data Scientist,Psychologist
83,81,90,79,100,95,88,53,0,1,1,1,1,1,1,0,0,0,Software Developer,Lawyer,Architect
31,48,89,34,68,27,63,29,1,0,1,0,0,0,1,1,0,1,Mechanical Engineer,Graphic Designer,Architect
23,97,90,71,71,20,96,74,1,0,0,1,1,0,0,1,0,0,Psychologist,Marketing Manager,Graphic Designer
25,67,94,37,93,98,83,51,0,1,0,1,0,0,0,1,1,1,Digital Marketer,Software Developer,Data Scientist
50,72,42,77,30,62,55,89,0,1,1,1,0,1,1,0,1,1,Teacher,Psychologist,Data Scientist
74,84,38,58,22,38,23,92,1,0,0,0,0,1,1,0,0,0,Content Writer,Marketing Manager,Lawyer
43,90,69,49,73,30,43,95,1,1,1,0,1,1,0,1,0,1,Teacher,Graphic Designer,Lawyer
100,49,48,42,45,53,78,52,0,0,0,0,0,0,0,1,0,0,Architect,Software Developer,Lawyer
84,77,71,57,91,27,32,77,1,0,0,1,0,1,0,1,1,1,Graphic Designer,Doctor,Content Writer
40,75,88,55,28,57,84,80,0,1,0,1,0,1,1,1,0,0,Psychologist,Software Developer,Mechanical Engineer
71,36,94,43,99,30,67,78,1,0,1,0,1,1,1,0,0,0,Civil Engineer,Doctor,Graphic Designer
80,86,22,32,42,36,39,40,0,0,1,0,0,0,1,1,0,0,Marketing Manager,Graphic Designer,Teacher
36,64,22,28,73,96,21,60,0,0,0,1,1,0,0,1,1,1,Financial Analyst,Digital Marketer,Mechanical Engineer
22,100,73,84,26,23,75,97,0,1,0,0,0,0,1,0,0,0,Lawyer,Architect,Data Scientist
85,57,82,22,45,87,64,58,0,1,0,0,1,1,1,1,1,1,Psychologist,UX/UI Designer,Doctor
72,54,69,21,41,73,78,41,1,1,1,0,1,1,1,0,1,1,Graphic Designer,Data Scientist,Teacher
35,61,61,24,53,26,36,76,1,0,0,0,0,1,0,0,0,1,Lawyer,Civil Engineer,Mechanical Engineer
52,62,59,48,49,53,49,59,0,1,0,1,1,1,1,0,0,1,Software Developer,Architect,Civil Engineer
72,93,75,32,58,50,53,73,1,0,0,0,0,1,0,1,1,1,Marketing Manager,Doctor,Teacher
33,32,87,68,80,66,58,84,0,0,0,0,0,1,1,1,0,1,Content Writer,Mechanical Engineer,Teacher
20,59,55,25,43,66,22,57,0,1,0,1,0,0,0,0,1,0,Data Scientist,Architect,Lawyer
97,28,61,69,28,31,66,45,1,1,0,0,1,0,0,0,1,0,Digital Marketer,Data Scientist,Mechanical Engineer
90,99,43,90,55,70,97,26,0,0,1,0,1,1,0,0,1,0,Marketing Manager,Data Scientist,Financial Analyst
51,93,54,70,61,76,65,68,0,1,0,0,1,0,1,0,1,0,Content Writer,Mechanical Engineer,UX/UI Designer
22,29,49,65,62,47,85,94,1,1,1,0,1,1,1,0,1,1,Doctor,Marketing Manager,Lawyer
77,78,26,59,25,26,31,90,1,0,0,1,0,1,0,0,0,0,Civil Engineer,Content Writer,UX/UI Designer
90,67,85,26,99,95,51,57,1,0,1,1,1,1,1,0,0,1,Psychologist,Mechanical Engineer,Lawyer
26,73,73,92,26,33,59,48,0,1,1,1,0,0,0,0,0,0,Graphic Designer,Marketing Manager,Lawyer
28,100,62,99,79,43,68,59,0,1,1,0,0,0,0,0,0,1,Architect,Lawyer,Mechanical Engineer
29,88,45,31,23,29,50,53,0,0,1,1,1,1,1,0,1,0,Content Writer,Data Scientist,Doctor
86,78,24,100,43,91,64,37,0,1,0,1,0,0,0,0,1,1,Architect,Digital Marketer,Psychologist
77,87,70,70,26,77,97,100,1,1,1,1,1,0,1,1,1,0,Digital Marketer,Lawyer,Marketing Manager
37,44,38,75,69,73,97,53,1,1,0,1,1,0,1,1,1,0,Lawyer,Teacher,Graphic Designer
72,78,87,41,26,32,45,97,0,0,1,1,1,1,1,1,0,0,Architect,Mechanical Engineer,Psychologist
80,96,27,93,93,67,75,54,1,1,0,1,0,1,0,0,0,0,Civil Engineer,Software Developer,Marketing Manager
89,54,45,96,54,52,92,50,0,0,1,0,1,1,0,0,0,1,UX/UI Designer,Software Developer,Psychologist
23,82,25,74,90,47,72,29,1,1,1,0,0,0,1,0,1,1,Architect,Data Scientist,Software Developer
55,39,95,61,70,74,23,42,1,0,1,0,1,1,0,0,0,1,Financial Analyst,Mechanical Engineer,Software Developer
50,20,22,95,73,62,57,68,1,0,0,0,1,0,1,1,1,0,Psychologist,Civil Engineer,Data Scientist
100,54,64,94,53,31,23,93,0,1,1,1,1,0,1,1,1,1,Architect,Doctor,UX/UI Designer
98,39,76,88,81,95,99,21,0,0,1,1,0,0,0,1,0,1,Software Developer,Lawyer,Data Scientist
38,55,37,24,55,88,44,99,0,0,0,0,0,1,1,1,0,0,Psychologist,Content Writer,Data Scientist
94,75,32,35,34,39,90,50,0,1,0,1,1,1,0,0,0,1,Marketing Manager,Mechanical Engineer,Lawyer
58,40,43,87,93,60,46,24,0,0,1,1,0,1,0,1,0,1,Content Writer,Civil Engineer,Architect
21,75,89,32,56,76,28,23,1,0,0,1,0,1,0,1,1,1,Civil Engineer,Lawyer,Content Writer
32,62,47,90,67,35,51,44,0,0,0,1,0,0,0,0,1,0,Architect,Software Developer,UX/UI Designer
36,52,72,87,65,81,32,71,1,1,0,0,1,1,0,1,0,0,Graphic Designer,Lawyer,Teacher
76,93,47,58,95,82,29,48,0,1,1,0,1,1,1,1,1,0,Psychologist,Teacher,Marketing Manager
55,25,63,84,23,29,27,39,1,1,1,0,1,1,0,0,0,0,Marketing Manager,Software Developer,Lawyer
76,67,38,52,61,22,40,34,0,1,1,1,0,0,1,1,1,0,Graphic Designer,Mechanical Engineer,Data Scientist
20,52,51,77,32,45,66,95,0,1,0,0,1,0,0,1,1,1,Mechanical Engineer,Graphic Designer,Civil Engineer
58,64,43,37,61,74,68,86,1,1,0,1,0,1,0,0,1,0,Civil Engineer,Doctor,Content Writer
63,48,81,43,52,59,59,55,1,1,0,0,0,0,1,1,1,0,Civil Engineer,Mechanical Engineer,Financial Analyst
49,29,58,45,95,51,40,95,0,1,0,1,1,0,1,1,0,1,Graphic Designer,Civil Engineer,Content Writer
45,37,22,41,67,26,40,79,0,1,0,1,0,0,1,0,1,1,Architect,Doctor,UX/UI Designer
81,49,62,92,99,57,95,24,0,1,1,1,0,1,0,0,0,0,UX/UI Designer,Mechanical Engineer,Data Scientist
86,82,29,65,68,58,25,63,1,0,1,1,0,1,1,0,1,1,Graphic Designer,Marketing Manager,Software Developer
56,35,67,56,41,65,63,27,1,0,1,0,1,0,0,1,1,0,Teacher,Software Developer,Content Writer
89,87,78,36,87,39,67,63,0,1,1,0,1,0,1,0,1,0,Architect,Marketing Manager,Graphic Designer
80,61,37,36,35,52,60,60,1,0,0,0,1,0,1,0,0,0,Doctor,Psychologist,Teacher
96,86,38,89,62,95,84,59,0,0,0,0,1,0,0,0,0,1,Mechanical Engineer,Civil Engineer,Digital Marketer
45,44,50,69,77,65,69,48,1,1,0,0,1,1,1,0,1,0,Digital Marketer,Architect,Data Scientist
90,39,83,100,45,33,26,33,0,1,0,1,0,0,1,1,1,1,Civil Engineer,Doctor,Lawyer
35,76,58,79,70,56,99,30,1,0,0,0,1,0,0,1,1,1,Content Writer,Graphic Designer,Mechanical Engineer
46,22,36,92,97,28,67,88,0,0,1,0,1,1,0,1,1,1,Data Scientist,Marketing Manager,Architect
70,92,24,61,98,42,77,57,0,1,1,0,1,0,1,1,0,0,Content Writer,Digital Marketer,Lawyer
51,99,30,91,94,65,40,45,1,0,0,1,1,1,1,0,1,1,Lawyer,Mechanical Engineer,Content Writer
91,54,94,46,97,63,91,84,1,0,0,0,0,1,1,0,1,1,Financial Analyst,Content Writer,UX/UI Designer
26,66,35,40,64,28,23,77,1,0,1,1,1,0,1,0,0,1,Financial Analyst,Lawyer,Software Developer
91,87,43,65,74,36,49,34,0,0,0,0,1,0,1,1,0,1,Software Developer,Civil Engineer,Marketing Manager
98,65,29,27,89,32,98,49,1,1,0,0,0,1,0,1,1,0,Teacher,UX/UI Designer,Civil Engineer
94,48,49,79,54,36,22,31,1,1,1,1,0,1,0,1,1,1,Graphic Designer,Software Developer,Marketing Manager
93,80,41,58,39,47,29,84,1,1,1,1,1,1,1,0,0,0,Software Developer,Architect,UX/UI Designer
57,86,59,97,22,81,94,85,1,1,1,1,0,1,0,0,0,1,Data Scientist,Marketing Manager,UX/UI Designer
22,82,62,46,80,85,35,40,1,0,1,0,1,1,0,1,0,0,Doctor,Psychologist,Architect
34,34,20,39,33,52,70,67,1,1,1,0,1,0,0,1,1,1,Graphic Designer,Data Scientist,UX/UI Designer
68,87,22,91,39,46,55,23,1,0,0,1,0,1,0,1,1,1,Graphic Designer,Content Writer,Software Developer
100,23,57,71,72,25,36,34,0,0,0,1,0,0,1,0,1,0,Data Scientist,Doctor,Psychologist
86,76,81,85,66,45,83,92,0,0,0,1,0,1,0,1,1,1,Lawyer,Architect,Digital Marketer
39,23,43,64,21,62,72,60,0,0,1,0,1,1,0,1,1,0,Mechanical Engineer,Graphic Designer,Lawyer
71,74,67,81,73,54,58,94,1,1,0,1,1,1,1,1,1,1,Lawyer,Doctor,Digital Marketer
39,95,53,75,25,29,42,64,0,0,0,1,1,0,0,0,0,1,Content Writer,Mechanical Engineer,Architect
46,87,69,46,67,46,53,93,0,0,1,0,1,1,1,0,0,1,Psychologist,Software Developer,Architect
89,38,38,77,47,43,100,79,1,1,0,0,0,1,1,0,0,0,Graphic Designer,Content Writer,Financial Analyst
68,67,37,43,30,20,67,80,1,0,0,1,0,1,1,1,0,1,Digital Marketer,Content Writer,Psychologist
51,92,68,90,35,33,79,40,0,0,0,1,0,0,1,1,1,0,Software Developer,Marketing Manager,Psychologist
95,76,74,66,61,76,73,58,1,1,1,0,1,0,0,1,0,1,Software Developer,Doctor,Marketing Manager
34,72,69,49,22,64,34,92,0,0,1,0,0,1,1,1,1,0,Financial Analyst,UX/UI Designer,Data Scientist
29,65,39,46,37,27,73,71,1,0,1,0,0,1,0,0,0,0,Graphic Designer,Mechanical Engineer,Financial Analyst
36,91,50,51,90,86,21,21,1,1,0,1,1,1,0,0,0,1,Data Scientist,Software Developer,Marketing Manager
41,100,46,98,77,100,35,78,0,1,1,0,1,1,1,0,0,1,Teacher,Doctor,Civil Engineer
97,51,89,34,31,30,96,59,0,0,0,0,1,0,0,0,0,0,Mechanical Engineer,Doctor,Civil Engineer
45,83,87,23,89,50,49,62,1,1,0,1,1,1,0,1,0,1,Psychologist,Content Writer,Mechanical Engineer
22,80,74,29,67,63,66,36,0,1,1,1,0,1,0,1,0,0,Architect,Digital Marketer,Lawyer
88,23,26,60,62,75,96,85,1,1,1,0,1,0,1,1,0,1,Lawyer,UX/UI Designer,Software Developer
54,75,24,73,66,92,50,90,1,0,1,1,1,0,1,0,0,1,Civil Engineer,Teacher,Lawyer
65,65,99,66,24,73,81,55,1,0,1,1,1,0,1,0,0,0,Content Writer,Financial Analyst,Mechanical Engineer
41,56,86,33,56,98,21,91,0,1,1,0,1,1,0,0,1,0,Civil Engineer,Doctor,Graphic Designer
75,61,59,42,65,62,49,83,1,0,1,1,1,0,1,1,0,0,UX/UI Designer,Content Writer,Psychologist
21,92,51,87,46,24,42,30,0,0,0,1,0,1,1,1,0,0,Civil Engineer,Doctor,UX/UI Designer
51,33,70,67,32,83,67,59,0,0,1,1,0,0,0,1,1,0,Data Scientist,Doctor,Software Developer
29,28,50,82,25,90,26,44,0,1,0,0,1,0,1,0,1,1,Data Scientist,Financial Analyst,Software Developer
100,47,68,56,20,34,69,53,0,0,0,0,0,0,0,1,0,1,Architect,Doctor,Data Scientist
37,72,70,21,69,76,35,41,0,0,0,0,0,0,1,0,1,0,Doctor,Mechanical Engineer,Lawyer
92,91,20,47,72,59,54,59,0,0,1,0,0,0,0,1,0,1,Marketing Manager,Mechanical Engineer,Teacher
53,76,93,68,91,63,73,97,1,0,0,1,0,0,1,1,0,0,Architect,Lawyer,Software Developer
49,67,28,24,75,64,86,77,1,0,1,0,1,1,0,1,1,0,UX/UI Designer,Civil Engineer,Content Writer
85,82,81,82,26,44,52,75,0,0,1,1,0,0,0,0,0,0,Content Writer,Mechanical Engineer,Lawyer
56,60,54,50,88,76,84,44,1,1,1,0,0,0,0,1,1,1,Digital Marketer,Civil Engineer,Mechanical Engineer
32,22,38,63,41,62,24,82,0,0,0,1,1,0,0,0,1,1,Teacher,UX/UI Designer,Content Writer
50,58,23,98,29,61,85,42,1,1,0,0,0,0,0,0,1,1,Architect,Mechanical Engineer,Financial Analyst
97,84,88,82,74,82,66,49,1,1,1,1,0,0,1,0,0,1,Data Scientist,Architect,Software Developer
23,79,62,89,55,53,41,26,1,0,0,0,1,0,1,1,0,0,UX/UI Designer,Content Writer,Mechanical Engineer
49,78,80,93,85,41,96,61,1,1,0,0,1,1,0,0,0,1,Civil Engineer,Lawyer,Financial Analyst
51,45,35,42,73,42,58,39,0,0,1,1,0,0,1,0,0,1,Data Scientist,Civil Engineer,Marketing Manager
81,31,83,30,72,34,43,49,0,1,0,1,1,1,1,0,1,1,Marketing Manager,Architect,Psychologist
22,80,45,85,23,77,74,72,1,1,0,0,1,0,1,0,0,1,Content Writer,Mechanical Engineer,Digital Marketer
82,87,26,59,88,94,88,52,1,0,0,1,0,1,1,1,1,0,Civil Engineer,Content Writer,Data Scientist
60,56,23,67,61,95,64,64,1,1,1,1,1,0,1,0,0,1,Financial Analyst,Lawyer,Marketing Manager
74,54,21,39,54,72,42,100,1,1,1,0,0,1,0,0,0,1,Content Writer,Lawyer,UX/UI Designer
34,56,22,24,55,79,76,29,1,1,0,0,1,0,1,1,0,0,Mechanical Engineer,Architect,UX/UI Designer
47,46,92,61,79,21,57,74,1,0,0,0,0,0,0,0,1,1,Psychologist,Teacher,Software Developer
47,56,44,85,58,27,80,88,0,1,1,0,1,1,0,1,1,0,Marketing Manager,Architect,Lawyer
34,40,85,94,93,21,47,50,0,1,0,1,0,1,1,1,1,1,Architect,Psychologist,Doctor
97,79,55,49,100,62,27,68,1,1,1,1,1,1,1,1,0,1,Doctor,Architect,Content Writer
59,26,37,22,53,53,28,80,0,1,1,0,1,0,0,1,0,0,Teacher,Graphic Designer,Digital Marketer
69,93,25,24,26,95,74,54,1,0,0,0,0,0,0,1,1,1,Teacher,Civil Engineer,Lawyer
68,56,78,28,23,25,43,46,0,0,0,0,0,1,1,0,1,0,Digital Marketer,Marketing Manager,Mechanical Engineer
32,100,95,93,42,31,28,47,1,1,1,0,0,0,0,1,1,0,Financial Analyst,Civil Engineer,Digital Marketer
66,33,49,72,70,51,48,23,1,1,1,0,1,0,1,0,1,0,Mechanical Engineer,Marketing Manager,Financial Analyst
78,28,78,32,58,45,97,92,0,0,1,1,0,1,0,1,0,0,Mechanical Engineer,Digital Marketer,Civil Engineer
48,71,50,22,84,50,56,41,0,0,0,0,1,0,0,0,0,1,Data Scientist,Teacher,Mechanical Engineer
36,29,67,79,50,58,38,97,1,0,1,1,1,1,1,1,1,0,Digital Marketer,Marketing Manager,Architect
29,63,75,48,94,92,36,40,0,1,0,0,1,1,0,1,1,1,Marketing Manager,Doctor,Lawyer
77,52,69,43,31,53,28,81,0,1,1,1,1,0,0,1,1,0,Architect,Psychologist,Graphic Designer
38,64,96,86,40,82,83,89,0,0,0,0,1,0,0,0,0,1,Software Developer,Architect,Lawyer
38,35,65,63,29,84,64,88,1,1,1,1,0,1,1,1,0,0,Architect,Financial Analyst,Civil Engineer
41,62,92,63,56,74,46,37,0,0,1,1,1,0,0,1,0,1,Psychologist,Financial Analyst,UX/UI Designer
93,29,76,71,100,66,47,65,1,1,1,0,1,1,1,0,0,0,Marketing Manager,Psychologist,Architect
25,30,32,99,22,41,43,95,0,0,1,1,1,0,1,0,0,0,Civil Engineer,Graphic Designer,Content Writer
69,48,53,46,23,99,77,90,1,0,0,1,1,1,0,0,1,0,Architect,Content Writer,Mechanical Engineer
26,38,67,56,96,22,85,28,0,0,1,0,1,1,0,1,0,1,Psychologist,Graphic Designer,Data Scientist
35,51,98,54,23,41,53,92,0,1,1,0,0,0,1,0,0,1,Lawyer,Mechanical Engineer,Doctor
25,36,67,43,55,97,94,40,1,0,0,0,0,1,1,0,0,0,Financial Analyst,Digital Marketer,Architect
26,34,42,38,53,94,40,60,1,0,1,1,0,1,1,0,1,1,Psychologist,Graphic Designer,Civil Engineer
69,99,31,46,52,69,73,92,1,0,0,1,1,1,0,0,1,0,Marketing Manager,Graphic Designer,Architect
55,64,26,69,45,55,23,70,1,0,1,0,1,1,0,0,0,1,UX/UI Designer,Marketing Manager,Graphic Designer
26,52,49,64,23,31,30,24,0,1,1,1,1,0,0,0,1,1,UX/UI Designer,Mechanical Engineer,Architect
81,30,84,32,86,39,37,63,0,1,1,0,0,0,1,0,1,0,Data Scientist,Mechanical Engineer,Psychologist
24,23,32,78,38,53,66,69,1,0,0,1,1,1,1,1,0,0,Data Scientist,Architect,Graphic Designer
77,83,66,55,90,34,54,23,1,0,1,0,1,0,1,1,1,0,Content Writer,Teacher,Lawyer
51,52,27,51,21,58,87,81,0,1,0,0,1,1,1,0,1,0,Civil Engineer,Mechanical Engineer,Psychologist
40,28,36,51,60,92,42,47,0,0,1,1,1,1,1,1,1,0,Data Scientist,Teacher,Software Developer
21,82,38,36,30,64,87,98,1,0,0,1,1,0,0,1,1,0,Civil Engineer,Psychologist,UX/UI Designer
64,68,59,89,30,38,22,20,1,0,1,1,0,0,1,1,0,0,Teacher,Digital Marketer,Architect
86,41,91,31,66,96,28,61,0,0,1,0,0,0,1,1,0,1,Digital Marketer,Civil Engineer,Lawyer
23,76,45,56,78,72,32,49,0,0,0,0,0,1,1,0,1,1,Mechanical Engineer,Psychologist,Architect
53,20,35,99,92,27,76,46,0,0,0,1,1,1,1,0,1,0,Software Developer,Mechanical Engineer,Lawyer
59,78,66,62,87,52,41,82,0,0,1,1,0,0,1,1,0,0,Teacher,Digital Marketer,Financial Analyst
26,26,25,21,21,26,83,94,0,0,0,1,1,0,0,0,1,0,Digital Marketer,Content Writer,Civil Engineer
50,90,52,41,67,43,51,77,1,1,1,1,0,1,0,0,0,0,Mechanical Engineer,Content Writer,Teacher
44,69,26,61,49,56,88,77,0,1,0,0,0,1,0,1,1,1,Mechanical Engineer,Financial Analyst,Data Scientist
86,33,32,20,56,45,97,82,0,0,0,1,1,1,1,0,0,1,Civil Engineer,Data Scientist,Doctor
65,43,52,49,27,97,75,47,1,1,0,1,1,1,1,0,1,0,Graphic Designer,Teacher,Mechanical Engineer
98,87,53,61,22,25,91,68,1,1,0,1,1,1,1,0,1,1,Civil Engineer,Digital Marketer,Software Developer
65,47,56,51,100,45,36,96,1,1,1,0,1,0,0,1,0,0,Graphic Designer,Data Scientist,UX/UI Designer
99,54,93,89,33,46,69,78,1,0,1,0,0,0,1,1,0,0,Digital Marketer,Data Scientist,Content Writer
33,70,48,79,65,94,76,62,0,1,1,1,0,1,0,0,1,0,Software Developer,Graphic Designer,Civil Engineer
55,89,89,51,78,66,67,29,0,1,1,1,1,1,0,1,0,1,Architect,Teacher,Financial Analyst
34,44,51,43,41,40,64,63,1,0,1,0,0,0,1,1,1,0,Marketing Manager,Graphic Designer,Lawyer
62,40,86,88,91,57,74,22,1,0,1,1,1,1,0,0,1,0,Doctor,Psychologist,Mechanical Engineer
84,94,26,89,22,48,97,53,1,1,1,0,0,1,0,0,1,1,Mechanical Engineer,Psychologist,UX/UI Designer
79,89,50,59,27,29,67,97,0,0,0,0,0,0,1,0,0,1,Graphic Designer,Architect,UX/UI Designer
80,30,31,36,52,92,82,61,1,1,0,1,1,1,0,0,0,0,Lawyer,Teacher,Civil Engineer
49,76,38,61,47,61,58,48,0,1,1,1,1,0,1,0,1,0,Graphic Designer,Digital Marketer,Teacher
34,36,41,96,20,85,59,24,0,1,0,0,0,1,0,0,0,0,Psychologist,Lawyer,Data Scientist
67,40,53,22,92,97,26,98,1,1,1,1,0,0,1,0,1,1,Lawyer,Data Scientist,Financial Analyst
43,69,65,48,92,48,29,88,0,0,0,0,1,0,0,1,1,1,Psychologist,Graphic Designer,UX/UI Designer
41,57,50,91,78,48,21,35,0,1,1,1,0,0,1,1,0,1,Teacher,Content Writer,Data Scientist
45,38,90,29,62,33,43,20,1,1,0,0,0,1,0,1,0,1,Teacher,Civil Engineer,Marketing Manager
21,37,84,64,36,91,32,53,0,0,1,1,0,0,1,1,0,0,Lawyer,Marketing Manager,Mechanical Engineer
100,59,32,86,49,38,24,22,1,0,0,0,1,1,0,1,0,1,Digital Marketer,Doctor,Architect
43,73,51,74,66,81,62,30,1,0,1,1,1,0,0,1,0,0,Doctor,Digital Marketer,Graphic Designer
66,48,29,54,49,59,29,58,1,1,0,0,1,0,1,0,0,0,Lawyer,Architect,Digital Marketer
80,30,84,32,51,96,78,74,0,1,0,1,0,0,0,0,1,1,Lawyer,Data Scientist,Psychologist
64,24,71,96,52,80,25,83,0,0,0,0,0,1,1,1,0,1,Content Writer,Teacher,Financial Analyst
58,55,80,67,87,87,43,34,0,1,1,1,0,1,1,0,1,1,Mechanical Engineer,Civil Engineer,Architect
53,94,53,49,49,61,47,57,0,0,0,1,0,1,1,1,1,1,Marketing Manager,Psychologist,Content Writer
26,62,29,47,47,66,98,76,0,0,1,0,1,1,1,0,1,0,Lawyer,Civil Engineer,Data Scientist
37,70,83,33,51,21,31,42,0,0,0,0,1,0,0,1,1,0,Graphic Designer,UX/UI Designer,Software Developer
21,70,100,89,40,82,41,69,0,1,0,1,0,0,1,1,0,0,Content Writer,Lawyer,Marketing Manager
50,81,97,93,98,67,65,20,0,0,1,1,1,1,0,0,1,0,Civil Engineer,Digital Marketer,Psychologist
60,83,86,69,51,89,66,91,1,0,1,1,1,0,1,1,0,0,Architect,Psychologist,Digital Marketer
80,34,21,73,32,96,69,79,0,1,1,1,0,0,1,0,1,0,Teacher,Doctor,Content Writer
25,68,78,98,67,34,78,75,0,0,0,1,1,1,0,0,0,0,Financial Analyst,Marketing Manager,Content Writer
81,83,66,39,77,49,97,57,1,0,1,1,0,0,1,1,0,1,Marketing Manager,Civil Engineer,Doctor
77,56,61,52,98,54,98,74,0,0,1,0,1,1,1,1,0,1,Graphic Designer,Software Developer,Architect
24,90,63,53,33,94,81,36,0,0,1,0,1,1,1,1,1,0,Civil Engineer,UX/UI Designer,Marketing Manager
86,22,78,47,44,51,59,52,1,0,0,1,1,0,1,0,1,1,Mechanical Engineer,Financial Analyst,Teacher
27,49,83,88,25,88,48,29,1,1,1,0,1,0,0,0,1,1,Architect,Content Writer,Teacher
81,98,78,80,59,24,92,64,0,1,1,0,1,1,1,1,1,0,Civil Engineer,Graphic Designer,Architect
69,59,74,53,81,25,49,46,0,0,0,0,0,0,1,1,1,0,Lawyer,Psychologist,Architect
20,76,52,44,76,93,84,98,1,1,0,1,1,0,1,1,1,1,Architect,Psychologist,Content Writer
75,67,83,30,84,89,82,38,1,0,0,0,1,1,1,1,1,1,Mechanical Engineer,UX/UI Designer,Doctor
99,80,81,49,34,23,59,76,0,1,0,0,0,1,1,1,0,0,Data Scientist,Marketing Manager,Psychologist
92,99,65,54,57,37,94,96,0,0,1,1,1,1,1,1,1,0,Data Scientist,Software Developer,Digital Marketer
56,58,34,93,73,45,37,40,0,0,0,0,0,1,1,0,0,1,Software Developer,Lawyer,Digital Marketer
64,56,90,80,98,66,82,21,0,0,0,0,1,0,1,1,0,1,Software Developer,Architect,Doctor
25,35,71,58,68,77,26,52,1,1,0,1,1,0,0,1,1,0,Digital Marketer,Mechanical Engineer,Software Developer
24,70,30,54,93,64,28,86,1,0,0,1,0,1,1,0,1,1,Content Writer,Psychologist,Architect
56,48,90,34,51,60,49,34,1,1,1,0,1,0,0,0,0,0,Marketing Manager,Lawyer,Architect
100,83,41,53,67,33,74,37,0,1,1,1,0,1,1,0,0,1,Architect,Graphic Designer,Lawyer
59,86,71,51,64,22,41,69,1,1,0,0,0,0,1,1,1,0,Marketing Manager,Software Developer,Psychologist
41,22,82,100,77,37,87,84,1,0,0,0,1,1,1,0,1,1,Lawyer,Civil Engineer,Digital Marketer
32,77,74,78,75,76,92,62,1,1,1,1,1,1,1,0,0,1,Digital Marketer,Psychologist,Financial Analyst
20,74,31,79,94,79,51,56,0,1,1,0,0,1,1,1,1,0,Architect,Content Writer,Digital Marketer
49,93,69,99,75,31,53,80,0,0,0,1,0,1,0,0,0,1,Lawyer,Data Scientist,Software Developer
95,76,37,78,71,97,75,64,1,1,0,1,0,1,0,1,1,0,Civil Engineer,Graphic Designer,Lawyer
30,87,74,45,55,69,37,31,1,0,1,0,0,0,1,1,0,0,Digital Marketer,Teacher,Mechanical Engineer
35,81,48,20,59,37,20,73,1,1,0,1,1,1,0,0,1,0,Software Developer,Mechanical Engineer,Doctor
27,90,56,29,71,75,65,25,0,0,0,1,1,1,1,0,0,0,Civil Engineer,Data Scientist,Psychologist
29,37,70,22,88,81,44,52,1,1,0,1,0,1,0,1,1,0,Digital Marketer,UX/UI Designer,Doctor
99,81,83,98,25,95,34,47,1,1,0,1,1,0,0,0,0,1,Lawyer,Financial Analyst,Marketing Manager
43,79,32,67,58,55,97,62,0,0,1,1,1,0,1,0,1,0,Software Developer,Doctor,Teacher
22,81,33,61,78,79,86,87,1,0,0,1,0,0,1,1,0,0,Digital Marketer,Marketing Manager,Civil Engineer
23,50,38,58,78,95,72,24,0,0,0,1,0,0,1,0,1,1,Data Scientist,UX/UI Designer,Doctor
69,72,96,59,34,51,99,25,0,1,0,0,1,1,1,1,1,0,Content Writer,Mechanical Engineer,Data Scientist
57,96,76,49,25,46,31,82,1,1,0,1,1,0,1,1,0,0,Content Writer,Marketing Manager,Data Scientist
50,43,27,62,60,89,51,78,0,0,0,0,1,0,1,1,1,1,UX/UI Designer,Architect,Mechanical Engineer
31,30,79,90,69,28,60,67,0,0,1,0,0,1,0,1,0,0,Data Scientist,Graphic Designer,Architect
91,81,25,30,55,65,84,78,1,0,0,1,1,0,0,0,0,0,Financial Analyst,Content Writer,Data Scientist
51,83,29,60,78,34,27,36,1,0,0,1,0,1,0,0,1,0,Architect,Civil Engineer,Lawyer
73,70,55,92,71,74,96,25,1,1,0,1,1,1,0,0,0,0,Psychologist,Content Writer,Teacher
85,47,90,41,62,83,27,84,0,1,1,1,0,0,0,1,0,1,Teacher,Content Writer,Psychologist
20,24,80,47,57,31,55,82,1,0,0,0,1,0,1,1,0,1,UX/UI Designer,Mechanical Engineer,Graphic Designer
23,36,47,65,70,94,61,63,1,0,1,1,1,1,1,0,0,0,Financial Analyst,Lawyer,Mechanical Engineer
74,86,63,74,79,23,70,35,0,0,1,1,1,1,1,1,0,0,Content Writer,Financial Analyst,Digital Marketer
98,93,58,64,64,72,77,84,1,1,0,0,0,1,1,1,0,1,Doctor,Financial Analyst,Civil Engineer
54,95,92,90,36,24,83,88,1,1,0,1,0,1,0,0,1,0,Mechanical Engineer,Financial Analyst,Data Scientist
33,35,97,39,24,22,89,39,0,0,1,1,0,0,0,1,0,0,Financial Analyst,Mechanical Engineer,Software Developer
89,90,85,71,51,64,44,20,1,0,0,1,0,1,0,1,0,1,Content Writer,Psychologist,Lawyer
68,76,88,23,32,30,22,20,1,1,1,1,0,0,0,1,0,1,Marketing Manager,Lawyer,Financial Analyst
40,53,68,71,54,56,83,82,0,1,1,1,0,1,0,1,0,1,Marketing Manager,Data Scientist,Software Developer
97,64,29,31,96,100,38,72,1,0,1,0,1,1,1,1,1,1,Psychologist,Graphic Designer,UX/UI Designer
28,67,90,85,94,84,53,57,1,1,1,0,1,0,1,1,0,1,Doctor,UX/UI Designer,Civil Engineer
90,28,88,93,55,37,73,24,1,1,1,1,1,0,0,0,0,1,Doctor,Digital Marketer,Content Writer
99,96,64,71,79,54,78,59,0,0,1,1,0,1,0,0,1,0,Mechanical Engineer,Architect,Marketing Manager
20,67,44,43,73,69,81,39,0,1,1,0,0,0,0,0,1,1,Financial Analyst,UX/UI Designer,Psychologist
57,45,50,81,47,87,88,81,1,1,1,0,1,0,1,0,0,1,Civil Engineer,Lawyer,Digital Marketer
84,87,70,37,94,99,27,30,1,1,1,1,1,0,1,0,0,1,Psychologist,Doctor,Data Scientist
45,60,31,50,92,76,37,35,0,1,0,1,1,0,1,1,0,1,Teacher,Architect,Marketing Manager
54,83,45,63,69,23,50,93,0,1,0,0,1,0,0,0,0,1,UX/UI Designer,Teacher,Psychologist
31,68,64,80,93,23,34,30,1,1,0,1,0,0,1,0,1,0,Digital Marketer,Software Developer,Architect
34,86,53,99,47,32,39,64,0,0,0,1,1,0,1,1,0,1,Marketing Manager,UX/UI Designer,Lawyer
28,58,77,39,26,100,71,91,1,0,1,0,0,0,0,1,0,1,Data Scientist,Civil Engineer,Graphic Designer
100,30,56,59,46,42,44,38,1,1,0,0,0,0,1,1,1,1,Data Scientist,Content Writer,UX/UI Designer
90,70,34,52,34,43,48,78,0,0,1,0,0,0,1,0,0,0,Lawyer,Software Developer,Financial Analyst
51,52,47,56,96,26,39,71,0,0,1,1,0,1,1,0,1,1,Data Scientist,Lawyer,Psychologist
45,86,89,82,44,26,63,63,0,1,0,0,1,1,1,0,0,1,Digital Marketer,Teacher,Psychologist
28,82,39,26,67,21,99,53,0,1,0,0,0,0,0,0,0,0,Lawyer,Psychologist,Software Developer
71,44,23,49,91,39,38,64,0,1,1,0,1,0,0,1,0,0,Digital Marketer,Mechanical Engineer,Software Developer
55,67,56,74,67,98,82,50,1,0,0,1,0,1,0,0,0,0,Marketing Manager,Civil Engineer,Lawyer
88,23,28,57,43,84,65,61,1,1,1,1,1,1,1,1,0,1,Digital Marketer,Civil Engineer,Content Writer
96,47,38,32,68,37,50,40,0,0,1,1,1,1,0,1,1,0,Lawyer,Software Developer,Content Writer
59,97,76,56,68,32,83,61,0,1,0,1,0,1,0,1,0,1,Graphic Designer,Civil Engineer,Marketing Manager
97,58,52,79,65,50,82,42,0,0,1,1,0,0,1,1,0,0,Software Developer,Graphic Designer,Content Writer
72,33,85,50,53,39,43,25,0,0,1,0,1,1,1,1,1,1,Lawyer,UX/UI Designer,Civil Engineer
83,82,34,85,41,42,24,89,1,1,0,1,0,1,0,0,0,0,Marketing Manager,Mechanical Engineer,Civil Engineer
41,93,50,69,74,82,99,37,1,0,0,1,0,0,0,1,1,0,Software Developer,Psychologist,Architect
61,36,56,52,58,69,79,59,0,1,1,0,0,1,1,0,0,1,UX/UI Designer,Architect,Doctor
39,38,43,52,45,36,46,24,1,0,0,1,1,0,1,1,1,1,Graphic Designer,Doctor,Psychologist
27,68,73,70,62,55,47,38,1,1,0,1,0,0,1,1,0,1,Psychologist,Graphic Designer,Teacher
34,76,86,34,39,26,29,90,1,1,1,1,0,0,0,1,1,1,Graphic Designer,Psychologist,Mechanical Engineer
69,41,54,22,63,51,45,97,0,1,1,1,1,0,0,0,1,0,Software Developer,Financial Analyst,Civil Engineer
35,92,69,81,77,44,93,100,0,0,1,1,1,0,0,1,0,0,UX/UI Designer,Psychologist,Doctor
52,46,27,57,85,81,84,76,0,1,0,0,1,0,0,0,1,1,Financial Analyst,Content Writer,Graphic Designer
23,41,69,91,76,91,99,36,1,1,0,0,1,0,1,0,1,0,Graphic Designer,Software Developer,Lawyer
88,69,85,61,57,59,73,82,0,1,0,1,0,1,0,1,1,0,Data Scientist,Teacher,UX/UI Designer
70,22,49,66,80,95,79,82,0,0,0,1,1,1,1,0,0,0,Architect,Software Developer,Teacher
57,29,72,58,57,47,51,84,1,0,1,0,1,0,0,0,0,1,Graphic Designer,Lawyer,Content Writer
88,23,74,70,20,66,90,34,0,0,1,1,1,1,0,1,1,0,Mechanical Engineer,Psychologist,Digital Marketer
55,20,21,71,44,93,40,64,1,1,0,0,0,1,0,0,0,1,Architect,Doctor,Civil Engineer
54,68,48,48,30,90,27,40,1,0,1,1,0,0,0,1,1,0,Data Scientist,Marketing Manager,Financial Analyst
31,94,87,83,63,22,86,80,1,0,0,0,0,0,0,1,1,1,Civil Engineer,Financial Analyst,Psychologist
80,99,32,62,30,35,46,64,1,0,1,1,1,1,0,0,1,1,Mechanical Engineer,Lawyer,Architect
87,28,51,98,28,20,96,63,0,0,0,0,1,1,0,0,1,0,UX/UI Designer,Architect,Civil Engineer
50,74,88,26,53,94,88,59,0,1,1,0,0,1,0,0,0,0,Data Scientist,Teacher,Content Writer
43,33,38,73,69,32,40,59,1,1,0,1,0,0,0,0,1,1,Content Writer,Graphic Designer,UX/UI Designer
50,77,25,75,55,61,95,96,0,0,0,0,0,1,1,0,1,0,Marketing Manager,Digital Marketer,UX/UI Designer
75,86,30,84,90,38,32,99,0,1,0,1,0,0,1,0,0,0,Financial Analyst,Digital Marketer,Lawyer
46,83,47,75,66,33,59,68,0,1,1,1,1,0,0,1,1,0,Digital Marketer,Lawyer,Civil Engineer
28,32,42,77,91,91,90,55,1,0,0,1,1,1,1,0,1,1,Marketing Manager,Digital Marketer,Data Scientist
28,74,99,22,36,64,31,58,0,1,1,0,1,1,0,1,1,1,Civil Engineer,Psychologist,Data Scientist
47,88,55,31,39,87,49,60,0,1,1,0,0,0,1,1,0,1,Lawyer,Architect,Software Developer
74,64,40,95,58,60,59,54,0,0,0,0,0,0,0,0,0,1,Doctor,Architect,Graphic Designer
66,99,48,23,57,25,91,77,0,0,1,1,0,1,0,0,0,1,Civil Engineer,Digital Marketer,Software Developer
81,31,83,64,54,33,66,86,0,0,0,1,0,0,0,1,1,1,Financial Analyst,Architect,Teacher
39,35,88,24,43,57,60,36,0,1,1,1,0,1,0,1,1,1,Graphic Designer,Lawyer,Psychologist
34,82,36,73,92,70,29,32,0,1,0,0,1,1,0,0,0,1,Marketing Manager,Digital Marketer,UX/UI Designer
74,20,39,81,39,76,60,98,1,0,0,1,1,0,1,0,1,1,Software Developer,Teacher,Architect
47,93,72,70,29,38,63,95,0,1,0,0,0,1,1,0,1,0,Financial Analyst,Marketing Manager,Teacher
37,23,54,32,78,89,75,96,1,0,0,0,1,0,0,1,1,1,Architect,UX/UI Designer,Digital Marketer
33,33,95,30,39,25,79,33,1,0,0,0,0,0,0,0,1,1,Psychologist,Lawyer,Marketing Manager
68,24,59,94,54,40,21,24,1,1,0,1,0,1,1,0,0,0,Digital Marketer,Teacher,Psychologist
46,21,21,34,74,58,95,35,1,1,1,0,0,0,0,1,0,0,Psychologist,Software Developer,Data Scientist
65,73,94,55,27,84,84,80,0,0,1,1,1,0,0,0,0,0,Lawyer,Graphic Designer,Marketing Manager
63,42,20,99,70,91,24,70,1,1,0,1,0,0,1,1,0,0,Marketing Manager,Software Developer,Financial Analyst
54,88,32,92,94,90,34,40,0,1,0,1,0,0,0,0,1,0,Financial Analyst,Doctor,Mechanical Engineer
88,39,51,76,53,59,81,78,0,0,1,0,1,1,0,0,0,0,Doctor,UX/UI Designer,Teacher
35,43,56,24,66,69,75,89,0,0,1,1,0,1,1,0,1,1,Psychologist,Architect,Lawyer
67,33,51,28,68,59,98,91,0,0,0,0,1,1,0,0,1,0,Mechanical Engineer,Civil Engineer,Lawyer
98,64,94,99,93,72,85,90,0,1,1,0,1,0,0,0,1,0,Graphic Designer,Doctor,Content Writer
56,71,74,21,84,67,52,81,0,1,0,1,0,1,1,0,1,1,Architect,Marketing Manager,Civil Engineer
99,92,38,73,33,89,61,36,1,0,1,1,1,1,0,1,0,0,Software Developer,Content Writer,Marketing Manager
28,40,24,64,58,37,61,81,1,0,1,1,1,0,1,1,0,1,Data Scientist,UX/UI Designer,Civil Engineer
48,97,91,27,74,31,43,29,0,0,1,1,1,0,1,0,1,0,Graphic Designer,Lawyer,Psychologist
89,52,89,93,25,51,87,65,0,0,1,0,0,1,0,0,0,1,Mechanical Engineer,Doctor,Content Writer
50,78,72,68,30,30,26,28,1,0,1,1,1,0,1,0,0,0,Doctor,Lawyer,Data Scientist
56,75,94,25,64,69,24,72,0,0,1,1,1,0,1,0,1,1,Marketing Manager,Mechanical Engineer,Content Writer
97,36,64,64,22,55,96,73,1,1,1,1,0,0,1,1,0,1,Architect,Graphic Designer,Digital Marketer
59,86,50,100,57,40,35,80,1,1,0,1,0,0,0,1,0,1,Digital Marketer,Civil Engineer,Graphic Designer
58,53,68,34,61,40,57,38,1,0,0,1,0,0,0,0,1,1,Lawyer,Graphic Designer,Architect
45,35,85,100,92,35,89,79,0,1,1,0,0,0,0,1,0,1,Architect,Lawyer,Doctor
63,36,25,71,26,67,57,94,0,1,0,1,0,0,1,0,0,0,Digital Marketer,Teacher,Doctor
83,72,87,47,43,73,36,89,1,1,1,1,1,0,1,1,0,0,Lawyer,Architect,Mechanical Engineer
25,63,39,25,72,44,33,92,0,0,0,0,0,1,1,0,0,1,Content Writer,Psychologist,Digital Marketer
80,58,41,42,47,25,64,95,0,0,0,1,1,0,0,0,0,0,UX/UI Designer,Digital Marketer,Software Developer
23,43,93,38,37,36,83,79,1,1,0,1,0,1,1,0,0,0,Graphic Designer,Psychologist,Financial Analyst
31,39,62,93,29,78,61,90,1,0,0,0,0,0,1,1,1,0,Architect,Digital Marketer,Mechanical Engineer
93,91,45,56,62,81,27,83,1,0,0,1,0,0,0,0,0,1,Psychologist,Software Developer,Architect
81,69,22,63,35,20,94,30,1,0,1,1,0,1,1,1,0,0,Architect,Mechanical Engineer,Doctor
78,20,51,35,52,71,75,36,0,0,1,1,0,1,1,0,1,0,Data Scientist,Lawyer,Financial Analyst
67,68,83,92,91,66,26,70,0,0,0,0,1,0,0,1,1,1,Doctor,Marketing Manager,Mechanical Engineer
58,73,62,77,92,37,48,23,1,0,0,1,0,0,0,0,0,0,Doctor,Graphic Designer,Content Writer
57,38,26,95,100,93,60,54,0,0,0,0,0,0,0,1,0,1,Graphic Designer,UX/UI Designer,Lawyer
61,85,97,74,87,32,81,44,0,1,0,0,0,1,1,1,0,0,Lawyer,Digital Marketer,Software Developer
36,89,39,46,35,22,67,97,0,0,1,1,1,1,1,1,0,1,Software Developer,Financial Analyst,Civil Engineer
98,36,33,44,66,22,80,73,1,1,1,0,0,1,1,0,1,1,Software Developer,UX/UI Designer,Mechanical Engineer
30,97,28,68,52,28,73,30,1,1,0,0,0,1,0,0,0,1,Software Developer,Data Scientist,Psychologist
28,93,66,94,28,96,82,79,0,1,1,1,0,1,0,1,0,1,Doctor,Content Writer,Financial Analyst
43,55,72,65,49,61,29,54,1,1,1,1,1,0,0,0,1,0,Data Scientist,Teacher,Doctor
84,32,32,97,21,49,72,60,1,1,1,0,1,1,1,1,1,0,UX/UI Designer,Doctor,Financial Analyst
23,72,97,59,98,38,87,98,1,0,1,0,0,1,1,1,1,1,Teacher,Graphic Designer,Psychologist
67,56,27,92,70,20,97,50,1,1,0,0,0,1,1,0,0,0,Civil Engineer,Lawyer,Marketing Manager
31,72,25,21,73,84,59,47,1,1,0,1,1,1,1,1,1,1,Financial Analyst,Doctor,Software Developer
81,67,31,86,64,65,96,51,1,1,1,0,0,0,0,0,1,1,Civil Engineer,Marketing Manager,Software Developer
29,25,21,83,98,24,98,94,0,0,1,0,0,1,0,0,0,1,Digital Marketer,Teacher,Financial Analyst
25,82,39,42,74,74,51,98,1,1,1,1,0,1,0,0,0,1,Digital Marketer,Software Developer,UX/UI Designer
31,82,84,48,23,87,56,27,0,0,1,0,1,0,0,0,0,0,Financial Analyst,Teacher,Civil Engineer
75,74,73,78,89,44,59,84,1,1,0,1,1,0,1,0,1,0,Psychologist,Architect,UX/UI Designer
20,81,82,84,78,33,42,82,0,0,0,0,0,0,1,1,1,0,Financial Analyst,Digital Marketer,Architect
84,21,99,65,62,49,87,57,0,1,1,1,0,1,1,0,0,0,Doctor,Software Developer,Graphic Designer
96,66,48,97,58,90,42,44,1,1,0,0,0,0,1,0,1,1,Civil Engineer,Marketing Manager,Content Writer
76,70,68,22,37,43,69,46,0,1,1,1,0,0,1,0,1,0,Content Writer,Financial Analyst,Teacher
83,95,77,47,41,79,27,32,1,1,1,0,0,0,0,1,1,1,Data Scientist,Content Writer,Marketing Manager
94,80,91,71,99,93,70,52,1,0,1,1,0,1,1,1,0,0,Civil Engineer,Graphic Designer,Content Writer
40,57,89,69,96,42,54,58,0,0,0,0,0,0,0,0,1,0,Graphic Designer,UX/UI Designer,Psychologist
30,92,83,38,77,24,41,83,0,0,0,0,1,0,1,0,1,1,Psychologist,Software Developer,Architect
69,55,84,79,95,70,34,58,0,1,1,1,0,0,1,0,0,0,Psychologist,Marketing Manager,Digital Marketer
37,54,85,58,90,84,49,48,0,1,0,1,0,0,1,0,1,0,Digital Marketer,Financial Analyst,Software Developer
20,86,43,44,27,83,20,55,1,0,0,1,0,1,1,1,1,0,Content Writer,Teacher,Financial Analyst
96,27,85,21,56,71,47,72,1,0,0,1,0,1,0,0,1,1,Content Writer,Software Developer,Architect
24,62,20,42,89,33,48,60,0,0,0,0,1,1,1,0,1,0,Mechanical Engineer,Teacher,Digital Marketer
49,71,41,70,55,86,33,41,0,0,0,0,0,0,0,0,0,0,Doctor,Graphic Designer,Mechanical Engineer
57,42,92,28,60,77,23,80,0,0,0,0,0,0,0,1,1,0,Mechanical Engineer,Doctor,Civil Engineer
93,43,51,46,77,59,92,60,0,1,1,0,0,0,0,1,0,1,Lawyer,Marketing Manager,Civil Engineer
81,79,87,81,91,97,24,35,0,0,1,1,0,1,1,1,0,1,Doctor,Content Writer,Graphic Designer
73,71,67,64,78,60,42,60,0,1,0,0,0,1,0,1,1,0,Graphic Designer,Data Scientist,Content Writer
50,22,89,78,20,87,55,33,1,0,0,0,1,0,0,0,1,1,Software Developer,Lawyer,Mechanical Engineer
43,57,85,91,90,93,80,64,1,0,0,0,0,1,1,1,0,1,Psychologist,Architect,Lawyer
41,72,99,46,70,59,24,72,1,0,0,0,1,0,1,1,0,0,Software Developer,Civil Engineer,Architect
100,86,82,43,23,77,41,41,0,0,1,1,0,0,1,1,0,1,Marketing Manager,Psychologist,Lawyer
45,34,66,89,57,53,76,70,1,0,0,1,1,0,0,1,1,1,Graphic Designer,Software Developer,UX/UI Designer
97,62,22,88,83,38,97,83,1,0,0,0,0,1,1,1,0,1,Psychologist,Financial Analyst,Teacher
50,46,23,94,88,84,91,63,1,0,0,0,0,0,0,1,1,0,Financial Analyst,Lawyer,Data Scientist
25,28,61,91,35,85,87,39,0,0,1,0,0,1,1,0,1,1,Psychologist,Civil Engineer,Financial Analyst
65,32,33,78,46,37,37,79,0,1,1,1,0,0,1,1,1,1,UX/UI Designer,Digital Marketer,Architect
38,80,80,49,57,22,91,88,0,0,0,0,0,0,1,0,0,0,Software Developer,Data Scientist,Psychologist
99,86,57,60,92,30,29,73,1,1,0,1,1,1,0,0,0,1,Data Scientist,Lawyer,Psychologist
83,59,42,96,31,71,91,36,0,0,1,1,1,0,1,0,1,0,Mechanical Engineer,Doctor,UX/UI Designer
74,52,60,46,95,71,23,95,0,0,0,1,0,1,0,1,1,0,Financial Analyst,Teacher,Doctor
45,94,56,75,38,81,99,37,0,0,0,1,1,0,1,0,1,0,Financial Analyst,Digital Marketer,Doctor
31,53,87,62,23,69,56,49,1,0,1,0,0,1,1,0,0,0,Content Writer,Lawyer,Architect
41,63,84,41,74,38,54,80,1,0,0,0,0,1,1,1,0,1,Financial Analyst,UX/UI Designer,Psychologist
20,55,65,71,97,53,58,76,0,0,0,1,1,1,0,1,1,1,Data Scientist,UX/UI Designer,Financial Analyst
71,35,69,20,65,33,24,78,0,1,1,1,1,0,0,1,0,1,Mechanical Engineer,Software Developer,Graphic Designer
84,21,40,89,53,40,96,88,0,0,1,0,0,1,0,1,0,0,Civil Engineer,Architect,Graphic Designer
22,33,77,43,78,48,22,100,0,1,1,0,0,1,0,0,0,0,Mechanical Engineer,Marketing Manager,Doctor
65,88,43,96,50,41,76,86,1,0,0,1,0,1,0,1,0,0,Architect,Financial Analyst,Software Developer
90,73,85,95,70,45,26,61,0,1,1,0,1,1,1,1,0,1,Data Scientist,Graphic Designer,Digital Marketer
77,33,49,76,77,73,21,87,0,0,1,0,1,1,0,1,1,1,Civil Engineer,Content Writer,Software Developer
99,53,55,85,86,33,96,80,1,1,0,1,0,1,1,1,1,1,Architect,Doctor,Psychologist
100,23,55,39,61,82,97,36,1,0,0,1,1,1,1,0,1,0,Doctor,Digital Marketer,Marketing Manager
36,92,100,79,55,38,60,44,0,0,0,0,0,1,0,1,1,0,Civil Engineer,Teacher,Marketing Manager
24,77,34,50,77,55,97,73,1,0,1,1,0,0,1,1,0,0,UX/UI Designer,Lawyer,Psychologist
69,65,23,56,53,31,95,83,0,0,0,0,1,1,0,1,1,1,Psychologist,Teacher,Architect
43,87,82,42,28,66,88,74,1,0,1,0,0,0,1,1,0,1,Marketing Manager,Financial Analyst,Doctor
71,26,37,62,53,31,81,37,0,1,1,1,1,1,0,0,1,0,Civil Engineer,Marketing Manager,Psychologist
27,25,80,73,75,71,49,50,0,0,1,0,1,0,1,1,0,1,Teacher,Marketing Manager,Financial Analyst
97,20,84,25,98,35,22,60,1,0,1,0,1,0,0,0,0,0,Content Writer,Teacher,Digital Marketer
91,33,97,47,50,99,99,52,1,1,1,1,0,0,1,1,0,0,Financial Analyst,Psychologist,UX/UI Designer
46,76,35,53,99,77,25,65,0,0,0,1,1,1,1,0,0,0,Civil Engineer,Doctor,Graphic Designer
49,76,32,84,72,74,32,60,0,1,1,1,1,1,0,1,0,0,Graphic Designer,Architect,Digital Marketer
50,70,70,24,39,95,50,52,0,0,0,1,0,0,1,0,1,1,Teacher,Lawyer,Data Scientist
45,32,42,57,27,84,65,37,0,1,0,0,0,0,0,1,1,1,Financial Analyst,Architect,Data Scientist
23,25,41,58,56,86,93,85,0,0,1,1,0,0,0,0,1,1,Architect,Doctor,Mechanical Engineer
60,39,30,23,23,63,56,86,0,0,0,1,0,1,0,1,0,1,Mechanical Engineer,UX/UI Designer,Marketing Manager
22,63,97,31,73,96,27,69,1,1,0,0,1,0,1,0,1,0,Content Writer,Mechanical Engineer,Financial Analyst
33,53,60,60,66,61,55,98,1,1,1,1,1,0,1,1,1,0,Marketing Manager,Software Developer,Doctor
81,74,35,85,71,64,92,24,1,1,1,0,1,1,0,1,0,1,Mechanical Engineer,UX/UI Designer,Lawyer
76,40,37,63,32,44,57,75,1,1,0,0,1,1,1,0,0,1,Teacher,Civil Engineer,Doctor
52,71,30,25,67,66,79,21,1,0,0,0,1,1,1,0,0,1,Psychologist,Teacher,Software Developer
35,80,85,64,39,66,89,20,1,0,1,1,0,0,0,0,0,0,Civil Engineer,Graphic Designer,Digital Marketer
34,85,76,33,26,87,97,28,0,0,1,0,0,0,0,0,0,1,Content Writer,Software Developer,Graphic Designer
45,52,35,100,90,40,48,53,0,1,0,0,1,1,0,0,1,0,Doctor,Architect,Mechanical Engineer
73,51,94,80,70,73,61,94,0,1,0,0,1,0,1,1,0,1,Financial Analyst,Graphic Designer,Civil Engineer
50,68,91,45,85,32,20,50,0,0,1,1,1,0,0,1,1,0,Mechanical Engineer,Civil Engineer,Marketing Manager
91,78,79,64,54,44,22,28,1,0,0,0,0,1,1,0,1,0,Digital Marketer,Civil Engineer,UX/UI Designer
46,25,74,64,26,87,37,52,1,0,1,0,1,1,0,1,0,1,Digital Marketer,Financial Analyst,Psychologist
95,33,99,93,82,76,68,73,0,0,1,1,1,0,0,0,0,1,Data Scientist,Psychologist,Lawyer
55,76,87,77,58,59,29,97,0,0,1,0,0,0,0,1,0,0,Financial Analyst,Teacher,Lawyer
98,89,82,92,47,61,70,50,0,1,1,0,1,0,0,1,0,1,Lawyer,Marketing Manager,Data Scientist
94,41,57,70,92,94,55,34,0,1,1,0,1,1,1,1,1,1,UX/UI Designer,Architect,Civil Engineer
21,80,60,61,86,82,33,40,1,0,1,1,0,0,0,1,0,1,Digital Marketer,Financial Analyst,Content Writer
44,31,70,66,91,98,94,22,1,0,1,1,0,1,1,0,1,0,Digital Marketer,Psychologist,Marketing Manager
20,50,92,21,25,92,58,56,1,1,0,0,0,0,1,0,1,1,Civil Engineer,Doctor,Psychologist
100,100,80,67,36,41,67,67,1,1,1,0,1,0,1,0,0,1,Marketing Manager,Software Developer,Doctor
38,65,95,22,89,98,34,45,1,0,0,1,0,0,0,1,1,1,Psychologist,Marketing Manager,Lawyer
73,83,79,90,36,97,36,81,0,1,0,0,1,1,1,1,1,0,Content Writer,Graphic Designer,Doctor
41,48,82,77,78,69,44,68,1,0,1,0,1,1,0,0,1,0,Financial Analyst,Software Developer,Digital Marketer
43,71,48,51,85,64,75,96,1,1,0,1,1,0,1,1,0,0,Graphic Designer,Lawyer,Civil Engineer
77,96,62,85,81,85,54,88,0,1,0,0,0,1,0,0,1,0,Digital Marketer,UX/UI Designer,Architect
80,61,57,50,92,76,62,76,0,0,1,1,1,0,1,0,1,1,Software Developer,Digital Marketer,Mechanical Engineer
96,65,39,58,34,81,60,88,1,1,0,0,1,1,0,1,0,0,Architect,Data Scientist,Marketing Manager
44,96,20,52,36,91,69,64,1,0,0,1,1,0,1,1,1,0,Architect,Content Writer,UX/UI Designer
72,21,46,26,97,31,54,54,1,0,0,1,1,1,1,0,1,0,Financial Analyst,Psychologist,Teacher
100,36,86,47,42,93,32,69,0,1,1,1,1,1,1,1,1,1,Marketing Manager,Software Developer,Teacher
49,90,37,20,58,81,67,31,0,0,0,0,0,1,1,1,0,0,Data Scientist,Doctor,Psychologist
95,28,21,65,94,52,91,84,0,1,1,0,0,0,1,1,1,1,Marketing Manager,Teacher,Software Developer
43,92,30,29,86,37,75,24,1,0,1,0,0,0,1,0,1,1,Financial Analyst,Lawyer,Psychologist
91,21,76,31,56,91,30,42,1,0,1,0,1,1,0,1,0,1,Doctor,Digital Marketer,Teacher
63,71,32,84,72,73,24,61,0,1,1,1,1,1,1,0,1,0,Financial Analyst,Lawyer,Doctor
37,64,28,80,74,93,30,88,0,1,1,0,0,1,1,1,1,1,Doctor,UX/UI Designer,Marketing Manager
79,86,30,58,20,55,94,47,0,1,1,1,1,1,0,1,1,1,Civil Engineer,Financial Analyst,Psychologist
55,83,60,35,54,58,31,71,1,1,1,0,1,0,0,1,1,1,Lawyer,Architect,Financial Analyst
53,37,59,92,65,99,72,36,0,1,1,0,0,1,0,0,0,1,Digital Marketer,UX/UI Designer,Teacher
55,59,25,39,40,95,56,23,0,0,1,0,1,0,0,1,0,0,Content Writer,Financial Analyst,Data Scientist
54,93,64,61,55,49,25,32,1,1,1,1,1,0,1,0,1,0,Mechanical Engineer,UX/UI Designer,Psychologist
56,30,83,80,40,82,39,54,1,1,0,0,0,1,0,1,0,0,Software Developer,Content Writer,Graphic Designer
85,42,94,91,67,35,45,65,1,1,1,0,0,1,1,1,0,0,Teacher,Civil Engineer,Content Writer
31,53,82,46,63,38,37,36,0,1,0,1,1,1,0,0,1,0,UX/UI Designer,Teacher,Marketing Manager
26,58,96,97,57,89,90,64,0,0,1,0,1,1,1,1,0,0,Civil Engineer,UX/UI Designer,Digital Marketer
69,28,76,86,31,77,34,50,0,0,0,0,1,0,1,0,1,0,Data Scientist,Mechanical Engineer,Digital Marketer
60,95,67,81,43,45,21,47,1,1,1,1,0,1,1,0,1,0,Data Scientist,Graphic Designer,Digital Marketer
56,47,94,49,45,79,26,88,1,1,0,0,0,1,0,1,0,0,Content Writer,Psychologist,Civil Engineer
79,22,57,24,67,26,25,88,0,1,0,0,1,1,1,1,1,1,Architect,Marketing Manager,Mechanical Engineer
22,40,68,23,77,68,47,46,0,0,0,1,1,1,1,0,1,0,Marketing Manager,Content Writer,Digital Marketer
34,42,67,60,91,50,42,71,1,0,0,1,0,1,0,1,0,0,Digital Marketer,Marketing Manager,Data Scientist
71,68,56,49,47,62,56,60,0,0,0,0,1,0,1,1,1,0,Lawyer,Civil Engineer,UX/UI Designer
81,64,46,68,23,83,20,74,0,1,1,1,0,1,0,0,0,1,UX/UI Designer,Graphic Designer,Digital Marketer
65,31,38,66,53,26,64,81,1,0,0,0,0,0,1,0,0,1,Psychologist,Mechanical Engineer,Content Writer
93,83,48,73,91,98,48,25,1,1,0,0,0,0,1,0,1,1,Civil Engineer,UX/UI Designer,Data Scientist
35,37,71,69,23,88,88,21,0,0,1,0,1,1,0,1,1,0,Civil Engineer,Graphic Designer,Marketing Manager
47,75,28,99,86,30,38,53,0,1,0,0,0,0,1,1,1,1,Architect,Doctor,Financial Analyst
87,98,45,61,98,25,20,53,1,0,1,1,0,0,1,1,0,0,Content Writer,Lawyer,Mechanical Engineer
25,34,58,44,75,45,61,95,0,1,1,0,1,0,0,1,0,1,Content Writer,Mechanical Engineer,Civil Engineer
58,56,35,54,21,59,25,80,0,1,1,1,0,1,0,1,0,0,UX/UI Designer,Marketing Manager,Psychologist
90,51,33,40,49,89,25,83,0,0,0,1,1,1,1,0,0,0,Civil Engineer,Graphic Designer,Architect
27,21,21,48,26,78,57,74,1,0,1,0,1,0,0,0,1,0,Doctor,Software Developer,Marketing Manager
76,72,40,67,89,94,36,75,0,0,0,1,1,1,0,0,0,0,Marketing Manager,UX/UI Designer,Mechanical Engineer
59,96,78,61,24,76,59,46,0,0,0,1,0,1,1,1,0,0,UX/UI Designer,Teacher,Civil Engineer
93,84,76,57,46,94,77,67,0,1,0,0,1,1,1,0,0,1,Data Scientist,Graphic Designer,Doctor
48,63,40,74,53,99,80,92,1,0,1,1,1,0,0,0,0,1,Digital Marketer,Mechanical Engineer,Financial Analyst
43,91,33,33,94,85,73,52,0,1,0,1,1,0,1,0,1,1,Teacher,UX/UI Designer,Doctor
77,92,38,40,60,96,97,52,1,1,0,1,0,0,0,0,1,0,Civil Engineer,Software Developer,Content Writer
69,72,62,40,32,76,98,45,0,1,1,0,0,1,0,1,1,0,Marketing Manager,Mechanical Engineer,Psychologist
35,27,86,20,80,78,50,88,0,1,0,0,0,1,0,1,1,0,Architect,Mechanical Engineer,Digital Marketer
29,76,35,83,87,53,52,34,0,0,1,1,0,0,1,1,0,1,Content Writer,Architect,UX/UI Designer
88,99,67,26,39,81,100,92,0,0,0,1,1,0,0,1,1,1,Psychologist,Lawyer,Data Scientist
37,68,93,72,25,57,61,41,0,1,0,0,1,0,1,0,1,0,UX/UI Designer,Architect,Lawyer
91,23,84,90,33,62,59,28,1,0,1,0,1,1,1,1,1,0,Mechanical Engineer,Psychologist,Doctor
37,81,22,81,56,35,51,44,0,0,1,0,0,1,1,0,0,1,Content Writer,Marketing Manager,Software Developer
24,37,35,58,100,23,38,44,0,1,0,1,0,0,1,0,0,1,Content Writer,Marketing Manager,Civil Engineer
40,66,58,99,64,83,93,46,1,1,1,0,0,1,0,0,0,1,UX/UI Designer,Teacher,Lawyer
51,73,34,49,21,80,85,27,0,1,1,0,1,1,0,1,0,1,Doctor,Mechanical Engineer,Civil Engineer
74,62,66,57,49,48,51,96,1,0,1,0,0,0,1,0,0,1,Teacher,Civil Engineer,Architect
70,57,83,76,41,83,30,74,1,1,1,1,1,0,0,0,1,0,UX/UI Designer,Financial Analyst,Data Scientist
96,65,23,79,26,47,34,52,0,1,1,1,1,0,1,1,0,1,Data Scientist,Architect,Marketing Manager
82,58,21,44,39,32,37,62,1,1,0,0,0,0,0,1,0,1,Digital Marketer,Marketing Manager,Civil Engineer
76,34,74,34,72,41,65,65,1,0,0,1,1,1,0,1,0,1,Marketing Manager,Doctor,Mechanical Engineer
96,26,60,50,64,62,66,34,0,1,0,0,0,0,0,1,0,0,Architect,Content Writer,Graphic Designer
70,21,77,95,24,92,90,61,0,0,1,1,0,0,0,0,1,0,Content Writer,Mechanical Engineer,Teacher
77,28,57,28,20,85,55,40,0,0,0,0,1,0,1,0,0,0,Marketing Manager,Graphic Designer,Mechanical Engineer
73,83,68,37,54,79,40,42,1,1,0,1,0,0,0,0,1,1,UX/UI Designer,Software Developer,Data Scientist
47,36,61,86,76,76,95,96,1,1,0,1,1,0,0,0,0,1,Content Writer,Data Scientist,Financial Analyst
42,48,79,52,63,84,25,29,0,0,1,0,1,0,1,1,0,1,Teacher,Graphic Designer,Content Writer
27,23,45,21,43,85,97,71,0,0,1,0,0,0,0,0,0,1,Psychologist,UX/UI Designer,Mechanical Engineer
39,64,72,38,51,69,47,42,0,1,0,1,1,1,1,1,1,0,Marketing Manager,Psychologist,UX/UI Designer
39,96,57,86,62,69,90,58,0,1,1,0,0,0,1,1,1,1,Graphic Designer,Data Scientist,Civil Engineer
38,66,66,75,99,62,42,20,1,0,0,0,1,1,1,0,0,1,Graphic Designer,Civil Engineer,Digital Marketer
60,90,37,42,65,83,83,81,1,0,1,0,0,1,0,0,0,0,Data Scientist,UX/UI Designer,Software Developer
56,87,47,97,81,58,63,36,0,0,0,1,1,0,1,0,0,1,Software Developer,Civil Engineer,Digital Marketer
58,80,34,22,90,74,41,50,0,1,1,0,0,0,0,0,0,1,Civil Engineer,UX/UI Designer,Graphic Designer
62,24,55,64,95,63,91,44,1,0,0,1,0,1,0,0,0,0,Software Developer,UX/UI Designer,Financial Analyst
38,53,56,57,82,35,78,26,0,0,1,1,0,1,1,0,1,1,Civil Engineer,Teacher,Psychologist
26,36,98,65,65,40,54,45,0,0,1,1,0,1,1,1,1,0,Lawyer,Graphic Designer,Architect
94,93,41,65,29,53,68,76,0,0,0,0,0,0,0,0,0,0,UX/UI Designer,Marketing Manager,Content Writer
79,57,37,71,95,60,84,93,1,1,0,1,1,0,0,0,1,1,Mechanical Engineer,UX/UI Designer,Architect
26,40,27,61,78,35,96,52,1,0,1,1,0,1,1,0,0,1,Mechanical Engineer,Teacher,Architect
64,44,38,66,74,90,45,45,1,1,0,1,0,0,0,1,1,0,Mechanical Engineer,Lawyer,UX/UI Designer
54,23,86,43,86,79,88,80,0,0,1,1,0,0,1,0,1,0,Software Developer,Graphic Designer,Psychologist
57,60,29,81,73,88,45,95,0,1,0,1,0,0,0,0,0,0,Doctor,Architect,Digital Marketer
76,78,54,42,36,81,66,59,1,0,1,1,1,0,1,1,1,1,UX/UI Designer,Graphic Designer,Architect
82,28,93,45,71,39,69,77,0,1,1,1,1,0,0,1,1,0,Mechanical Engineer,Financial Analyst,Teacher
22,52,43,75,45,76,30,34,1,0,0,1,0,1,0,0,0,1,Data Scientist,Teacher,UX/UI Designer
27,89,97,73,46,75,59,59,1,1,1,1,0,0,1,1,1,0,Teacher,Mechanical Engineer,Digital Marketer
24,86,65,58,23,80,71,28,0,0,1,0,0,0,0,1,0,0,Lawyer,Mechanical Engineer,UX/UI Designer
75,53,49,40,93,99,47,49,1,0,1,1,1,0,1,1,0,0,Graphic Designer,Mechanical Engineer,UX/UI Designer
40,44,28,49,30,62,50,24,1,1,0,0,1,0,1,0,0,0,Digital Marketer,Doctor,Architect
67,24,55,97,35,49,53,67,1,1,1,0,1,1,1,1,0,0,Architect,Lawyer,UX/UI Designer
31,71,50,48,73,87,61,78,0,0,0,1,1,0,1,1,1,1,Data Scientist,Lawyer,Teacher
77,40,91,37,20,49,85,47,1,1,0,0,0,0,1,1,0,1,Civil Engineer,Content Writer,Data Scientist
30,80,30,64,84,66,52,39,1,1,1,1,1,1,0,0,0,1,Financial Analyst,Data Scientist,Civil Engineer
81,50,69,35,81,39,83,45,1,1,1,1,0,1,1,1,1,0,Mechanical Engineer,Content Writer,Civil Engineer
59,62,25,86,100,45,38,87,0,1,1,1,0,0,0,1,1,0,Mechanical Engineer,Doctor,Teacher
93,77,87,29,56,73,69,29,0,1,0,1,0,1,1,0,1,1,Lawyer,Content Writer,Doctor
46,76,83,49,80,21,66,66,1,1,1,0,1,1,0,1,0,1,Data Scientist,Graphic Designer,Teacher
91,92,61,27,67,90,49,37,1,0,0,0,1,0,1,0,1,1,Financial Analyst,Teacher,Graphic Designer
67,84,44,72,90,66,67,77,0,0,1,0,0,0,0,1,0,0,Lawyer,UX/UI Designer,Digital Marketer
34,67,71,90,29,25,66,83,0,0,1,0,0,0,0,1,0,1,Mechanical Engineer,Graphic Designer,Financial Analyst
44,30,52,27,68,38,94,73,1,0,1,1,1,1,1,1,1,0,Marketing Manager,Architect,Content Writer
42,35,47,29,45,94,93,82,1,1,1,0,1,1,1,1,0,1,Civil Engineer,Doctor,Data Scientist
35,32,56,49,43,34,29,61,0,1,0,1,0,1,0,1,0,0,Architect,Graphic Designer,Lawyer
94,32,32,59,20,50,60,23,1,0,0,0,1,0,1,1,1,1,Doctor,Digital Marketer,Marketing Manager
35,26,56,21,95,93,95,49,1,0,1,1,1,1,1,1,0,0,Doctor,Civil Engineer,Software Developer
87,97,57,36,69,26,100,66,1,1,0,0,0,0,1,1,0,1,Civil Engineer,Content Writer,Doctor
22,85,42,83,76,60,41,38,1,1,0,0,1,1,1,0,0,0,UX/UI Designer,Content Writer,Data Scientist
82,40,45,83,81,92,82,66,0,1,0,0,1,0,0,1,1,1,Software Developer,Doctor,Digital Marketer
60,83,22,29,60,87,48,63,0,0,1,1,1,1,1,1,1,1,Teacher,Doctor,Digital Marketer
25,65,58,54,92,33,42,20,1,0,0,0,1,0,1,1,0,0,Psychologist,Mechanical Engineer,Teacher
84,66,72,42,81,33,25,90,1,0,1,1,1,1,1,0,1,1,Content Writer,Lawyer,Mechanical Engineer
47,76,24,42,60,44,66,96,1,1,1,0,1,0,0,1,1,1,Civil Engineer,Teacher,Data Scientist
49,27,75,61,41,30,30,54,1,0,0,0,1,1,1,0,1,0,Data Scientist,Lawyer,Graphic Designer
80,75,96,57,24,62,31,58,1,0,1,0,0,0,1,0,1,0,UX/UI Designer,Doctor,Psychologist
40,57,68,46,96,89,47,50,1,0,1,0,0,1,0,0,1,1,Marketing Manager,Doctor,Financial Analyst
70,29,37,41,60,32,100,82,1,1,0,1,1,0,1,0,0,0,Teacher,Civil Engineer,Doctor
28,81,89,65,99,48,61,37,1,1,1,0,0,0,0,0,1,0,UX/UI Designer,Marketing Manager,Psychologist
61,50,76,42,47,75,85,46,1,0,1,0,0,1,0,0,1,0,Digital Marketer,Teacher,Doctor
75,73,73,83,68,30,21,52,0,0,0,0,1,1,0,0,0,0,Graphic Designer,Lawyer,Content Writer
71,70,66,73,46,52,68,59,1,1,0,0,0,0,0,1,1,1,Content Writer,Architect,Doctor
53,60,45,66,29,90,28,34,1,1,0,1,0,1,1,0,0,0,Doctor,Psychologist,Graphic Designer
21,51,92,72,33,100,94,39,1,1,0,1,0,1,1,1,1,0,Content Writer,Lawyer,Software Developer
85,84,43,32,59,30,79,91,0,1,1,0,1,1,1,0,0,0,Architect,Marketing Manager,Digital Marketer
75,55,24,43,32,49,34,51,0,0,0,1,1,0,0,1,0,0,Doctor,Civil Engineer,Lawyer
22,76,86,39,62,30,87,70,0,1,0,1,1,1,0,0,1,1,Teacher,Graphic Designer,Content Writer
96,96,83,80,85,31,37,87,1,1,1,0,0,0,1,0,1,1,Architect,Marketing Manager,Teacher
99,46,65,32,47,78,23,32,0,0,0,0,1,0,1,0,1,1,Graphic Designer,Doctor,Lawyer
57,66,50,28,23,77,75,95,0,1,0,0,1,1,1,0,1,0,Financial Analyst,Architect,Civil Engineer
65,62,33,43,34,39,99,50,1,1,1,0,0,0,0,1,1,1,Doctor,Teacher,Lawyer
30,34,65,99,49,65,57,47,0,1,1,1,0,1,1,0,0,0,Mechanical Engineer,Data Scientist,Content Writer
64,82,38,84,92,54,58,64,1,0,1,0,1,1,1,1,1,0,Teacher,Civil Engineer,Psychologist
99,33,62,35,71,82,30,39,1,0,1,0,0,0,1,0,0,1,Financial Analyst,Graphic Designer,Doctor
59,73,97,89,20,46,35,65,0,1,1,0,0,1,1,0,1,1,Mechanical Engineer,Teacher,Graphic Designer
67,78,92,60,97,74,78,96,0,0,0,0,1,1,1,0,1,1,Doctor,Financial Analyst,Data Scientist
38,59,71,39,98,50,99,45,1,0,1,0,1,1,0,1,0,1,Software Developer,Data Scientist,Digital Marketer
31,24,71,45,31,57,22,32,0,0,1,1,1,1,0,0,1,1,Civil Engineer,Data Scientist,Digital Marketer
38,55,61,47,46,63,74,43,0,1,0,1,1,1,1,1,1,1,Marketing Manager,Software Developer,Data Scientist
52,83,89,89,58,86,63,35,0,1,1,0,0,0,0,0,1,1,Doctor,Digital Marketer,UX/UI Designer
44,33,85,71,56,32,41,53,1,1,1,1,0,1,1,1,1,1,Marketing Manager,Content Writer,Data Scientist
95,87,42,88,93,39,44,69,0,0,1,0,0,0,1,0,0,1,Mechanical Engineer,Content Writer,Psychologist
64,53,41,70,45,52,43,71,1,1,0,0,1,0,0,0,0,1,Graphic Designer,Marketing Manager,UX/UI Designer
85,68,46,36,34,49,49,84,0,0,1,1,0,1,1,1,1,0,Doctor,Data Scientist,Lawyer
91,75,28,77,29,34,20,50,0,0,0,0,1,1,0,0,1,0,Graphic Designer,Lawyer,Software Developer
85,78,82,60,89,38,57,49,1,1,0,0,0,1,0,1,0,1,Marketing Manager,Mechanical Engineer,Graphic Designer
84,75,96,97,52,40,99,86,1,0,0,0,1,0,0,0,1,1,UX/UI Designer,Civil Engineer,Marketing Manager
57,34,39,22,81,42,80,57,1,0,1,0,1,1,1,1,0,1,Software Developer,Mechanical Engineer,Marketing Manager
31,58,74,82,41,82,66,26,1,1,0,1,1,0,0,0,0,0,Lawyer,UX/UI Designer,Doctor
27,23,42,27,26,22,22,33,0,0,0,0,0,1,0,1,1,0,Doctor,Financial Analyst,Lawyer
87,73,47,48,66,35,78,75,0,1,1,0,0,0,1,1,1,0,Content Writer,Data Scientist,Doctor
72,42,47,71,94,29,97,38,1,0,0,1,1,0,0,1,0,1,Teacher,Data Scientist,Architect
29,84,51,38,59,64,35,81,1,1,0,1,1,1,1,1,0,0,Content Writer,Teacher,Graphic Designer
35,40,43,73,46,43,88,57,1,0,1,0,1,0,1,0,1,1,Content Writer,Teacher,Civil Engineer
57,58,28,29,52,75,90,89,0,0,0,0,0,1,0,0,1,0,Civil Engineer,UX/UI Designer,Architect
53,30,33,72,41,30,82,39,0,0,1,1,1,0,1,0,1,1,Graphic Designer,Data Scientist,Lawyer
65,55,52,61,80,33,81,96,0,1,1,1,1,1,1,0,0,1,Software Developer,Digital Marketer,Architect
42,77,66,43,43,52,58,38,1,1,0,1,0,1,0,0,0,1,Lawyer,Graphic Designer,Doctor
90,37,78,67,21,78,37,63,1,0,1,0,1,0,0,1,0,0,UX/UI Designer,Teacher,Financial Analyst
95,31,32,38,26,34,38,62,0,0,1,1,1,0,0,0,1,1,Data Scientist,Marketing Manager,Lawyer
66,81,56,62,82,54,53,64,0,0,0,1,1,0,0,1,1,1,Architect,UX/UI Designer,Content Writer
51,45,60,68,87,24,48,84,0,0,1,0,1,0,0,1,1,0,Mechanical Engineer,Architect,Lawyer
94,92,50,39,83,40,66,33,1,1,0,0,1,1,0,1,0,1,Mechanical Engineer,Financial Analyst,Graphic Designer
50,66,35,62,95,81,77,84,0,1,1,1,0,0,1,1,1,1,Architect,Digital Marketer,Content Writer
68,70,29,77,65,37,52,48,1,0,0,1,0,0,0,0,1,1,Architect,Doctor,Marketing Manager
90,56,71,85,50,57,99,66,1,0,1,0,0,0,1,1,0,0,Civil Engineer,Doctor,Teacher
47,94,61,30,95,22,54,73,0,1,1,1,0,1,0,0,0,1,Software Developer,Content Writer,Financial Analyst
96,77,39,63,66,72,54,48,0,1,0,1,0,1,0,1,0,1,Graphic Designer,Content Writer,Digital Marketer
60,85,76,43,100,78,82,98,1,1,1,0,0,0,1,0,1,0,Financial Analyst,Mechanical Engineer,Teacher
20,20,100,71,24,91,50,56,0,0,0,1,0,0,1,0,0,1,Architect,Civil Engineer,Lawyer
81,64,53,69,85,77,55,57,1,0,0,0,0,0,1,1,0,1,Software Developer,Data Scientist,Digital Marketer
73,26,55,77,44,86,98,53,1,1,0,1,1,1,1,1,1,0,Lawyer,Financial Analyst,Digital Marketer
62,92,29,28,38,46,58,73,1,0,0,1,0,1,1,0,0,1,Mechanical Engineer,Digital Marketer,Marketing Manager
84,24,77,20,25,29,62,67,0,0,1,0,1,0,1,0,0,1,Data Scientist,Marketing Manager,Architect
44,75,54,35,91,87,95,39,0,1,1,1,1,0,1,1,0,0,Financial Analyst,Lawyer,Marketing Manager
98,42,96,28,84,30,56,94,1,0,0,0,1,1,1,1,0,0,Digital Marketer,Software Developer,Data Scientist
26,75,82,99,79,63,62,21,1,0,0,0,1,1,0,1,0,0,Data Scientist,Software Developer,Content Writer
36,61,66,78,93,99,40,81,1,1,0,1,1,0,0,0,1,0,Content Writer,Software Developer,Teacher
32,40,35,45,99,37,99,20,1,0,1,0,0,0,0,1,0,0,Architect,Mechanical Engineer,Financial Analyst
68,30,79,77,75,43,52,69,0,1,1,0,1,0,1,1,1,1,Lawyer,Civil Engineer,Doctor
66,46,99,96,82,38,36,64,1,0,1,1,0,0,0,1,1,0,Mechanical Engineer,Content Writer,Lawyer
66,54,25,24,67,74,82,64,1,0,0,1,0,1,1,0,0,0,Financial Analyst,Digital Marketer,Architect
91,55,41,35,98,21,60,75,1,1,1,0,1,1,0,1,1,1,Software Developer,Architect,Digital Marketer
98,63,77,87,35,47,80,74,0,0,0,0,1,0,1,1,0,0,Digital Marketer,Mechanical Engineer,Content Writer
60,85,91,62,97,21,37,79,0,1,1,1,1,1,1,1,0,1,Financial Analyst,Psychologist,Digital Marketer
48,55,61,89,64,20,66,60,0,0,0,0,0,0,1,1,0,1,Architect,Content Writer,Marketing Manager
96,85,72,74,98,60,82,32,1,1,1,1,1,0,1,1,1,1,Lawyer,Mechanical Engineer,Architect
25,71,29,88,50,77,33,85,1,1,0,0,0,1,1,0,0,0,UX/UI Designer,Financial Analyst,Civil Engineer
95,49,50,42,90,72,55,84,1,0,0,1,1,0,1,1,1,1,Software Developer,Teacher,Marketing Manager
30,72,87,87,80,31,51,57,1,0,0,1,1,0,1,0,1,1,Doctor,Financial Analyst,Data Scientist
77,51,47,24,73,27,86,32,0,0,1,1,0,0,1,0,0,1,UX/UI Designer,Content Writer,Architect
61,29,49,88,54,76,66,20,1,0,0,0,1,1,0,0,1,0,Digital Marketer,Financial Analyst,Civil Engineer
83,100,34,48,87,93,78,74,1,0,0,0,0,1,0,1,0,0,Content Writer,Graphic Designer,Financial Analyst
20,67,93,100,88,72,99,99,0,0,0,0,1,1,1,0,1,1,Financial Analyst,Psychologist,Software Developer
92,68,63,26,48,86,30,24,1,0,0,1,1,0,1,0,1,1,Doctor,Mechanical Engineer,Graphic Designer
60,75,24,96,92,82,24,80,0,0,1,1,1,0,1,1,1,1,Architect,Mechanical Engineer,Lawyer
52,35,44,96,57,81,67,62,1,0,0,0,1,0,1,1,1,0,Mechanical Engineer,Marketing Manager,Digital Marketer
68,51,99,25,36,93,40,34,1,0,1,1,1,0,1,0,0,1,Data Scientist,Doctor,Teacher
92,90,79,78,90,34,75,21,0,1,1,0,1,0,1,1,1,1,Software Developer,Psychologist,Graphic Designer
56,22,21,31,68,69,90,35,1,1,1,0,1,1,0,1,1,1,Lawyer,Marketing Manager,Mechanical Engineer
30,61,46,68,32,92,42,39,1,1,1,1,0,0,0,0,0,1,Digital Marketer,Architect,UX/UI Designer
52,22,53,76,61,67,48,79,1,1,1,0,0,1,1,1,1,1,Digital Marketer,UX/UI Designer,Content Writer
87,58,91,73,88,49,78,64,0,1,0,0,1,0,0,1,0,0,Doctor,Data Scientist,UX/UI Designer
36,87,81,41,65,78,71,72,1,0,1,0,0,1,1,0,0,0,Software Developer,Digital Marketer,Lawyer
68,29,97,87,30,81,33,74,0,0,0,1,1,1,0,0,0,0,Graphic Designer,Teacher,Software Developer
57,61,60,34,52,56,51,23,0,0,0,1,0,1,1,1,0,0,UX/UI Designer,Lawyer,Software Developer
90,86,41,42,94,92,28,81,1,0,0,1,1,1,0,0,0,1,Teacher,Digital Marketer,UX/UI Designer
49,96,45,57,32,34,52,52,0,0,0,1,0,1,0,1,1,0,Graphic Designer,Software Developer,Financial Analyst
29,74,63,93,90,99,28,30,1,1,1,0,0,1,0,0,1,0,Software Developer,Teacher,Digital Marketer
73,61,81,34,77,29,84,87,1,0,1,1,1,1,1,0,1,1,Software Developer,Graphic Designer,UX/UI Designer
32,20,36,89,89,33,97,36,0,0,1,1,0,0,0,1,1,1,Digital Marketer,Doctor,Content Writer
26,99,30,68,58,67,96,67,0,1,0,0,0,0,0,1,1,1,Data Scientist,Civil Engineer,Software Developer
90,86,60,53,96,77,42,78,0,0,1,1,1,1,0,0,1,0,Psychologist,UX/UI Designer,Civil Engineer
69,95,54,32,69,58,27,79,0,0,0,0,1,0,0,1,1,0,Marketing Manager,Software Developer,Doctor
60,59,78,60,56,27,95,62,0,1,1,1,0,1,0,0,1,0,Data Scientist,Teacher,Software Developer
98,70,71,61,45,64,82,80,0,1,1,1,1,0,0,0,0,0,Teacher,Data Scientist,Civil Engineer
38,51,46,96,59,43,74,74,0,0,0,0,1,1,0,1,0,0,UX/UI Designer,Teacher,Marketing Manager
81,23,36,89,60,20,66,60,1,1,1,1,1,1,1,0,0,0,Financial Analyst,UX/UI Designer,Content Writer
50,52,65,20,48,44,39,100,0,0,1,0,0,0,0,1,1,0,Psychologist,Graphic Designer,Architect
47,47,68,59,28,67,27,63,0,0,0,1,1,1,0,1,1,1,UX/UI Designer,Mechanical Engineer,Doctor
85,45,29,45,58,42,25,67,0,0,1,0,0,1,0,1,0,0,Digital Marketer,Marketing Manager,Mechanical Engineer
89,65,47,24,98,99,51,27,0,1,0,0,0,0,0,0,1,1,Marketing Manager,Graphic Designer,Content Writer
25,54,64,36,24,48,44,62,0,1,0,1,1,0,0,1,0,1,Marketing Manager,Software Developer,Financial Analyst
68,49,91,35,63,50,43,98,0,1,0,0,0,1,0,1,1,1,Software Developer,Architect,Marketing Manager
25,21,23,23,66,85,47,64,1,0,1,0,1,1,1,0,1,1,UX/UI Designer,Data Scientist,Doctor
36,53,32,89,29,36,66,52,0,0,0,1,0,0,1,1,1,0,Marketing Manager,Digital Marketer,Graphic Designer
29,63,22,39,22,97,77,72,1,0,1,1,0,1,0,0,0,0,Architect,Data Scientist,Psychologist
54,22,48,28,79,42,65,93,1,0,1,1,1,0,0,0,1,1,Psychologist,Mechanical Engineer,Content Writer
48,70,37,60,78,74,83,37,1,0,0,0,1,0,1,0,1,1,Software Developer,Civil Engineer,Architect
40,26,70,70,96,63,53,89,0,0,0,1,1,1,1,1,0,0,UX/UI Designer,Software Developer,Digital Marketer
85,20,82,33,92,79,75,49,0,0,0,0,1,1,1,0,0,0,Graphic Designer,Mechanical Engineer,Doctor
45,47,27,59,94,58,35,88,0,1,0,0,1,1,0,1,1,1,Marketing Manager,Data Scientist,Digital Marketer
24,21,59,60,95,65,36,91,0,0,1,1,1,1,1,0,1,0,Content Writer,Graphic Designer,Data Scientist
37,68,23,28,76,72,39,63,1,1,0,1,1,0,0,1,1,0,Content Writer,Software Developer,Lawyer
44,52,67,24,85,27,60,83,1,1,1,0,0,0,0,1,1,0,Lawyer,Content Writer,Software Developer
100,63,79,46,47,72,37,91,1,1,0,1,0,0,0,1,0,0,Teacher,Mechanical Engineer,Graphic Designer
42,57,55,23,56,85,29,31,0,0,0,0,0,0,1,0,0,1,Digital Marketer,UX/UI Designer,Civil Engineer
85,81,41,97,95,38,59,75,0,0,0,1,0,0,1,0,1,1,Graphic Designer,UX/UI Designer,Psychologist
46,40,86,98,84,23,25,53,1,0,0,1,1,1,1,0,0,0,Digital Marketer,Mechanical Engineer,Psychologist
34,42,64,29,66,80,42,22,1,1,0,1,0,1,1,1,0,0,Psychologist,Teacher,Content Writer
65,68,94,54,59,36,71,46,1,1,1,0,1,0,1,1,0,1,Software Developer,Teacher,Psychologist
74,81,26,80,34,85,66,39,0,1,1,1,0,0,1,1,0,1,Doctor,Civil Engineer,Digital Marketer
47,33,100,46,34,64,81,63,0,0,1,0,1,1,0,0,0,1,Digital Marketer,Architect,Content Writer
44,33,76,73,27,52,83,33,1,1,1,1,0,0,0,0,0,1,Content Writer,Digital Marketer,Architect
56,53,73,75,45,96,21,34,1,0,0,0,1,1,0,0,1,1,Content Writer,Marketing Manager,UX/UI Designer
22,32,52,29,32,53,25,40,0,0,1,0,1,1,1,0,1,0,Doctor,Graphic Designer,Financial Analyst
85,51,93,45,56,97,53,32,0,0,0,0,1,1,1,0,0,1,Marketing Manager,Civil Engineer,Teacher
69,39,68,38,22,45,47,22,1,1,1,0,1,1,1,0,1,0,Architect,UX/UI Designer,Doctor
70,63,52,29,90,40,90,33,0,0,1,0,0,0,0,0,1,1,Data Scientist,Lawyer,Civil Engineer
77,36,61,100,87,55,68,68,0,0,0,0,0,0,1,0,1,1,Financial Analyst,Lawyer,Content Writer
80,90,47,26,82,55,99,55,0,0,1,0,1,0,0,1,0,1,Architect,Lawyer,Data Scientist
22,32,89,41,70,54,62,47,0,0,0,0,0,1,1,0,1,0,Teacher,Marketing Manager,Psychologist
29,83,97,97,67,80,33,40,1,1,0,1,1,0,0,0,1,0,Content Writer,Architect,Teacher
83,86,49,41,60,63,65,43,0,1,0,0,0,1,0,0,0,1,Mechanical Engineer,Software Developer,Digital Marketer
78,42,41,97,50,65,68,31,1,0,0,0,1,0,0,1,1,1,Doctor,Mechanical Engineer,Psychologist
33,82,96,91,45,30,72,27,0,0,0,1,1,1,1,0,0,1,Graphic Designer,Marketing Manager,Psychologist
72,88,80,87,77,49,25,84,1,1,1,1,1,0,0,0,0,0,Graphic Designer,UX/UI Designer,Data Scientist
88,64,36,31,88,38,67,29,0,1,0,1,1,1,1,0,0,1,Architect,Financial Analyst,Doctor
95,80,46,31,86,96,27,33,0,1,1,0,1,0,1,1,1,0,Data Scientist,Digital Marketer,Marketing Manager
95,34,37,79,91,24,92,37,0,0,0,0,1,1,1,1,1,0,Financial Analyst,Doctor,Software Developer
90,32,43,59,41,86,60,22,0,0,1,0,1,1,0,0,0,0,Data Scientist,Content Writer,Lawyer
96,26,57,83,33,37,22,48,1,1,0,1,1,0,1,1,0,0,Graphic Designer,Digital Marketer,Financial Analyst
46,81,83,61,100,84,67,79,0,1,0,0,1,1,1,1,1,1,Mechanical Engineer,Software Developer,Lawyer
43,25,36,52,27,99,26,92,0,1,0,1,0,0,1,0,1,0,Financial Analyst,Architect,Graphic Designer
67,86,74,26,84,68,45,40,1,1,0,1,0,1,1,0,1,1,Mechanical Engineer,Software Developer,Marketing Manager
72,68,31,67,81,74,43,70,1,1,0,0,1,1,0,0,1,1,Teacher,Marketing Manager,Civil Engineer
80,33,87,63,79,60,37,27,0,0,1,1,1,0,0,1,1,0,Financial Analyst,Graphic Designer,Civil Engineer
30,23,70,78,21,100,74,76,0,1,0,1,1,0,1,1,1,0,UX/UI Designer,Civil Engineer,Data Scientist
64,32,51,75,39,62,56,24,0,1,0,0,1,0,0,0,0,0,Psychologist,Data Scientist,Mechanical Engineer
98,38,69,39,100,26,96,84,1,0,1,0,0,1,1,1,0,0,Doctor,Content Writer,Data Scientist
46,56,76,72,97,63,41,65,0,1,0,0,1,1,1,0,1,1,Marketing Manager,Digital Marketer,Lawyer
48,100,65,73,45,86,63,27,0,0,0,0,0,1,0,1,0,0,Digital Marketer,Civil Engineer,Software Developer
82,43,84,46,61,59,92,40,1,0,0,1,1,1,1,1,1,0,UX/UI Designer,Psychologist,Financial Analyst
70,42,94,26,67,39,61,77,0,1,1,1,1,1,1,0,1,1,Lawyer,Teacher,Marketing Manager
20,95,41,38,91,61,98,34,1,0,1,0,0,0,0,0,0,0,Architect,Marketing Manager,Mechanical Engineer
97,86,40,79,54,64,82,29,1,1,0,1,0,1,1,1,0,1,Lawyer,Psychologist,Financial Analyst
26,51,29,96,78,33,56,70,1,1,0,1,1,0,1,1,1,1,Data Scientist,Civil Engineer,Teacher
66,36,29,28,53,72,56,50,1,0,0,1,0,1,1,1,0,0,UX/UI Designer,Financial Analyst,Civil Engineer
33,50,57,44,99,96,27,100,0,1,1,0,1,0,0,0,1,1,Civil Engineer,Mechanical Engineer,Teacher
52,84,58,49,83,55,35,67,1,1,1,1,1,0,1,1,0,1,Marketing Manager,Content Writer,Lawyer
52,42,45,72,33,24,24,42,1,1,0,1,1,1,1,1,1,0,Mechanical Engineer,Content Writer,Civil Engineer
30,51,77,83,33,27,47,88,1,1,0,1,1,1,0,0,1,0,Graphic Designer,Civil Engineer,Digital Marketer
24,73,61,67,57,48,69,31,0,0,0,0,0,0,1,0,0,1,Architect,Data Scientist,Lawyer
42,54,70,87,69,78,56,72,0,0,1,0,1,0,0,0,1,1,Financial Analyst,Content Writer,Digital Marketer
79,47,27,92,95,98,45,46,0,0,0,0,1,0,1,0,1,1,Architect,UX/UI Designer,Graphic Designer
79,37,39,61,49,43,29,29,0,1,0,1,0,1,1,1,1,1,Teacher,Marketing Manager,Mechanical Engineer
36,78,50,51,36,50,98,98,1,0,0,1,0,0,1,1,1,0,Digital Marketer,UX/UI Designer,Civil Engineer
20,87,21,77,24,59,31,27,1,1,0,1,1,1,1,0,0,1,Mechanical Engineer,Civil Engineer,Lawyer
39,62,28,96,62,76,28,54,0,0,0,0,0,1,1,0,1,1,Mechanical Engineer,Doctor,Psychologist
45,25,53,76,69,70,36,21,0,0,1,0,0,0,1,1,1,0,Architect,UX/UI Designer,Psychologist
75,73,79,64,37,40,51,27,0,0,1,1,0,1,0,0,1,0,Mechanical Engineer,Doctor,Lawyer
72,58,50,44,76,88,67,76,0,1,1,1,1,1,1,0,0,0,Digital Marketer,UX/UI Designer,Financial Analyst
76,70,42,39,55,73,46,82,1,1,1,1,0,0,0,1,1,0,Mechanical Engineer,Marketing Manager,Data Scientist
40,82,34,43,90,68,31,32,0,0,1,1,1,0,0,1,0,0,Graphic Designer,Software Developer,Doctor
40,75,41,22,25,38,39,90,1,1,0,1,0,1,1,1,0,1,Civil Engineer,Graphic Designer,Psychologist
25,45,23,61,63,93,70,84,1,0,0,1,1,1,0,1,1,0,Mechanical Engineer,Lawyer,Marketing Manager
66,86,54,54,92,84,37,34,0,1,1,1,1,0,0,1,0,0,Graphic Designer,UX/UI Designer,Mechanical Engineer
38,53,48,89,67,45,28,31,0,1,1,0,0,0,1,1,1,0,Data Scientist,Financial Analyst,Mechanical Engineer
35,47,59,41,71,82,76,84,0,1,1,0,0,0,0,0,0,1,Financial Analyst,Graphic Designer,Teacher
35,69,56,63,55,63,61,27,1,0,1,1,0,0,0,1,1,0,Lawyer,Civil Engineer,Content Writer
66,67,98,90,100,23,75,99,1,0,1,1,0,0,0,1,1,0,UX/UI Designer,Financial Analyst,Digital Marketer
36,58,60,28,58,83,26,83,0,1,1,0,0,0,0,0,1,0,Digital Marketer,Psychologist,Data Scientist
39,71,32,63,84,67,29,92,0,1,0,0,0,0,0,0,0,0,Marketing Manager,Content Writer,Data Scientist
53,65,91,42,96,47,90,51,1,1,1,1,0,1,0,0,1,1,Marketing Manager,UX/UI Designer,Software Developer
33,80,73,63,99,93,79,89,0,1,0,1,1,0,1,0,1,1,UX/UI Designer,Psychologist,Architect
62,43,50,87,59,58,60,86,1,1,1,0,1,0,1,1,0,1,Doctor,Teacher,Lawyer
70,69,77,46,95,36,67,74,1,1,0,0,0,1,0,0,0,1,Doctor,Graphic Designer,Data Scientist
28,70,60,64,97,99,96,48,1,0,1,1,1,0,0,1,1,1,Graphic Designer,Data Scientist,Software Developer
76,90,54,44,34,73,51,48,0,1,1,0,0,0,0,0,0,0,Teacher,Data Scientist,Mechanical Engineer
71,47,52,78,36,78,100,48,0,0,0,1,0,0,1,1,1,1,Financial Analyst,Mechanical Engineer,Psychologist
42,90,61,89,46,83,84,45,1,1,1,1,0,1,0,1,0,1,Psychologist,Software Developer,Graphic Designer
96,90,29,89,59,76,93,77,0,0,0,0,0,1,0,0,0,1,Psychologist,Content Writer,Software Developer
47,50,91,93,41,58,75,26,0,1,1,1,1,1,1,1,0,0,UX/UI Designer,Teacher,Software Developer
24,70,65,59,70,77,86,20,0,0,0,1,1,1,0,1,1,1,UX/UI Designer,Digital Marketer,Doctor
30,49,93,40,38,54,59,90,1,1,0,1,0,0,1,1,1,1,Psychologist,Mechanical Engineer,Doctor
63,54,87,38,68,43,44,73,0,1,0,1,1,0,0,0,0,1,Teacher,Software Developer,Data Scientist
84,59,74,69,88,84,39,55,0,0,1,1,1,0,1,1,1,0,UX/UI Designer,Data Scientist,Digital Marketer
69,52,96,23,39,93,97,65,1,1,1,0,0,0,1,0,1,1,Mechanical Engineer,Graphic Designer,Doctor
71,92,59,46,84,47,84,88,0,1,0,0,0,1,1,0,0,1,Mechanical Engineer,Civil Engineer,Architect
40,62,48,32,25,46,62,26,1,1,0,0,0,0,0,0,0,0,Psychologist,Data Scientist,Architect
100,23,100,53,96,60,35,49,0,1,1,0,0,1,1,1,0,1,Content Writer,Civil Engineer,Lawyer
21,95,56,86,77,95,29,66,0,1,0,1,0,0,1,1,1,0,Lawyer,Content Writer,Architect
91,94,55,33,66,53,32,41,0,0,1,0,1,0,1,1,0,1,Civil Engineer,Mechanical Engineer,Architect
34,98,70,29,79,65,84,65,0,0,1,0,0,0,1,0,1,0,Marketing Manager,Digital Marketer,Financial Analyst
33,29,54,86,37,83,77,40,1,1,1,1,0,0,1,1,0,0,Civil Engineer,Software Developer,Teacher
80,69,28,76,34,47,31,74,0,1,1,0,0,1,1,0,0,1,Doctor,Software Developer,Mechanical Engineer
97,47,83,98,89,88,45,84,1,1,1,0,1,0,0,0,0,1,Architect,Teacher,Content Writer
49,37,22,60,50,65,40,46,0,1,0,1,1,0,0,1,0,0,Architect,Doctor,Teacher
71,98,63,43,87,24,77,31,1,0,0,0,1,0,0,0,1,1,UX/UI Designer,Marketing Manager,Civil Engineer
75,73,56,90,33,21,47,25,0,1,1,1,1,1,1,0,0,1,Lawyer,Teacher,Doctor
33,72,52,45,96,50,85,94,1,0,1,0,0,1,0,1,1,0,Data Scientist,Graphic Designer,Doctor
63,29,75,58,35,64,57,62,0,1,1,1,1,0,0,1,0,1,Lawyer,Teacher,Graphic Designer
50,54,31,88,26,42,46,26,1,0,1,0,0,0,0,0,0,0,UX/UI Designer,Lawyer,Data Scientist
69,35,82,68,61,30,94,97,1,1,1,1,0,1,1,1,0,0,Architect,Lawyer,Doctor
92,74,67,85,87,80,97,62,1,1,0,0,0,0,0,1,0,1,Software Developer,Psychologist,Architect
72,28,79,51,43,91,26,37,1,1,0,1,0,1,0,0,1,1,Lawyer,Digital Marketer,UX/UI Designer
50,98,41,53,59,81,30,89,0,0,1,0,0,0,0,1,1,1,Financial Analyst,Graphic Designer,Teacher
79,27,47,50,41,98,20,50,0,1,1,0,1,1,1,1,1,1,Lawyer,Financial Analyst,Marketing Manager
27,42,58,55,20,21,22,55,1,1,0,0,0,0,1,0,0,1,Teacher,UX/UI Designer,Marketing Manager
35,64,39,48,30,40,77,38,1,1,0,1,1,1,0,1,0,1,Content Writer,Graphic Designer,Data Scientist
47,42,74,69,89,91,82,57,0,1,0,0,0,0,0,1,0,1,Architect,Data Scientist,Graphic Designer
46,51,52,61,58,81,55,39,1,0,0,0,0,0,1,1,0,0,Doctor,Civil Engineer,Marketing Manager
79,87,42,97,67,64,74,87,0,1,0,1,1,1,1,0,0,1,Teacher,Architect,Mechanical Engineer
28,27,88,77,59,96,77,92,1,0,1,1,1,1,0,1,1,0,Marketing Manager,Content Writer,Graphic Designer
45,82,40,69,26,58,33,29,1,1,1,0,0,1,1,0,0,0,Graphic Designer,UX/UI Designer,Content Writer
41,34,78,84,54,22,32,77,0,0,0,1,0,1,0,1,1,1,Mechanical Engineer,Data Scientist,UX/UI Designer
49,29,65,63,27,61,99,50,1,1,1,1,0,0,0,0,0,0,Software Developer,Marketing Manager,Graphic Designer
25,71,79,64,39,73,38,93,1,1,0,0,0,0,0,0,1,1,Data Scientist,UX/UI Designer,Doctor
48,90,28,64,77,37,90,77,0,1,0,1,1,1,1,1,1,0,Teacher,Mechanical Engineer,Marketing Manager
52,76,89,48,78,53,93,41,0,0,0,1,0,0,1,0,0,0,Teacher,Content Writer,Marketing Manager
64,97,69,68,33,58,100,88,1,0,1,1,0,1,1,1,1,1,Teacher,Graphic Designer,Lawyer
95,35,36,83,41,55,45,88,0,0,1,1,1,0,0,1,0,0,Teacher,UX/UI Designer,Digital Marketer
76,32,43,49,73,94,28,73,0,1,0,1,1,0,0,1,1,0,Marketing Manager,Content Writer,Financial Analyst
89,91,35,21,96,87,83,44,0,0,0,1,0,1,1,1,0,0,Content Writer,Mechanical Engineer,Psychologist
38,23,85,71,98,81,38,44,0,1,0,0,0,1,0,1,0,0,Psychologist,UX/UI Designer,Content Writer
51,70,37,33,22,66,58,86,1,1,1,1,1,0,1,0,0,1,Mechanical Engineer,Graphic Designer,Data Scientist
68,73,83,27,76,63,32,100,1,0,0,0,0,0,0,0,1,0,UX/UI Designer,Teacher,Psychologist
67,89,64,92,40,31,79,36,0,1,0,0,1,1,1,0,0,1,Civil Engineer,Graphic Designer,Lawyer
54,94,51,57,70,88,100,88,0,1,0,0,1,1,0,0,1,1,Mechanical Engineer,Graphic Designer,Digital Marketer
41,66,28,25,56,98,77,77,0,1,1,0,1,1,0,0,0,0,Graphic Designer,Lawyer,Mechanical Engineer
47,60,43,52,79,81,89,87,0,0,0,0,1,1,0,1,0,0,Civil Engineer,Content Writer,Digital Marketer
29,35,60,74,39,90,52,97,1,0,0,1,0,0,0,0,0,1,Civil Engineer,UX/UI Designer,Teacher
58,38,20,79,62,29,72,85,1,1,0,0,1,1,1,0,1,0,Lawyer,Graphic Designer,Civil Engineer
96,22,78,74,75,85,96,53,0,1,0,0,0,0,0,1,0,0,Software Developer,Civil Engineer,Psychologist
99,62,44,30,90,61,49,38,1,0,0,0,1,0,1,1,1,0,Architect,UX/UI Designer,Financial Analyst
76,75,36,86,29,54,100,89,1,1,0,1,1,0,1,1,1,1,Doctor,Civil Engineer,Financial Analyst
51,47,52,92,98,94,100,76,1,0,1,0,1,1,0,1,1,1,Architect,Marketing Manager,Software Developer
50,56,81,69,78,73,66,82,1,1,0,0,0,0,0,0,0,0,Psychologist,Graphic Designer,Marketing Manager
28,73,68,57,84,41,81,79,1,1,1,1,0,1,1,0,0,0,Mechanical Engineer,Digital Marketer,UX/UI Designer
98,27,87,60,27,78,22,28,0,0,1,0,1,0,1,0,0,0,Digital Marketer,UX/UI Designer,Content Writer
27,62,80,36,37,62,58,32,1,1,1,0,0,1,1,1,0,0,Software Developer,Doctor,Data Scientist
62,99,42,94,26,78,27,75,1,1,1,1,0,0,0,0,0,1,Graphic Designer,Financial Analyst,Marketing Manager
29,20,56,56,37,90,40,24,1,1,1,1,1,0,0,1,0,0,Marketing Manager,Software Developer,Content Writer
40,38,64,50,66,37,73,27,0,1,0,1,1,0,0,0,1,1,Architect,Mechanical Engineer,Lawyer
91,95,36,78,84,80,53,90,0,1,0,1,1,0,1,0,1,0,Software Developer,Doctor,Civil Engineer
100,91,73,34,41,48,63,77,0,0,1,1,1,0,0,0,1,1,Psychologist,Graphic Designer,Digital Marketer
69,32,51,39,67,55,23,99,1,1,1,0,1,0,1,1,1,1,Content Writer,Digital Marketer,Lawyer
59,67,22,59,75,83,40,62,1,0,1,0,0,0,0,1,0,1,Graphic Designer,UX/UI Designer,Lawyer
58,34,75,54,99,68,55,59,0,0,0,1,1,0,0,1,1,0,UX/UI Designer,Doctor,Software Developer
39,34,85,82,88,48,82,32,0,1,1,0,0,1,1,1,0,1,Doctor,Digital Marketer,Software Developer
88,87,58,47,100,50,87,65,0,1,0,0,1,0,0,0,1,1,UX/UI Designer,Civil Engineer,Financial Analyst
41,39,34,77,39,34,86,51,0,1,1,1,1,0,1,1,0,1,Marketing Manager,Civil Engineer,Graphic Designer
77,80,89,22,74,66,30,68,0,0,1,1,0,1,1,0,1,0,Financial Analyst,Digital Marketer,Data Scientist
57,84,85,34,26,97,23,34,1,0,1,1,1,0,1,1,0,0,Financial Analyst,Graphic Designer,Digital Marketer
42,99,80,71,89,52,21,49,0,1,1,0,0,0,0,1,0,0,Data Scientist,Software Developer,Content Writer
30,92,80,36,79,34,29,96,0,0,1,1,0,0,1,1,0,0,Digital Marketer,Financial Analyst,Software Developer
24,90,95,71,40,69,81,41,0,1,1,0,0,0,1,1,1,1,Marketing Manager,Civil Engineer,Software Developer
68,79,92,59,46,59,46,71,1,1,0,0,0,0,0,0,1,0,Marketing Manager,Graphic Designer,Digital Marketer
93,83,36,47,21,59,90,84,0,0,0,0,1,1,1,0,1,0,Doctor,Civil Engineer,Graphic Designer
92,46,76,20,43,58,58,34,1,1,0,0,1,1,1,1,0,1,Content Writer,Software Developer,Doctor
70,88,61,31,36,82,23,83,0,0,1,1,1,1,1,1,1,0,Digital Marketer,Marketing Manager,Doctor
72,81,38,20,66,48,96,34,0,1,1,0,0,1,0,1,1,1,Architect,Doctor,Graphic Designer
94,88,85,58,60,94,21,60,1,1,1,1,1,0,0,1,0,0,Graphic Designer,UX/UI Designer,Doctor
83,41,58,36,34,80,56,93,1,0,0,0,1,1,0,1,1,1,UX/UI Designer,Financial Analyst,Data Scientist
92,89,66,21,65,52,82,52,1,0,0,1,0,1,0,0,1,1,Content Writer,Doctor,Civil Engineer
71,23,71,57,48,45,37,48,0,0,1,0,0,0,0,0,0,0,Data Scientist,Teacher,Graphic Designer
88,35,100,65,97,74,55,98,0,1,1,0,1,0,0,0,0,1,Digital Marketer,Teacher,Doctor
60,69,87,30,69,26,96,68,1,0,1,1,0,0,1,1,1,1,Software Developer,Architect,Data Scientist
80,96,50,90,52,20,60,59,1,0,1,0,0,1,0,1,1,0,Mechanical Engineer,Psychologist,UX/UI Designer
40,80,29,39,78,76,87,96,1,0,1,0,0,0,0,0,1,0,Graphic Designer,Architect,Civil Engineer
65,91,87,59,47,57,31,87,0,0,1,1,0,0,0,1,1,1,Lawyer,Content Writer,Digital Marketer
48,73,84,75,84,86,58,22,0,0,1,1,0,1,1,1,0,0,Content Writer,UX/UI Designer,Graphic Designer
47,56,29,79,47,78,31,55,0,1,1,1,1,1,0,0,1,0,Civil Engineer,Digital Marketer,Teacher
74,69,69,30,97,45,45,59,1,0,1,1,0,1,1,1,1,0,Marketing Manager,Software Developer,Lawyer
79,62,89,74,75,89,67,81,0,1,0,0,0,0,1,0,0,0,Graphic Designer,Data Scientist,Software Developer
61,77,90,57,76,81,32,97,1,1,1,1,1,1,0,1,1,0,Mechanical Engineer,Civil Engineer,UX/UI Designer
44,83,72,45,74,96,91,22,1,0,1,0,0,1,0,0,0,1,UX/UI Designer,Marketing Manager,Doctor
61,97,79,51,20,98,72,39,0,0,1,1,0,0,1,0,1,0,Financial Analyst,Graphic Designer,Civil Engineer
87,76,52,79,73,36,23,38,0,0,1,1,0,1,1,0,0,0,Mechanical Engineer,Psychologist,Content Writer
45,28,34,52,50,25,54,64,0,1,0,1,1,1,1,0,0,0,Lawyer,Graphic Designer,Data Scientist
50,25,27,45,35,38,99,53,1,1,1,0,1,0,0,1,0,1,Marketing Manager,Digital Marketer,Architect
69,89,75,29,81,28,83,62,1,1,1,1,1,0,1,0,1,0,Graphic Designer,Civil Engineer,Teacher
93,50,23,91,95,87,96,71,1,0,0,1,0,0,0,0,0,0,Psychologist,Doctor,Architect
33,52,40,46,47,58,45,55,1,0,1,1,1,1,1,1,0,1,Civil Engineer,Mechanical Engineer,UX/UI Designer
76,84,52,86,84,36,62,23,1,0,0,1,1,0,1,1,0,0,Digital Marketer,Civil Engineer,Architect
38,89,29,24,92,78,56,37,0,1,1,1,0,0,1,0,0,1,Data Scientist,Marketing Manager,Lawyer
21,86,80,63,54,35,42,24,0,0,0,1,0,1,0,0,1,1,Digital Marketer,Software Developer,Doctor
30,79,48,74,92,88,48,82,1,1,1,1,0,0,1,0,0,0,Marketing Manager,Civil Engineer,Graphic Designer
89,95,70,56,57,42,99,66,1,0,1,0,1,1,0,1,0,1,Psychologist,Mechanical Engineer,Civil Engineer
41,69,83,64,63,27,74,24,0,1,1,0,1,0,0,1,0,1,UX/UI Designer,Software Developer,Mechanical Engineer
93,67,26,50,57,31,42,58,1,1,0,1,0,1,0,0,1,0,Lawyer,Architect,UX/UI Designer
37,80,96,68,66,51,68,71,0,1,0,0,0,1,1,0,1,0,Software Developer,Architect,Marketing Manager
90,50,36,77,36,50,80,44,0,0,0,1,1,0,1,1,0,1,Architect,Lawyer,Mechanical Engineer
58,48,41,64,29,58,37,61,1,1,1,0,1,1,0,1,1,0,UX/UI Designer,Civil Engineer,Content Writer
62,42,40,94,27,72,96,79,0,0,1,1,0,0,0,0,1,0,Content Writer,Digital Marketer,Data Scientist
88,94,86,43,46,33,24,92,1,1,0,0,0,0,1,0,0,1,Graphic Designer,Marketing Manager,Civil Engineer
26,35,98,64,59,34,82,68,1,0,0,1,0,1,1,1,1,0,Psychologist,Doctor,Architect
54,88,84,75,88,21,33,47,1,0,0,0,0,1,0,1,0,1,Lawyer,Psychologist,Teacher
91,42,67,65,24,59,73,49,0,0,0,1,1,0,0,0,0,1,Teacher,Marketing Manager,Financial Analyst
30,53,95,99,31,78,85,65,0,0,1,0,0,0,0,1,1,0,Lawyer,Graphic Designer,UX/UI Designer
68,88,70,59,62,60,40,20,0,0,0,0,1,1,0,1,1,1,Content Writer,Data Scientist,UX/UI Designer
80,42,59,74,99,26,100,95,1,1,1,0,0,0,1,0,0,0,Digital Marketer,Financial Analyst,Teacher
67,53,74,69,94,77,53,21,0,0,0,0,1,1,1,1,0,1,Mechanical Engineer,Doctor,Digital Marketer
87,90,41,91,23,33,28,41,1,0,1,1,0,1,1,0,1,0,Financial Analyst,Digital Marketer,Civil Engineer
79,88,78,37,73,35,31,52,1,1,1,0,0,0,0,1,0,1,Digital Marketer,Psychologist,Architect
23,82,70,92,88,69,82,39,1,0,1,0,0,1,1,0,1,1,Data Scientist,Doctor,Content Writer
26,30,42,21,99,51,28,80,0,0,1,0,1,1,0,1,1,1,Marketing Manager,Psychologist,Civil Engineer
22,86,95,54,35,83,76,47,0,1,0,1,0,0,1,0,0,1,Teacher,Data Scientist,Digital Marketer
59,96,65,48,36,80,62,42,1,1,0,0,1,0,1,1,0,0,UX/UI Designer,Doctor,Software Developer
70,46,64,100,72,48,80,50,0,0,1,0,0,0,0,1,0,0,Digital Marketer,Marketing Manager,UX/UI Designer
78,40,28,80,41,88,27,86,1,0,0,0,0,1,1,1,1,0,Software Developer,Psychologist,Doctor
44,84,41,42,27,36,36,49,0,0,0,1,1,1,0,1,0,1,Mechanical Engineer,Marketing Manager,UX/UI Designer
84,51,75,52,24,76,67,94,0,0,1,0,0,0,1,1,1,0,Doctor,Digital Marketer,Mechanical Engineer
43,46,98,22,21,44,31,40,1,1,1,0,0,1,1,0,0,1,Graphic Designer,Doctor,Financial Analyst
61,87,51,77,83,70,39,30,0,1,1,1,1,0,0,0,0,0,Data Scientist,Teacher,Architect
86,68,74,70,36,83,28,85,1,1,0,0,0,0,1,1,1,1,Doctor,Civil Engineer,Data Scientist
31,31,20,86,68,24,75,80,1,0,1,1,1,0,0,0,0,1,Content Writer,Data Scientist,Digital Marketer
86,69,51,88,40,55,43,39,1,1,0,0,0,1,1,0,1,1,Graphic Designer,Doctor,Architect
94,29,60,85,90,39,72,66,0,1,1,0,0,1,0,1,0,1,Digital Marketer,Marketing Manager,Software Developer
73,80,47,39,20,25,86,97,1,0,0,0,1,1,0,0,1,0,Financial Analyst,Digital Marketer,Marketing Manager
84,29,82,47,98,48,71,96,0,0,1,0,0,1,0,1,1,0,Teacher,Digital Marketer,Graphic Designer
50,45,63,21,46,95,51,93,0,0,0,1,1,0,0,1,0,1,Architect,Doctor,Civil Engineer
78,32,76,96,50,54,58,38,1,1,1,1,0,0,0,1,0,0,Civil Engineer,Content Writer,Software Developer
70,83,40,74,24,84,70,42,1,0,1,1,1,0,0,1,0,0,Mechanical Engineer,Architect,Doctor
23,96,98,97,85,34,72,27,1,0,0,1,0,0,0,1,1,0,Lawyer,Digital Marketer,Graphic Designer
64,55,37,92,54,78,71,87,0,0,0,0,1,1,0,0,0,1,Mechanical Engineer,Lawyer,Software Developer
25,48,42,39,93,28,63,78,0,1,1,0,0,0,1,0,1,0,Civil Engineer,Marketing Manager,Financial Analyst
68,84,61,86,76,33,20,74,0,1,0,0,1,1,1,0,0,1,Marketing Manager,Architect,Graphic Designer
44,71,99,94,84,60,33,93,0,0,1,1,0,1,1,0,1,1,UX/UI Designer,Civil Engineer,Teacher
23,87,37,56,89,36,94,80,0,1,1,0,1,1,0,0,1,1,UX/UI Designer,Financial Analyst,Software Developer
32,34,50,89,78,43,35,100,1,0,0,1,1,0,0,1,1,1,Data Scientist,Teacher,Software Developer
89,64,84,47,57,55,42,44,1,0,0,0,1,0,1,1,1,0,Architect,Mechanical Engineer,Lawyer
46,29,82,98,51,96,51,96,0,1,1,0,0,1,1,1,0,0,Psychologist,Software Developer,Doctor
77,47,99,56,23,95,44,100,0,0,1,1,1,0,0,0,1,1,Mechanical Engineer,Doctor,Graphic Designer
72,79,45,86,100,88,81,77,1,1,0,0,1,0,1,1,0,1,UX/UI Designer,Data Scientist,Civil Engineer
59,75,43,20,93,52,54,44,0,1,1,1,0,1,0,0,1,1,Civil Engineer,Content Writer,Mechanical Engineer
87,69,70,51,37,64,79,47,1,0,1,0,1,0,1,0,1,1,Mechanical Engineer,Lawyer,Teacher
69,83,74,52,97,42,35,99,0,0,1,0,0,0,0,0,0,1,Financial Analyst,Lawyer,Teacher
74,55,63,80,81,94,21,53,0,1,0,0,1,1,0,0,1,0,Architect,Teacher,Content Writer
22,39,51,52,92,54,58,62,0,0,1,1,1,0,1,1,1,0,Mechanical Engineer,Teacher,Civil Engineer
45,39,26,42,38,36,24,45,0,1,0,0,0,0,1,0,0,1,Software Developer,UX/UI Designer,Digital Marketer
48,71,81,96,97,83,75,49,0,0,1,0,0,0,1,1,0,0,Financial Analyst,Digital Marketer,Content Writer
83,42,94,64,21,20,61,36,0,0,1,1,0,1,1,0,1,0,Doctor,Financial Analyst,Marketing Manager
27,29,89,59,99,27,20,20,0,1,0,1,0,0,0,0,1,1,Digital Marketer,Content Writer,Architect
66,72,40,71,97,39,26,66,0,0,1,1,1,1,1,1,0,1,Data Scientist,Software Developer,Marketing Manager
74,41,99,59,34,37,80,65,1,1,1,1,1,1,1,1,0,0,Lawyer,Software Developer,Graphic Designer
53,70,62,34,78,80,84,49,0,1,1,0,0,1,0,0,1,1,Graphic Designer,Psychologist,Lawyer
62,97,24,64,42,34,50,32,1,1,0,1,0,0,0,1,1,0,Content Writer,Architect,Psychologist
66,71,63,59,45,87,26,37,1,1,1,1,0,1,0,0,1,1,Digital Marketer,Lawyer,Civil Engineer
88,95,66,46,70,80,48,92,0,0,1,0,1,0,1,0,0,0,Teacher,Architect,Data Scientist
43,22,99,93,24,82,75,61,1,1,1,0,0,1,0,0,0,1,Teacher,Graphic Designer,Architect
89,71,93,62,27,66,68,79,1,0,1,1,0,1,1,1,0,1,Graphic Designer,Content Writer,Psychologist
42,48,40,26,67,82,30,78,1,1,1,1,0,1,0,1,1,1,Architect,Civil Engineer,Marketing Manager
32,54,55,28,46,97,22,83,1,0,0,1,0,1,1,0,1,1,Mechanical Engineer,Data Scientist,Financial Analyst
72,38,94,93,90,55,89,48,0,1,0,1,0,1,0,0,0,1,UX/UI Designer,Teacher,Content Writer
56,81,55,38,73,52,88,53,1,1,1,0,0,0,1,1,0,0,Financial Analyst,UX/UI Designer,Graphic Designer
45,49,20,57,84,24,65,44,1,0,1,1,1,0,1,0,1,1,Financial Analyst,Marketing Manager,Psychologist
29,43,100,57,71,37,68,96,0,1,1,1,1,1,0,1,1,1,Architect,Graphic Designer,Civil Engineer
38,53,43,42,29,37,57,46,0,1,0,1,0,1,1,0,1,0,Mechanical Engineer,Doctor,UX/UI Designer
92,90,66,54,20,24,43,25,1,0,0,1,0,0,0,0,1,0,Digital Marketer,Teacher,UX/UI Designer
86,25,75,59,82,35,89,71,1,0,1,1,1,1,0,0,0,0,Teacher,Doctor,Marketing Manager
80,59,71,36,70,34,42,89,1,0,0,0,0,0,0,1,0,0,Data Scientist,Content Writer,Mechanical Engineer
40,49,94,51,57,87,33,98,1,0,1,0,0,1,1,0,0,1,Architect,Software Developer,Civil Engineer
24,41,96,47,74,84,26,37,1,1,1,1,0,1,0,1,0,1,Graphic Designer,Civil Engineer,Software Developer
36,42,26,67,73,58,85,64,1,0,1,0,1,0,0,1,0,0,Financial Analyst,Lawyer,Doctor
92,69,58,46,98,90,63,34,0,0,0,1,1,1,1,1,1,0,Content Writer,Marketing Manager,UX/UI Designer
73,76,44,65,41,85,76,53,0,1,0,1,1,1,1,1,1,0,Psychologist,Doctor,Digital Marketer
74,31,67,74,55,62,53,61,0,0,1,0,0,0,1,0,1,1,Software Developer,Content Writer,Psychologist
57,27,77,58,43,73,100,56,1,0,0,0,1,1,0,0,0,1,Graphic Designer,Marketing Manager,Content Writer
49,69,47,72,77,61,57,65,0,0,1,1,1,1,0,0,0,0,Teacher,Software Developer,UX/UI Designer
32,83,21,29,64,91,53,94,1,1,0,0,1,1,0,1,0,0,Marketing Manager,Lawyer,Teacher
46,79,96,44,35,56,27,33,0,0,1,0,0,1,1,0,0,1,Graphic Designer,Mechanical Engineer,UX/UI Designer
23,24,64,72,83,36,42,28,0,0,0,0,0,0,1,0,1,0,Software Developer,Teacher,Financial Analyst
54,35,84,81,59,78,32,26,1,1,0,1,1,0,0,0,1,0,Mechanical Engineer,Architect,Psychologist
61,89,39,79,25,30,44,42,0,0,1,1,0,1,0,0,0,1,Data Scientist,Architect,Software Developer
67,36,33,54,37,55,32,74,0,1,1,0,0,1,1,0,0,0,Digital Marketer,Psychologist,Architect
68,40,40,31,61,51,68,60,1,0,0,1,0,1,0,1,0,1,Content Writer,Doctor,UX/UI Designer
38,90,96,42,58,59,36,29,0,1,1,0,0,1,1,1,1,1,Lawyer,Doctor,Teacher
98,84,92,64,97,21,43,22,1,1,0,1,0,1,0,1,1,1,Data Scientist,Psychologist,Financial Analyst
21,28,28,100,90,40,78,21,1,0,1,1,0,1,1,0,1,1,Content Writer,UX/UI Designer,Teacher
24,27,74,60,50,38,45,65,0,1,1,1,0,0,1,0,0,0,Marketing Manager,Financial Analyst,Lawyer
59,74,49,24,81,48,54,94,0,0,1,1,1,1,1,1,1,0,Mechanical Engineer,Lawyer,Graphic Designer
67,96,66,52,56,31,73,92,0,0,1,0,1,0,0,1,0,0,Psychologist,Financial Analyst,Doctor
65,77,95,51,23,88,29,48,1,1,1,1,1,0,1,0,1,1,UX/UI Designer,Data Scientist,Marketing Manager
75,96,36,54,55,85,68,89,0,0,0,0,0,1,0,0,0,1,Data Scientist,Civil Engineer,Doctor
96,78,95,77,95,49,61,35,0,1,0,1,1,1,0,1,0,1,Teacher,Content Writer,Mechanical Engineer
82,27,58,21,92,59,51,90,1,0,0,1,1,0,0,0,0,1,Financial Analyst,Content Writer,Architect
69,54,46,53,39,25,51,64,1,1,0,1,0,1,0,0,0,0,Software Developer,Doctor,Financial Analyst
27,94,48,38,41,85,49,20,1,0,0,0,1,0,1,1,0,0,Civil Engineer,Digital Marketer,Marketing Manager
73,53,31,79,79,78,42,88,1,0,1,0,0,0,1,0,0,0,Financial Analyst,Software Developer,Digital Marketer
35,47,21,26,63,33,48,28,1,1,1,1,1,0,1,0,0,0,Marketing Manager,Mechanical Engineer,Psychologist
42,25,29,85,54,88,58,40,0,0,0,0,1,0,1,0,0,1,Graphic Designer,Psychologist,Mechanical Engineer
83,60,71,93,41,92,58,77,0,0,0,1,0,0,0,1,0,1,Psychologist,Financial Analyst,Doctor
45,53,88,85,56,77,20,63,0,0,1,0,1,0,1,0,0,0,Graphic Designer,Lawyer,Architect
73,38,60,85,28,86,49,71,1,0,0,0,0,1,0,1,0,1,Lawyer,Graphic Designer,Data Scientist
66,69,20,81,46,39,71,83,1,1,0,0,0,0,1,1,0,1,Financial Analyst,Lawyer,Content Writer
81,72,66,28,31,50,97,79,1,1,0,1,1,0,1,0,0,1,Content Writer,Digital Marketer,Software Developer
94,78,70,35,78,91,33,49,1,0,1,0,1,0,0,1,1,1,Financial Analyst,Psychologist,Data Scientist
80,50,41,80,55,82,49,44,1,1,1,1,1,0,1,1,0,1,Civil Engineer,Marketing Manager,Mechanical Engineer
61,97,66,73,62,49,33,38,0,1,1,1,1,1,0,0,1,1,Digital Marketer,Software Developer,Marketing Manager
46,67,91,28,38,49,58,90,1,1,0,0,0,0,1,1,1,0,Financial Analyst,Digital Marketer,Software Developer
53,61,64,80,44,30,91,70,1,0,1,0,0,0,0,1,0,0,Doctor,Mechanical Engineer,Marketing Manager
94,62,93,43,73,72,61,31,1,1,1,0,0,1,1,0,1,1,Doctor,Architect,Lawyer
65,85,86,97,20,75,43,76,1,0,1,0,0,1,0,1,0,0,Teacher,Doctor,Psychologist
27,66,20,98,74,38,75,95,0,1,1,0,1,1,1,0,0,1,Civil Engineer,Content Writer,Graphic Designer
40,85,71,54,53,65,80,33,1,0,0,1,0,1,0,0,0,1,Lawyer,Graphic Designer,Architect
60,78,68,47,74,72,99,21,1,0,1,1,1,1,1,0,0,1,Data Scientist,Graphic Designer,Mechanical Engineer
93,58,65,89,21,26,97,38,0,0,0,1,1,1,1,0,0,1,Civil Engineer,Software Developer,Psychologist
42,31,28,56,29,20,84,94,1,1,1,0,1,0,0,1,1,1,Digital Marketer,Financial Analyst,Lawyer
27,64,32,28,38,66,20,80,1,0,0,1,1,1,1,0,0,0,Psychologist,Lawyer,Marketing Manager
75,43,20,100,60,78,61,74,0,0,0,1,1,0,1,0,0,1,Graphic Designer,Civil Engineer,Architect
61,46,95,85,32,42,78,96,0,0,1,0,1,0,1,1,0,1,Content Writer,Mechanical Engineer,Civil Engineer
99,99,40,83,58,90,40,69,1,0,0,1,1,1,0,1,0,0,Doctor,Graphic Designer,Financial Analyst
35,77,44,21,75,78,56,54,1,0,1,0,0,1,1,1,1,0,Marketing Manager,Content Writer,Doctor
47,94,23,66,76,29,91,68,0,0,0,0,1,1,1,1,1,1,Civil Engineer,Doctor,Marketing Manager
64,66,75,95,51,97,30,29,0,1,1,1,1,0,1,1,0,0,Data Scientist,Architect,Doctor
84,57,49,66,55,39,28,95,1,1,0,0,1,1,1,0,1,1,Psychologist,Doctor,Financial Analyst
41,95,67,40,75,47,73,57,1,0,1,0,1,0,0,0,0,1,Lawyer,Civil Engineer,UX/UI Designer
39,51,60,79,78,21,46,40,1,1,0,0,0,1,1,1,0,1,Digital Marketer,Doctor,Graphic Designer
85,53,21,81,90,76,45,99,0,0,1,0,0,1,0,1,0,0,Psychologist,Content Writer,Mechanical Engineer
23,89,94,99,73,88,44,34,1,0,1,0,1,0,1,1,0,0,Teacher,Civil Engineer,Marketing Manager
100,78,62,81,83,28,87,69,0,0,0,0,0,1,1,0,0,1,UX/UI Designer,Lawyer,Teacher
55,35,23,68,53,44,37,82,1,0,1,1,1,0,1,0,1,1,Marketing Manager,Financial Analyst,Mechanical Engineer
24,23,24,39,45,89,99,22,1,1,1,0,1,0,1,1,0,1,Teacher,Graphic Designer,Digital Marketer
56,52,94,71,38,53,37,22,0,1,1,1,1,0,0,1,0,0,Civil Engineer,Content Writer,Doctor
60,73,49,24,72,71,27,31,0,0,1,1,1,0,1,1,1,0,Graphic Designer,Financial Analyst,Psychologist
34,24,25,44,75,69,63,98,0,0,0,1,0,1,1,1,0,0,Graphic Designer,Marketing Manager,Data Scientist
84,45,24,40,83,58,65,50,0,0,1,1,1,0,1,0,0,1,Mechanical Engineer,Teacher,Doctor
91,89,76,75,71,41,71,36,0,1,0,1,1,1,0,1,1,0,Graphic Designer,Architect,Data Scientist
20,40,83,79,89,98,75,48,0,1,0,0,0,1,0,0,1,0,UX/UI Designer,Financial Analyst,Doctor
98,100,95,90,63,56,20,50,1,1,1,0,1,0,0,0,0,0,Software Developer,Civil Engineer,Doctor
85,65,88,78,58,26,64,70,1,1,0,0,1,1,0,1,1,1,Financial Analyst,Psychologist,Content Writer
66,82,39,39,75,26,81,51,0,0,1,0,0,1,1,1,1,0,Data Scientist,UX/UI Designer,Graphic Designer
20,77,86,74,26,42,89,53,0,0,0,1,0,1,0,0,0,0,Software Developer,Lawyer,Data Scientist
35,84,55,36,88,22,80,80,1,0,0,0,0,0,1,1,1,1,Civil Engineer,UX/UI Designer,Doctor
60,74,38,69,91,24,92,33,0,0,1,0,0,1,0,0,1,1,Psychologist,Data Scientist,Lawyer
43,41,41,61,98,39,54,74,1,0,1,1,1,1,0,0,0,0,Digital Marketer,Data Scientist,Teacher
20,98,28,85,95,31,100,55,1,0,0,0,1,0,1,0,1,0,Content Writer,Doctor,Psychologist
35,51,86,37,25,35,23,64,1,1,0,1,1,1,1,1,1,0,Software Developer,Digital Marketer,Civil Engineer
40,33,85,58,99,43,23,87,0,0,0,1,0,0,1,0,1,1,Lawyer,Data Scientist,Doctor
64,21,53,78,42,63,35,92,1,1,0,1,0,1,1,0,0,0,Civil Engineer,Doctor,Content Writer
53,44,20,77,59,57,77,65,0,0,0,0,1,1,1,1,1,0,Software Developer,Teacher,Content Writer
59,69,75,30,83,55,95,24,0,1,0,1,1,0,1,0,1,1,Content Writer,Financial Analyst,Lawyer
58,28,78,44,47,44,92,41,0,1,0,1,0,0,1,1,1,1,Financial Analyst,Content Writer,Mechanical Engineer
63,76,28,34,73,83,30,40,0,1,0,1,1,1,1,0,1,0,Teacher,Mechanical Engineer,Civil Engineer
87,38,63,91,60,99,58,36,0,1,0,0,1,0,0,1,0,1,Digital Marketer,Civil Engineer,Mechanical Engineer
66,27,27,45,47,72,98,49,1,0,0,1,1,1,0,1,1,1,Architect,Lawyer,Marketing Manager
31,87,91,64,97,83,44,47,1,0,1,1,0,0,0,1,0,0,Marketing Manager,UX/UI Designer,Psychologist
90,68,87,37,84,98,63,58,0,0,0,1,1,1,0,0,0,0,Psychologist,Financial Analyst,UX/UI Designer
33,94,51,61,93,61,28,63,1,0,0,0,0,1,0,0,0,0,Content Writer,Marketing Manager,Software Developer
47,23,58,44,87,30,84,78,1,1,0,1,0,1,0,1,1,1,Lawyer,Civil Engineer,Data Scientist
73,56,26,29,88,37,83,81,0,0,0,1,0,1,1,0,0,0,Data Scientist,UX/UI Designer,Content Writer
91,34,86,53,52,97,69,71,0,0,0,1,0,1,1,0,0,1,Content Writer,Financial Analyst,Graphic Designer
85,79,36,86,30,73,20,82,1,1,0,1,0,0,1,1,1,1,Psychologist,Data Scientist,Mechanical Engineer
59,35,21,76,39,87,98,66,0,0,0,1,1,1,1,0,1,0,Doctor,Data Scientist,Mechanical Engineer
89,97,94,79,50,33,51,35,1,0,1,1,1,1,1,0,0,1,Marketing Manager,Digital Marketer,Data Scientist
69,87,74,40,27,57,44,24,1,1,0,0,1,1,1,0,1,1,Marketing Manager,Psychologist,Doctor
36,38,92,86,20,81,95,20,1,0,0,1,0,1,0,1,1,1,UX/UI Designer,Financial Analyst,Data Scientist
49,86,47,23,36,74,68,54,0,0,0,0,1,0,0,1,1,0,Lawyer,Marketing Manager,Mechanical Engineer
48,33,100,62,100,91,40,92,1,1,0,0,0,0,1,0,1,0,Marketing Manager,Content Writer,Teacher
59,96,60,85,98,34,31,27,1,1,0,1,1,0,0,1,0,1,Lawyer,Content Writer,Software Developer
78,84,69,49,45,60,87,92,0,0,0,1,1,0,1,0,0,1,Lawyer,Mechanical Engineer,Psychologist
63,56,54,21,45,90,22,72,1,0,1,0,1,1,1,1,0,0,Civil Engineer,Content Writer,Data Scientist
37,33,51,30,82,90,97,31,1,1,1,0,1,1,1,0,1,0,Digital Marketer,Teacher,Mechanical Engineer
86,52,47,82,41,37,66,78,0,1,1,0,0,1,0,0,0,1,Architect,Marketing Manager,Doctor
27,39,39,47,37,94,21,68,0,1,1,1,1,0,0,0,0,0,UX/UI Designer,Graphic Designer,Data Scientist
57,60,47,33,84,50,79,83,0,0,1,0,0,1,0,1,0,1,Marketing Manager,Financial Analyst,Architect
53,25,31,78,76,46,68,22,0,1,0,0,0,0,0,1,1,1,Financial Analyst,Lawyer,Architect
55,50,89,88,33,36,71,93,1,1,1,1,0,1,0,0,1,0,Marketing Manager,Lawyer,Psychologist
97,23,88,61,75,26,57,55,0,1,0,1,0,1,0,0,1,0,Data Scientist,Mechanical Engineer,Teacher
82,84,41,54,28,42,38,91,0,1,0,0,1,0,0,1,1,0,Marketing Manager,Doctor,Lawyer
81,28,44,82,45,51,65,42,1,1,1,1,0,1,0,1,1,0,UX/UI Designer,Content Writer,Lawyer
28,86,87,47,89,83,31,70,1,0,0,0,0,1,0,1,0,1,Architect,Civil Engineer,Financial Analyst
76,65,25,23,41,50,92,91,0,0,0,0,1,0,1,1,0,0,Financial Analyst,Content Writer,Doctor
77,92,33,26,49,78,63,30,0,0,1,0,0,1,1,1,1,0,Digital Marketer,Data Scientist,Content Writer
21,93,93,22,47,50,59,66,0,0,0,1,1,0,0,1,0,0,Content Writer,Doctor,Lawyer
51,66,27,70,75,39,56,93,0,0,0,1,1,1,0,1,0,0,Architect,Teacher,UX/UI Designer
83,27,58,61,98,34,33,32,1,0,1,1,1,1,0,1,1,1,UX/UI Designer,Digital Marketer,Content Writer
76,72,68,37,43,68,30,100,1,0,0,1,0,1,1,1,1,1,Doctor,Civil Engineer,Lawyer
21,89,35,52,53,67,38,99,1,1,1,1,1,1,1,1,0,0,Graphic Designer,Financial Analyst,Civil Engineer
43,50,25,62,27,95,75,82,0,0,1,1,0,0,0,0,0,1,Lawyer,Digital Marketer,Financial Analyst
91,49,39,78,26,100,23,36,0,1,1,1,0,0,0,0,1,0,Software Developer,Architect,Civil Engineer
69,60,87,58,41,76,83,67,1,1,0,0,1,0,1,1,0,0,UX/UI Designer,Lawyer,Data Scientist
33,72,49,84,79,68,62,35,0,1,0,0,1,0,0,0,1,0,Marketing Manager,Civil Engineer,Doctor
31,66,29,40,54,44,40,24,0,0,1,0,1,0,1,0,1,1,Civil Engineer,Architect,Graphic Designer
23,38,71,92,83,40,75,91,1,0,0,0,0,0,0,0,1,1,Psychologist,Architect,Digital Marketer
77,42,48,62,56,100,64,75,0,0,0,1,0,1,1,1,0,0,Marketing Manager,Doctor,Teacher
28,59,59,67,44,92,72,31,1,0,1,0,0,0,0,1,1,1,Architect,Lawyer,Teacher
45,48,73,50,56,93,64,98,1,0,0,1,0,1,1,1,1,0,Lawyer,Civil Engineer,Data Scientist
50,67,70,67,51,25,79,21,0,0,0,1,0,0,0,0,0,1,Civil Engineer,Mechanical Engineer,Data Scientist
41,38,44,67,55,55,79,24,0,1,0,1,1,0,1,0,1,0,Marketing Manager,Content Writer,Lawyer
49,66,96,34,65,90,68,51,1,0,1,0,0,1,1,1,0,1,Content Writer,Architect,UX/UI Designer
40,91,28,58,70,47,73,43,1,0,1,1,1,1,0,1,1,1,Civil Engineer,Content Writer,Digital Marketer
32,69,32,89,83,68,66,62,0,0,1,0,1,1,0,1,0,1,Lawyer,Architect,UX/UI Designer
81,79,85,90,92,87,35,42,1,1,0,1,0,0,0,0,0,0,Financial Analyst,Graphic Designer,Psychologist
87,45,30,56,77,46,71,81,1,0,0,0,0,1,0,1,1,0,Software Developer,Graphic Designer,Mechanical Engineer
99,21,72,65,25,36,81,90,0,1,1,0,1,0,0,0,1,0,Civil Engineer,Psychologist,Marketing Manager
72,43,39,28,80,92,92,96,0,1,0,1,1,0,1,1,1,1,Marketing Manager,UX/UI Designer,Digital Marketer
56,47,86,66,87,52,73,87,0,1,0,1,1,1,1,1,1,1,Content Writer,UX/UI Designer,Digital Marketer
88,34,85,81,74,86,54,62,1,0,1,0,1,1,0,0,0,0,Psychologist,Content Writer,Lawyer
52,88,25,76,44,21,84,38,0,0,0,0,0,0,0,1,0,0,Psychologist,Doctor,Data Scientist
55,68,32,70,33,24,55,37,1,0,1,0,1,0,0,0,1,1,Financial Analyst,Doctor,Digital Marketer
73,68,70,90,97,29,71,93,0,1,0,1,0,1,1,0,1,0,Data Scientist,Marketing Manager,UX/UI Designer
26,65,79,90,49,33,22,57,0,0,0,1,0,1,0,1,1,0,Graphic Designer,Data Scientist,Architect
24,63,98,22,48,80,48,61,1,1,0,0,1,1,1,0,1,0,Teacher,Content Writer,Digital Marketer
34,75,34,31,95,92,76,79,1,0,1,1,0,1,0,1,0,0,Mechanical Engineer,UX/UI Designer,Architect
94,48,31,53,51,99,52,27,1,1,1,1,0,0,0,1,0,0,Data Scientist,UX/UI Designer,Civil Engineer
29,58,20,92,74,52,76,36,1,1,0,1,0,0,1,1,1,1,Architect,Doctor,Digital Marketer
40,32,75,54,62,54,75,86,1,0,0,0,0,1,0,0,0,0,Marketing Manager,Data Scientist,Psychologist
87,63,76,79,97,75,76,59,1,1,1,1,0,0,1,0,0,1,Data Scientist,Civil Engineer,Digital Marketer
88,69,32,81,91,22,66,45,1,1,1,0,0,0,1,1,1,1,Marketing Manager,Software Developer,Financial Analyst
51,58,96,63,94,81,58,96,0,0,0,1,0,1,1,1,1,0,Financial Analyst,Mechanical Engineer,Psychologist
48,85,37,80,54,49,75,43,1,1,1,0,0,0,0,0,1,1,Financial Analyst,UX/UI Designer,Psychologist
62,68,61,82,66,95,92,29,1,1,1,0,0,0,1,1,1,1,Data Scientist,Graphic Designer,Teacher
67,75,70,90,63,83,50,97,0,1,0,0,0,1,1,0,1,1,Marketing Manager,Financial Analyst,Mechanical Engineer
62,79,47,33,33,28,55,78,1,1,0,1,0,1,0,0,0,1,Digital Marketer,Content Writer,Architect
66,64,67,89,95,69,30,52,0,1,0,0,1,1,1,0,1,1,Architect,Software Developer,Graphic Designer
59,35,30,80,71,23,59,34,1,1,1,1,0,0,1,0,1,0,UX/UI Designer,Content Writer,Marketing Manager
70,20,64,22,93,55,73,86,1,1,0,1,1,0,0,1,1,1,Graphic Designer,Architect,Financial Analyst
36,91,32,23,21,91,45,80,1,1,1,0,0,1,1,0,1,0,Financial Analyst,Lawyer,Psychologist
72,72,99,79,50,80,28,72,0,1,1,1,1,0,1,0,1,1,Digital Marketer,Data Scientist,UX/UI Designer
69,54,32,41,31,70,65,29,0,0,1,0,0,1,0,0,0,1,Graphic Designer,Data Scientist,Teacher
72,24,83,57,27,34,30,26,0,0,0,1,0,1,0,0,1,0,Architect,Digital Marketer,Data Scientist
35,79,32,49,96,73,21,58,0,0,0,0,1,0,0,0,0,1,Architect,Psychologist,Lawyer
27,92,70,75,63,38,68,77,0,1,1,1,0,1,0,1,0,0,Data Scientist,Teacher,Civil Engineer
51,73,23,43,49,56,64,75,1,1,0,1,1,0,0,0,1,1,UX/UI Designer,Digital Marketer,Software Developer
48,53,22,30,67,36,96,65,1,0,0,0,0,0,1,0,0,0,Graphic Designer,Marketing Manager,Digital Marketer
51,59,68,48,21,34,62,89,0,0,1,1,0,0,1,0,1,0,Lawyer,Teacher,Civil Engineer
88,33,97,71,51,26,89,80,1,1,0,1,0,0,0,1,0,1,Financial Analyst,Graphic Designer,Civil Engineer
31,69,97,70,91,81,94,37,0,1,1,0,0,0,0,1,1,0,Data Scientist,UX/UI Designer,Financial Analyst
72,77,37,75,88,61,76,43,1,1,0,1,0,1,0,1,0,0,UX/UI Designer,Teacher,Digital Marketer
63,59,87,35,91,70,71,49,1,0,0,1,1,1,0,1,1,1,Architect,Mechanical Engineer,Digital Marketer
82,57,100,88,97,77,90,97,0,1,0,1,0,1,0,1,0,0,Financial Analyst,Software Developer,Content Writer
72,48,41,67,68,87,34,84,1,0,1,1,1,0,1,1,0,0,Psychologist,Software Developer,Mechanical Engineer
29,67,100,89,96,76,83,57,1,1,0,0,0,0,0,1,0,1,Financial Analyst,UX/UI Designer,Software Developer
75,64,42,27,26,29,27,100,0,0,0,1,1,1,0,0,0,1,Mechanical Engineer,Civil Engineer,Doctor
97,47,90,47,93,34,87,99,1,0,0,1,1,1,1,0,1,1,Doctor,Teacher,Financial Analyst
34,62,39,97,66,26,63,81,0,1,0,1,1,0,0,1,1,1,Psychologist,Civil Engineer,Digital Marketer
40,97,91,98,49,68,26,26,1,1,0,0,1,0,0,1,0,1,Mechanical Engineer,Financial Analyst,Architect
39,97,65,77,36,100,40,20,1,1,1,1,1,1,0,0,0,1,Doctor,Civil Engineer,Architect
32,20,79,56,31,87,46,25,0,1,1,1,0,0,0,0,0,0,Architect,Data Scientist,Doctor
61,80,94,46,82,99,46,79,1,1,0,1,0,0,1,0,0,0,Doctor,Lawyer,Civil Engineer
50,79,86,83,96,77,68,85,1,1,1,1,0,1,1,0,1,0,Doctor,Mechanical Engineer,Software Developer
88,78,41,23,70,79,21,43,1,0,1,1,0,0,1,1,0,1,Doctor,Marketing Manager,Data Scientist
94,82,27,20,46,80,57,58,1,0,1,1,1,1,0,0,0,1,Software Developer,UX/UI Designer,Marketing Manager
47,72,44,93,41,26,60,68,0,0,1,0,0,0,1,1,1,1,UX/UI Designer,Psychologist,Data Scientist
74,48,81,43,57,29,71,73,0,0,1,1,1,0,1,1,1,1,Mechanical Engineer,Lawyer,Software Developer
92,21,48,89,28,86,83,36,0,1,1,1,0,1,0,0,1,1,Financial Analyst,Mechanical Engineer,Architect
55,58,96,42,84,32,48,56,1,0,1,1,1,0,1,1,1,1,Marketing Manager,Financial Analyst,Lawyer
28,51,23,68,84,52,100,80,1,0,0,0,0,1,0,0,1,0,UX/UI Designer,Content Writer,Digital Marketer
28,71,91,61,83,46,85,35,1,1,1,1,1,0,0,1,0,1,Graphic Designer,Lawyer,Data Scientist
54,53,54,55,38,81,43,32,1,1,1,1,1,1,0,0,1,1,Architect,Doctor,Data Scientist
83,61,93,84,29,29,36,31,1,0,0,0,1,1,1,1,1,1,Digital Marketer,Teacher,Graphic Designer
92,41,90,89,53,43,98,39,1,1,1,1,0,0,1,0,0,0,Mechanical Engineer,Civil Engineer,Doctor
55,61,63,74,31,35,63,24,0,1,0,0,0,0,0,0,0,0,UX/UI Designer,Graphic Designer,Civil Engineer
31,86,41,84,94,75,84,38,0,1,0,0,1,0,1,0,1,0,Psychologist,Data Scientist,Graphic Designer
61,75,55,46,77,76,59,25,1,1,0,0,1,0,0,1,1,1,Civil Engineer,Architect,UX/UI Designer
80,62,43,86,77,24,78,28,0,1,0,1,1,1,1,0,1,0,Psychologist,Software Developer,Architect
66,79,92,72,57,94,26,85,0,1,1,0,0,0,1,0,1,0,Graphic Designer,Psychologist,Architect
43,63,94,37,95,97,33,87,0,1,1,0,1,1,0,1,0,0,Software Developer,Graphic Designer,Doctor
54,67,76,33,93,85,83,29,0,0,1,0,0,1,0,0,1,1,Teacher,Data Scientist,Architect
82,46,67,21,52,28,20,99,1,0,0,0,0,1,1,0,1,0,Software Developer,Lawyer,Teacher
92,95,83,81,63,90,36,35,0,1,1,1,1,1,1,1,1,0,Lawyer,Teacher,Marketing Manager
39,63,38,44,24,82,33,59,0,0,0,0,0,0,0,0,0,0,Digital Marketer,Financial Analyst,UX/UI Designer
50,67,86,25,82,72,80,40,0,1,0,1,0,0,0,0,1,0,Civil Engineer,Psychologist,Financial Analyst
56,48,47,68,58,50,67,43,0,1,1,1,1,0,0,0,0,1,Software Developer,Marketing Manager,UX/UI Designer
45,91,71,47,62,57,65,92,0,0,1,0,1,0,0,1,0,1,Psychologist,Doctor,Mechanical Engineer
54,74,46,57,89,76,69,28,1,0,1,0,1,1,1,1,1,0,Lawyer,Teacher,Mechanical Engineer
34,41,72,45,41,61,48,81,0,1,1,1,0,1,0,1,0,1,Digital Marketer,Mechanical Engineer,Data Scientist
71,67,31,31,80,46,50,82,0,0,1,1,0,0,1,1,0,0,Content Writer,Teacher,Doctor
28,20,50,56,67,34,94,23,0,0,1,0,1,0,0,0,0,0,Lawyer,Psychologist,Marketing Manager
76,52,46,43,99,98,79,92,1,0,1,1,1,0,1,0,1,1,Content Writer,Architect,Mechanical Engineer
79,56,22,85,77,40,39,69,1,1,0,1,1,0,1,1,1,0,Digital Marketer,Graphic Designer,Mechanical Engineer
89,46,33,23,46,86,52,24,1,1,0,1,1,1,1,0,1,0,Financial Analyst,Mechanical Engineer,Digital Marketer
37,82,42,71,58,84,58,94,1,0,1,0,0,1,1,0,0,1,Architect,Software Developer,Teacher
31,36,78,42,94,39,42,80,0,0,0,0,1,0,0,1,1,1,Mechanical Engineer,Marketing Manager,Software Developer
38,33,52,67,38,61,67,24,0,0,0,1,1,1,1,1,1,1,Doctor,Lawyer,Civil Engineer
38,45,40,48,37,78,60,27,0,1,0,0,0,1,0,0,1,0,Architect,Marketing Manager,Data Scientist
50,90,21,43,64,31,48,96,1,0,1,0,0,0,0,1,0,1,Software Developer,Lawyer,Mechanical Engineer
44,33,88,96,96,26,45,90,1,0,0,1,0,0,1,1,1,0,Teacher,Architect,Data Scientist
97,26,40,24,62,30,99,68,0,1,1,1,1,0,1,1,0,1,Mechanical Engineer,Content Writer,UX/UI Designer
21,58,62,83,20,80,39,89,1,0,0,1,0,0,1,0,1,0,Teacher,Graphic Designer,Data Scientist
51,86,47,70,87,25,60,70,1,1,0,1,1,1,1,1,1,1,Content Writer,Architect,Data Scientist
79,50,76,74,67,74,52,51,0,0,1,0,0,1,0,0,0,0,UX/UI Designer,Mechanical Engineer,Architect
71,96,61,29,63,41,96,46,1,1,1,1,0,0,1,1,1,1,Architect,Doctor,Psychologist
73,76,100,41,90,31,66,54,0,1,1,1,0,1,1,0,1,1,Content Writer,Data Scientist,Mechanical Engineer
24,29,82,92,23,63,20,63,1,1,0,1,1,1,1,1,0,0,Marketing Manager,Financial Analyst,Software Developer
79,63,43,28,48,90,80,52,1,0,1,1,1,0,0,1,0,0,Digital Marketer,Psychologist,Graphic Designer
56,95,43,82,87,20,100,58,0,0,1,0,1,1,0,0,0,0,Architect,Software Developer,Doctor
83,27,31,81,87,38,40,72,1,1,1,1,1,0,0,1,1,1,UX/UI Designer,Software Developer,Graphic Designer
68,80,28,73,93,62,68,46,1,0,1,1,1,1,1,1,0,1,Graphic Designer,Data Scientist,Content Writer
64,99,59,56,38,25,54,63,1,0,0,0,1,0,0,1,1,0,Content Writer,Marketing Manager,Digital Marketer
65,71,81,61,55,50,39,49,0,0,1,1,1,0,0,1,0,1,Software Developer,UX/UI Designer,Teacher
73,28,23,88,71,71,53,26,1,0,1,0,1,1,0,0,1,1,Software Developer,Content Writer,Data Scientist
82,77,53,80,69,93,69,67,0,1,1,1,0,1,1,0,1,0,Doctor,Mechanical Engineer,Data Scientist
63,28,51,22,25,88,83,53,0,0,1,1,0,1,0,1,1,0,Psychologist,UX/UI Designer,Financial Analyst
55,45,67,78,51,95,35,26,0,1,0,0,0,0,1,1,1,0,Software Developer,Lawyer,Mechanical Engineer
34,87,49,92,94,95,86,74,1,0,0,0,0,0,0,1,0,1,UX/UI Designer,Lawyer,Doctor
64,54,88,35,92,32,63,49,0,1,1,0,1,0,0,0,0,0,Content Writer,Doctor,Graphic Designer
73,88,95,82,57,46,29,33,1,1,0,1,1,0,1,1,1,1,Financial Analyst,Data Scientist,Mechanical Engineer
57,67,70,99,22,90,44,89,0,1,0,0,0,0,0,0,0,1,Doctor,Content Writer,Digital Marketer
29,97,36,99,49,87,50,36,1,0,0,0,0,1,0,0,0,1,Content Writer,Data Scientist,Mechanical Engineer
38,42,67,75,24,51,25,21,0,1,1,0,0,1,1,0,0,0,Data Scientist,Psychologist,Teacher
85,42,92,87,64,46,76,39,1,1,1,1,1,1,0,0,1,0,Civil Engineer,Software Developer,Financial Analyst
81,39,98,67,41,97,34,29,0,1,1,0,1,0,1,1,1,1,Graphic Designer,Lawyer,Financial Analyst
27,54,100,48,42,56,53,59,1,1,0,0,0,1,0,0,0,0,Marketing Manager,Psychologist,Graphic Designer
59,79,26,40,96,88,83,97,1,1,0,1,0,1,1,0,1,1,Software Developer,Financial Analyst,Teacher
80,48,30,78,89,89,26,72,1,1,1,1,1,0,1,1,1,0,Marketing Manager,Software Developer,Graphic Designer
100,40,94,39,75,38,79,78,1,1,1,1,1,0,0,1,0,0,UX/UI Designer,Psychologist,Digital Marketer
27,41,92,92,59,53,34,58,0,1,1,1,0,0,0,1,1,0,Civil Engineer,Teacher,Mechanical Engineer
100,62,52,27,29,71,67,44,1,1,1,1,0,0,1,1,0,1,Lawyer,Software Developer,Architect
90,82,84,41,52,58,49,44,0,0,0,0,1,1,1,1,0,1,Lawyer,Software Developer,Data Scientist
96,73,51,55,59,64,40,31,1,1,0,0,1,1,1,1,0,0,Architect,Civil Engineer,Psychologist
77,100,72,62,43,47,72,87,1,1,0,1,1,0,0,0,0,1,Doctor,Software Developer,Teacher
35,83,63,36,76,39,73,36,1,0,0,0,1,0,1,1,1,1,Data Scientist,Software Developer,Digital Marketer
71,71,52,95,62,66,24,64,0,0,0,1,0,1,1,1,0,1,Financial Analyst,Software Developer,Psychologist
94,80,97,28,29,40,99,65,0,0,1,0,0,1,0,0,0,0,Financial Analyst,Content Writer,Mechanical Engineer
75,97,52,68,66,44,85,68,0,1,1,1,0,1,1,1,1,1,Financial Analyst,Data Scientist,Teacher
76,55,21,58,25,25,68,21,1,0,0,0,0,1,1,0,0,1,Mechanical Engineer,Content Writer,Doctor
92,37,65,64,27,88,69,48,1,1,1,0,0,0,0,0,1,1,UX/UI Designer,Mechanical Engineer,Civil Engineer
95,36,94,45,70,32,57,74,1,0,0,1,1,0,1,1,1,1,Graphic Designer,Software Developer,Data Scientist
34,89,21,65,54,57,79,95,1,0,1,0,0,0,1,1,1,0,Marketing Manager,Digital Marketer,Software Developer
77,46,29,84,75,21,27,79,1,0,1,0,1,0,1,0,0,0,Mechanical Engineer,Digital Marketer,Psychologist
72,67,22,94,69,49,95,30,1,1,0,1,0,0,1,1,0,0,Teacher,Architect,Financial Analyst
54,41,89,41,69,88,40,93,1,0,0,0,0,1,0,0,1,0,UX/UI Designer,Lawyer,Mechanical Engineer
100,94,58,76,55,85,60,49,1,0,1,1,1,1,1,1,1,0,Civil Engineer,Psychologist,Graphic Designer
74,42,59,71,46,48,76,74,1,0,0,1,1,0,0,1,0,0,UX/UI Designer,Graphic Designer,Financial Analyst
82,79,89,28,39,61,78,30,0,0,0,1,0,1,0,1,1,1,Doctor,Architect,Digital Marketer
49,21,63,61,96,66,98,94,1,1,1,1,1,0,0,1,1,1,Software Developer,Civil Engineer,UX/UI Designer
46,57,25,96,54,55,97,43,0,0,0,0,0,1,1,1,0,1,Mechanical Engineer,Financial Analyst,Content Writer
79,35,82,80,84,61,57,84,1,1,1,1,1,1,0,0,0,0,Mechanical Engineer,Software Developer,Financial Analyst
68,80,36,53,76,77,20,56,0,1,0,0,1,1,0,0,1,0,Lawyer,Graphic Designer,Civil Engineer
60,33,24,45,65,62,27,46,1,1,0,0,1,0,0,0,0,0,Architect,Software Developer,Content Writer
60,87,57,26,87,74,71,88,0,1,0,0,0,1,0,0,1,1,Architect,Lawyer,Doctor
22,70,26,21,24,51,68,80,1,1,1,0,0,1,1,1,1,0,Digital Marketer,Data Scientist,Financial Analyst
79,68,44,94,38,96,100,23,0,0,1,0,0,1,1,0,0,0,Architect,Marketing Manager,Lawyer
47,73,48,72,46,80,75,48,1,1,1,1,0,0,0,0,1,0,Digital Marketer,UX/UI Designer,Financial Analyst
83,98,35,56,92,30,54,42,1,1,0,1,1,1,0,0,0,0,Doctor,UX/UI Designer,Teacher
24,28,59,46,73,56,74,42,1,0,1,0,1,1,1,0,0,0,Doctor,Digital Marketer,Psychologist
40,95,88,68,59,81,98,50,1,1,1,0,1,1,0,1,1,0,Teacher,Architect,Graphic Designer
90,76,33,53,53,85,49,64,0,0,0,1,1,0,1,1,1,1,Lawyer,Doctor,UX/UI Designer
31,77,72,50,34,97,84,91,1,1,1,1,0,0,0,0,1,1,Doctor,Marketing Manager,Content Writer
71,27,79,21,100,43,54,62,1,1,1,1,0,0,1,0,0,0,UX/UI Designer,Civil Engineer,Lawyer
66,30,54,38,22,53,56,30,1,1,1,1,0,0,0,1,1,1,Graphic Designer,UX/UI Designer,Content Writer
65,38,84,82,55,74,32,99,0,1,0,1,0,0,0,0,1,1,Architect,Marketing Manager,Lawyer
46,68,25,60,52,40,43,75,0,1,0,1,1,0,1,0,1,1,Data Scientist,Psychologist,Digital Marketer
59,31,69,50,42,61,64,42,0,1,0,0,0,1,1,0,0,1,Mechanical Engineer,Psychologist,Software Developer
85,35,22,38,31,89,39,71,0,0,1,0,1,0,0,1,1,1,Teacher,Mechanical Engineer,UX/UI Designer
95,100,61,21,27,61,81,66,1,0,0,0,1,1,0,1,0,0,Mechanical Engineer,Lawyer,Psychologist
48,63,91,67,76,57,62,42,0,0,1,1,0,1,0,0,1,1,Digital Marketer,Lawyer,Marketing Manager
97,53,59,88,40,46,58,89,1,0,0,1,1,1,0,1,1,1,Software Developer,Psychologist,Civil Engineer
61,20,63,74,96,70,99,64,1,1,0,0,0,1,0,0,0,0,UX/UI Designer,Software Developer,Content Writer
58,93,26,44,22,64,27,21,0,0,1,1,1,1,0,1,1,0,Lawyer,Graphic Designer,Architect
56,86,71,60,58,47,85,29,0,1,1,0,0,1,0,0,0,1,Mechanical Engineer,Digital Marketer,Graphic Designer
95,34,73,25,35,80,82,38,0,0,1,0,1,1,0,1,1,0,Doctor,Lawyer,Architect
40,75,69,32,44,88,55,32,0,1,1,1,1,1,0,1,0,1,Architect,Data Scientist,Doctor
65,71,66,43,42,45,92,90,1,0,1,1,1,0,1,0,0,1,Software Developer,Mechanical Engineer,Teacher
25,43,80,42,25,39,24,34,0,0,1,0,0,1,0,1,0,1,Marketing Manager,Civil Engineer,Doctor
96,59,36,35,43,82,54,64,0,0,0,0,0,1,1,1,0,0,Architect,Civil Engineer,Mechanical Engineer
50,83,37,44,20,34,40,82,1,1,0,0,1,0,1,1,0,1,Doctor,Marketing Manager,Financial Analyst
35,82,99,23,53,38,52,65,0,0,0,0,1,1,0,0,1,0,Lawyer,Content Writer,Graphic Designer
84,75,92,67,81,34,35,71,0,0,1,1,1,1,1,1,1,0,Software Developer,Lawyer,Graphic Designer
68,61,48,80,41,93,75,61,1,0,1,1,0,1,0,0,1,1,Content Writer,Marketing Manager,Graphic Designer
43,34,84,57,56,43,75,54,0,1,0,0,1,1,0,1,0,0,Data Scientist,Lawyer,Architect
57,68,82,24,92,36,78,52,1,1,0,0,0,1,1,0,1,1,Doctor,Civil Engineer,Software Developer
69,50,70,57,49,63,90,43,1,1,1,0,1,0,0,1,0,1,Digital Marketer,Financial Analyst,Psychologist
44,23,42,60,98,35,61,20,1,0,0,1,0,0,0,0,0,0,Financial Analyst,Content Writer,Civil Engineer
99,87,57,88,61,48,57,21,0,1,0,1,1,1,0,0,0,0,Software Developer,Civil Engineer,Content Writer
69,61,27,31,45,36,84,90,0,1,0,1,1,0,0,0,1,0,Doctor,Psychologist,Civil Engineer
84,91,83,21,48,73,96,31,0,0,0,1,0,0,1,1,0,1,Teacher,Architect,Content Writer
26,59,26,84,44,70,28,50,1,0,1,0,0,0,1,0,0,1,Teacher,UX/UI Designer,Digital Marketer
93,83,73,97,39,36,89,79,0,1,0,0,1,0,1,1,1,1,Marketing Manager,Mechanical Engineer,Doctor
55,62,97,95,22,22,94,50,1,1,0,1,0,1,0,1,0,1,Teacher,Financial Analyst,Mechanical Engineer
35,31,88,84,91,32,27,47,1,1,0,0,1,1,1,0,0,1,Mechanical Engineer,Psychologist,Architect
85,38,73,44,51,51,74,23,0,1,1,1,1,0,0,1,0,1,Graphic Designer,Architect,Financial Analyst
23,27,82,40,27,32,55,26,0,1,0,1,0,0,1,1,0,0,Graphic Designer,Financial Analyst,Architect
42,23,96,52,46,36,96,60,0,0,1,1,0,0,1,1,1,0,Software Developer,Teacher,Civil Engineer
43,29,42,21,30,63,79,82,0,0,0,0,1,1,1,0,1,0,Teacher,Doctor,Architect
32,28,62,73,60,96,64,67,0,1,1,0,0,1,1,0,1,0,Teacher,Software Developer,Content Writer
43,43,97,91,91,94,57,77,0,1,0,1,0,1,1,1,0,1,Content Writer,Teacher,Digital Marketer
42,23,96,32,72,43,46,47,0,0,0,1,0,0,1,0,1,0,Teacher,Content Writer,Digital Marketer
56,26,64,75,72,43,100,53,0,0,1,1,1,0,0,0,0,1,Mechanical Engineer,Psychologist,Lawyer
34,51,31,92,52,75,45,80,0,1,1,1,1,1,1,0,0,1,Psychologist,Content Writer,Lawyer
91,77,44,53,23,56,57,42,0,1,1,1,1,0,1,1,1,0,Mechanical Engineer,Software Developer,Lawyer
69,87,100,78,55,41,73,80,0,1,1,1,1,1,1,0,0,1,Content Writer,Mechanical Engineer,Graphic Designer
89,47,86,74,49,53,38,75,0,0,1,0,1,1,0,1,1,0,Content Writer,Financial Analyst,Civil Engineer
52,100,52,86,54,31,56,40,1,1,0,1,1,1,0,0,1,0,UX/UI Designer,Psychologist,Architect
36,81,83,51,25,45,75,62,1,0,0,0,1,1,1,1,0,1,Graphic Designer,Psychologist,Marketing Manager
26,39,94,40,62,21,36,47,1,0,0,0,0,1,1,0,1,0,Mechanical Engineer,Architect,Digital Marketer
44,82,43,67,76,32,49,52,1,0,1,1,1,1,0,1,1,1,Software Developer,Psychologist,Financial Analyst
26,78,66,63,39,97,28,91,0,1,1,0,1,0,0,1,0,1,Psychologist,Graphic Designer,Data Scientist
93,71,33,48,38,71,54,55,1,0,0,0,1,1,1,0,0,1,Teacher,UX/UI Designer,Architect
72,42,31,83,52,72,22,68,0,1,1,1,1,0,1,0,1,0,Lawyer,Data Scientist,Psychologist
65,40,41,80,81,100,66,34,0,1,0,1,0,1,0,0,0,1,Teacher,Architect,Mechanical Engineer
33,40,74,31,97,76,89,77,0,1,1,1,1,1,1,1,1,0,Digital Marketer,Software Developer,Lawyer
21,85,55,92,63,30,89,81,1,0,0,0,1,0,1,0,1,1,Digital Marketer,Teacher,Architect
64,92,45,31,92,39,96,22,0,1,1,0,1,0,0,0,0,1,Architect,Digital Marketer,Software Developer
31,72,57,100,95,98,29,36,1,0,1,1,0,0,0,0,1,0,Financial Analyst,Doctor,UX/UI Designer
68,96,89,33,80,32,43,32,1,1,0,1,0,0,1,0,1,1,Content Writer,Mechanical Engineer,Teacher
29,92,53,44,94,80,33,72,0,1,0,1,0,1,0,1,0,1,Doctor,Lawyer,Mechanical Engineer
77,96,27,30,29,84,73,30,1,1,0,1,1,1,1,0,1,1,Financial Analyst,Civil Engineer,Doctor
41,24,52,80,32,44,83,59,1,0,1,0,0,0,0,1,1,0,Data Scientist,Teacher,UX/UI Designer
84,56,38,85,50,84,83,46,1,0,0,1,0,0,1,0,1,0,UX/UI Designer,Civil Engineer,Architect
74,94,54,66,61,30,51,83,1,0,0,0,0,1,0,0,0,0,Data Scientist,Financial Analyst,Marketing Manager
91,87,40,68,82,41,43,62,1,1,0,1,1,1,0,0,0,0,Financial Analyst,Doctor,UX/UI Designer
43,65,66,91,43,58,27,37,1,0,1,0,0,0,1,0,0,0,Mechanical Engineer,Doctor,Digital Marketer
49,55,41,50,20,77,77,54,1,0,1,1,0,0,1,0,1,1,Architect,Marketing Manager,Teacher
54,44,88,99,73,33,64,47,0,0,1,1,0,1,1,1,0,0,Software Developer,Financial Analyst,Data Scientist
27,34,62,94,100,75,74,94,1,1,0,1,1,1,1,1,0,1,Architect,Mechanical Engineer,Data Scientist
36,97,58,26,96,42,76,91,1,0,0,0,0,1,1,1,1,0,Graphic Designer,Financial Analyst,Lawyer
63,40,76,39,79,50,81,22,0,1,0,0,1,0,1,0,1,0,Digital Marketer,Psychologist,Graphic Designer
62,45,94,90,94,53,50,47,0,1,1,1,1,0,1,0,1,1,Architect,Civil Engineer,UX/UI Designer
65,83,75,64,50,87,85,80,0,0,1,1,1,0,1,0,0,1,Graphic Designer,Marketing Manager,Doctor
48,63,60,44,78,50,32,27,0,1,0,0,1,1,0,1,1,0,Architect,Financial Analyst,Lawyer
91,80,45,34,96,65,72,21,1,1,0,1,0,1,0,0,0,1,Content Writer,Mechanical Engineer,Architect
86,46,88,86,79,41,42,48,1,1,0,0,0,1,1,1,1,1,Doctor,Software Developer,Lawyer
20,85,72,99,97,43,38,50,0,0,0,0,1,1,1,0,0,0,Psychologist,Data Scientist,Doctor
68,27,67,85,100,76,26,27,1,1,1,1,1,1,1,1,0,1,Psychologist,Architect,Doctor
67,71,50,98,85,72,90,43,1,1,1,0,1,1,0,0,0,1,Mechanical Engineer,Doctor,Psychologist
35,89,84,90,54,41,98,84,0,1,0,1,0,1,1,0,0,0,Content Writer,Marketing Manager,Lawyer
66,47,29,99,59,47,27,55,0,1,0,1,0,1,0,0,0,1,Graphic Designer,UX/UI Designer,Doctor
66,45,75,51,91,23,89,74,0,0,0,0,0,0,1,1,0,1,Lawyer,Financial Analyst,Teacher
79,36,97,56,25,70,30,20,1,0,0,0,1,0,0,0,0,0,Teacher,Software Developer,Graphic Designer
88,73,46,47,76,32,28,86,1,1,0,0,0,0,1,0,1,0,Mechanical Engineer,Graphic Designer,Content Writer
33,98,72,22,89,88,45,48,1,0,1,0,1,1,1,0,1,1,Teacher,Psychologist,Marketing Manager
83,29,86,30,27,56,31,40,1,0,0,1,0,0,0,0,0,0,Teacher,Lawyer,Architect
67,81,86,22,90,79,96,24,1,1,0,1,0,0,1,0,1,0,Architect,Marketing Manager,Software Developer
54,39,67,62,88,67,74,26,1,0,1,1,0,1,1,0,1,1,Digital Marketer,Marketing Manager,Content Writer
70,39,54,34,90,37,78,49,0,1,1,0,1,0,0,1,1,0,Doctor,UX/UI Designer,Psychologist
29,55,96,80,53,91,88,64,1,1,0,0,1,0,1,0,1,0,Marketing Manager,Doctor,Mechanical Engineer
76,85,83,30,24,55,27,41,0,1,1,0,0,1,0,1,1,1,Mechanical Engineer,Content Writer,Digital Marketer
77,37,85,70,44,32,24,47,0,1,0,1,1,0,1,0,0,0,Architect,Data Scientist,Software Developer
38,48,90,56,69,54,43,35,1,0,1,1,1,1,1,0,1,1,UX/UI Designer,Teacher,Marketing Manager
79,62,27,94,48,79,74,25,0,0,1,1,1,0,0,0,0,1,UX/UI Designer,Teacher,Data Scientist
22,76,38,80,29,53,66,48,1,1,1,1,0,1,1,1,1,0,Software Developer,Mechanical Engineer,Graphic Designer
29,91,65,33,29,73,80,54,1,1,1,0,1,0,1,1,1,1,Digital Marketer,Software Developer,Teacher
74,42,97,43,52,34,58,53,1,0,1,0,1,0,0,1,0,1,Psychologist,Financial Analyst,Content Writer
91,65,69,97,22,74,74,99,0,0,1,0,0,1,1,1,0,0,Civil Engineer,Teacher,Psychologist
94,50,83,59,27,75,28,59,0,0,0,0,1,0,0,1,1,0,Marketing Manager,UX/UI Designer,Financial Analyst
48,84,91,84,63,36,49,74,1,0,1,0,1,0,0,1,0,1,Psychologist,Mechanical Engineer,Lawyer
35,78,26,100,55,45,70,61,0,0,0,1,0,0,0,0,0,1,Civil Engineer,Data Scientist,Teacher
80,74,52,38,79,77,77,45,0,0,0,1,0,1,1,0,0,0,Lawyer,Digital Marketer,Psychologist
49,71,77,32,46,53,63,91,1,0,0,0,0,0,0,1,1,0,Graphic Designer,Content Writer,Data Scientist
46,43,28,51,22,20,83,52,1,1,1,0,1,0,1,0,0,0,Data Scientist,Digital Marketer,Graphic Designer
63,37,28,51,20,100,54,76,1,0,1,0,0,1,0,1,1,0,Architect,Data Scientist,UX/UI Designer
37,68,58,97,20,82,65,95,0,0,0,0,0,1,1,1,0,1,Data Scientist,Mechanical Engineer,Lawyer
100,21,64,43,58,83,70,85,1,0,0,1,1,1,1,0,1,0,Digital Marketer,Architect,Content Writer
76,38,59,43,37,83,57,85,0,1,0,1,1,0,1,1,0,0,Doctor,Graphic Designer,Mechanical Engineer
69,75,80,29,83,68,99,64,0,1,1,1,0,1,0,1,1,0,Marketing Manager,Architect,Content Writer
62,30,86,52,97,88,81,100,0,1,0,1,1,1,0,0,0,0,Software Developer,Teacher,Lawyer
95,79,50,90,100,41,70,43,0,0,0,0,0,1,0,1,0,1,Graphic Designer,Doctor,UX/UI Designer
65,89,57,90,52,37,69,57,0,0,0,1,0,0,0,0,0,0,Architect,Mechanical Engineer,Psychologist
25,39,79,82,89,76,56,74,1,1,0,0,1,0,1,1,1,1,Data Scientist,Graphic Designer,Architect
48,74,62,24,20,52,46,63,1,1,1,1,0,1,1,0,1,1,Graphic Designer,Teacher,Data Scientist
37,98,78,24,96,38,28,24,0,1,0,0,0,1,0,0,1,0,Mechanical Engineer,Civil Engineer,Marketing Manager
30,33,91,87,65,71,27,80,1,0,0,0,1,0,1,1,1,0,Financial Analyst,Marketing Manager,UX/UI Designer
93,56,91,43,77,51,34,100,0,1,0,0,1,0,0,1,0,0,Digital Marketer,Mechanical Engineer,Content Writer
29,90,50,97,45,66,25,87,1,1,1,0,1,1,1,1,1,1,Mechanical Engineer,Lawyer,Architect
93,26,98,24,87,75,21,31,0,1,1,0,1,0,0,0,1,1,UX/UI Designer,Content Writer,Psychologist
85,44,98,51,27,92,96,67,0,0,0,1,0,1,0,1,0,1,Architect,Doctor,Financial Analyst
20,88,82,81,88,39,93,40,1,1,0,0,1,0,1,0,1,0,Doctor,UX/UI Designer,Marketing Manager
90,23,75,66,55,39,36,99,0,1,0,0,0,1,1,0,0,1,Data Scientist,UX/UI Designer,Graphic Designer
41,40,49,38,89,45,38,88,1,0,0,1,1,0,1,0,1,0,Mechanical Engineer,Data Scientist,Financial Analyst
91,33,68,26,41,64,62,73,0,0,0,1,1,0,1,0,0,0,Civil Engineer,Mechanical Engineer,Architect
50,38,59,75,50,57,94,91,0,0,0,0,1,0,1,1,0,0,Data Scientist,Civil Engineer,Software Developer
38,41,71,56,78,38,39,23,0,0,0,1,1,0,1,0,0,1,Digital Marketer,Marketing Manager,Graphic Designer
27,42,66,59,30,87,44,55,1,0,0,1,0,1,0,1,0,1,Civil Engineer,Psychologist,Lawyer
100,74,56,83,54,28,96,74,1,1,0,0,1,0,0,1,1,1,Mechanical Engineer,Software Developer,Architect
64,65,72,71,41,73,65,56,0,1,1,0,1,0,0,1,1,1,Digital Marketer,Financial Analyst,Data Scientist
90,63,46,40,97,63,32,24,0,0,1,1,1,0,0,0,0,1,Doctor,Content Writer,Software Developer
54,96,50,50,44,69,25,41,0,0,0,1,1,1,0,1,0,1,Lawyer,Data Scientist,Content Writer
32,40,29,37,53,75,62,99,1,0,0,1,0,1,1,1,0,0,Psychologist,Digital Marketer,Data Scientist
86,96,87,80,57,26,81,93,1,1,1,0,0,1,0,1,0,0,Psychologist,Digital Marketer,Mechanical Engineer
90,60,43,50,63,70,38,97,1,0,1,1,1,0,1,0,0,1,Graphic Designer,Marketing Manager,Software Developer
20,30,50,26,92,27,44,86,1,1,0,0,0,1,1,0,1,1,Marketing Manager,Financial Analyst,UX/UI Designer
64,88,46,83,44,57,42,75,1,0,0,0,1,0,1,1,1,1,Financial Analyst,UX/UI Designer,Architect
95,68,90,72,21,42,97,34,1,0,1,0,0,1,0,0,1,1,Marketing Manager,Data Scientist,Mechanical Engineer
63,62,29,100,94,67,34,29,0,1,0,1,0,0,0,1,0,1,Data Scientist,Digital Marketer,Content Writer
75,65,93,35,60,27,57,36,0,0,1,0,1,1,0,0,0,0,Marketing Manager,UX/UI Designer,Financial Analyst
89,39,51,56,63,65,72,24,0,1,1,1,1,0,0,0,1,0,Architect,Doctor,Financial Analyst
85,74,58,30,22,41,61,64,0,1,1,1,0,0,1,1,0,1,Mechanical Engineer,Civil Engineer,Data Scientist
50,47,39,24,33,83,52,50,1,0,1,0,1,0,1,1,0,1,Teacher,UX/UI Designer,Civil Engineer
75,24,86,50,93,20,45,68,1,1,1,0,0,0,0,0,0,0,Teacher,Content Writer,Data Scientist
67,51,88,60,91,30,32,43,1,1,1,1,1,1,0,1,0,1,Financial Analyst,Data Scientist,Lawyer
23,76,51,79,57,74,38,35,1,1,0,0,0,0,0,1,1,0,UX/UI Designer,Doctor,Data Scientist
77,88,26,70,38,34,33,38,1,1,0,0,1,1,1,1,1,0,Data Scientist,Financial Analyst,Digital Marketer
24,30,57,75,74,82,93,53,1,0,1,0,1,1,0,1,1,1,Graphic Designer,Content Writer,Digital Marketer
54,57,63,67,32,61,76,87,0,0,0,0,0,1,1,1,1,0,Doctor,Psychologist,Teacher
78,66,59,25,89,55,21,41,1,1,0,1,0,1,1,1,0,1,Architect,Psychologist,Teacher
70,86,95,67,30,58,95,48,0,0,1,0,1,0,0,0,0,0,Graphic Designer,Psychologist,Digital Marketer
22,66,21,61,64,93,74,62,1,1,1,1,0,0,1,0,0,0,Teacher,Content Writer,UX/UI Designer
45,92,40,98,95,21,25,59,1,1,1,1,0,0,0,0,1,1,Content Writer,Digital Marketer,Software Developer
20,69,41,78,78,65,81,70,1,0,1,0,1,0,1,0,1,0,Mechanical Engineer,Civil Engineer,Graphic Designer
76,66,45,21,32,43,74,82,0,1,0,0,0,1,0,1,1,1,Architect,Digital Marketer,Civil Engineer
63,98,37,64,99,73,28,34,1,1,1,0,0,1,1,1,0,0,Graphic Designer,Data Scientist,Lawyer
56,74,47,65,31,85,51,52,1,1,0,1,0,1,1,1,1,0,Lawyer,Architect,Civil Engineer
52,40,44,28,67,20,70,74,0,0,1,0,1,1,1,0,1,1,Software Developer,Graphic Designer,Psychologist
60,26,62,57,33,65,91,23,1,1,0,0,1,1,0,0,1,0,Graphic Designer,Mechanical Engineer,Marketing Manager
93,34,33,28,96,37,64,35,0,0,1,1,1,0,1,0,1,0,Lawyer,Architect,Mechanical Engineer
88,56,65,30,99,54,56,25,1,1,0,0,1,0,1,0,0,0,UX/UI Designer,Psychologist,Graphic Designer
93,37,71,61,60,45,29,79,1,1,0,1,0,0,1,1,1,0,Graphic Designer,Financial Analyst,UX/UI Designer
56,55,98,34,100,69,73,20,0,0,0,0,0,0,1,0,0,0,Graphic Designer,Digital Marketer,Software Developer
40,64,65,83,72,61,43,33,0,0,0,0,1,0,1,0,1,0,Architect,Lawyer,Content Writer
86,81,99,28,62,94,84,33,0,1,1,0,0,0,0,1,1,0,Financial Analyst,Architect,Civil Engineer
24,39,68,55,75,61,59,44,0,1,1,1,1,0,0,1,1,0,Data Scientist,Content Writer,Marketing Manager
97,61,60,66,49,52,84,96,1,1,0,1,1,1,1,0,1,1,Psychologist,Content Writer,Lawyer
67,39,33,65,93,32,80,36,0,0,0,0,0,1,0,1,1,1,Financial Analyst,Digital Marketer,Civil Engineer
41,25,49,45,77,32,70,88,0,0,0,0,0,0,0,0,1,0,Mechanical Engineer,Lawyer,Architect
58,87,43,81,88,97,75,71,0,0,1,0,0,1,0,1,0,0,Doctor,Digital Marketer,Psychologist
35,73,91,43,40,54,91,66,1,0,0,0,0,0,0,0,0,0,Digital Marketer,Data Scientist,Graphic Designer
25,34,88,23,100,58,37,47,0,0,1,1,1,0,1,0,0,1,Doctor,Marketing Manager,Lawyer
89,89,51,23,38,52,82,55,0,0,0,0,1,1,0,1,1,0,Mechanical Engineer,Psychologist,Software Developer
87,59,25,30,59,55,52,69,0,1,1,0,0,0,1,1,0,0,Architect,Data Scientist,Psychologist
70,55,77,72,35,28,54,31,1,1,0,0,1,0,0,0,0,0,Doctor,Teacher,Civil Engineer
38,47,28,52,37,39,96,96,0,1,0,1,1,0,1,0,1,1,Content Writer,Graphic Designer,Civil Engineer
65,26,33,68,32,70,94,40,1,0,0,0,0,1,1,1,1,1,Software Developer,Civil Engineer,Graphic Designer
21,34,95,93,99,65,43,74,0,1,1,1,0,0,0,0,1,0,Civil Engineer,UX/UI Designer,Lawyer
23,91,64,70,87,93,45,76,1,0,1,0,1,1,1,1,1,1,Civil Engineer,Lawyer,Mechanical Engineer
54,94,31,57,81,52,48,85,0,1,0,0,1,0,0,1,0,0,Content Writer,Civil Engineer,Architect
90,34,50,26,33,99,45,55,1,1,1,1,1,0,1,1,0,0,Doctor,Teacher,Psychologist
37,49,45,56,52,60,94,39,1,0,0,0,0,0,1,1,0,1,UX/UI Designer,Mechanical Engineer,Architect
83,84,48,68,79,100,23,69,0,0,0,1,0,0,0,1,1,1,Civil Engineer,Graphic Designer,Financial Analyst
85,86,75,95,70,27,47,83,0,0,1,0,0,0,0,1,0,1,Financial Analyst,Lawyer,Mechanical Engineer
99,99,97,53,44,38,99,55,0,0,1,1,1,1,1,1,0,0,Software Developer,Mechanical Engineer,Lawyer
91,28,53,64,59,43,69,75,0,0,1,0,0,0,0,1,1,0,Marketing Manager,UX/UI Designer,Civil Engineer
93,87,61,95,34,63,34,32,1,1,1,1,1,0,0,0,1,0,Content Writer,Graphic Designer,Software Developer
54,60,21,70,100,48,75,89,0,1,1,0,0,0,0,0,0,0,Graphic Designer,Software Developer,Doctor
61,25,82,57,25,44,46,94,0,1,0,0,0,0,1,1,0,0,Lawyer,Teacher,Doctor
66,63,56,82,56,78,98,63,0,0,1,1,1,1,0,1,1,0,Software Developer,UX/UI Designer,Digital Marketer
58,29,94,78,49,71,76,65,0,1,0,1,0,1,0,1,0,1,Data Scientist,Digital Marketer,Financial Analyst
60,65,26,99,30,84,82,59,0,1,1,1,1,1,0,1,1,0,Psychologist,Content Writer,Digital Marketer
54,36,78,34,84,59,52,29,0,0,0,1,0,0,0,0,0,1,Doctor,Digital Marketer,Marketing Manager
44,47,70,50,73,61,37,34,0,1,0,1,1,1,1,0,0,0,Data Scientist,Lawyer,Mechanical Engineer
72,64,31,39,77,47,49,68,1,0,0,1,0,1,1,1,1,1,Mechanical Engineer,Teacher,Graphic Designer
34,22,82,98,32,22,70,40,1,0,1,0,1,1,0,1,0,0,Content Writer,Mechanical Engineer,Lawyer
66,69,64,61,64,73,69,74,1,0,0,0,0,0,1,1,1,1,Teacher,Lawyer,Software Developer
59,64,95,21,35,79,50,56,1,1,0,1,0,0,1,0,0,0,Psychologist,Content Writer,Marketing Manager
71,55,69,28,35,32,99,71,0,0,1,0,1,0,0,1,0,0,Civil Engineer,Digital Marketer,UX/UI Designer
68,81,50,77,68,53,90,73,1,1,0,0,0,1,0,1,1,0,Software Developer,Financial Analyst,Mechanical Engineer
87,89,38,42,56,67,39,74,1,0,0,0,0,1,1,1,0,1,Doctor,Marketing Manager,Content Writer
46,86,44,98,33,85,55,66,0,1,0,1,0,0,0,0,1,0,Doctor,Mechanical Engineer,Civil Engineer
99,55,80,48,48,69,28,94,1,1,1,0,1,1,0,1,1,0,Marketing Manager,UX/UI Designer,Architect
71,97,30,86,92,54,78,43,0,0,1,0,0,1,0,1,1,0,Digital Marketer,Financial Analyst,UX/UI Designer
67,70,33,70,65,62,54,26,0,1,1,0,0,0,0,1,0,1,Lawyer,Doctor,Marketing Manager
74,65,61,99,100,51,94,59,0,1,1,1,1,0,1,1,1,0,Financial Analyst,Psychologist,Lawyer
88,89,82,64,43,56,27,80,1,1,0,1,1,0,0,0,0,0,Civil Engineer,Graphic Designer,Financial Analyst
58,86,72,31,24,86,100,30,1,0,1,1,1,0,0,0,0,1,Financial Analyst,Marketing Manager,Mechanical Engineer
38,31,86,43,28,27,35,44,1,0,0,1,0,0,1,1,1,0,Psychologist,UX/UI Designer,Digital Marketer
35,31,71,30,66,41,60,90,0,1,0,0,0,0,0,0,0,1,Digital Marketer,Graphic Designer,Software Developer
38,63,79,42,87,47,23,96,0,1,0,1,0,0,1,0,0,0,Architect,Civil Engineer,Psychologist
29,51,39,100,99,22,44,25,1,0,1,1,1,1,0,0,0,0,Content Writer,Financial Analyst,Mechanical Engineer
88,79,28,93,81,95,42,50,0,0,1,1,0,0,1,1,0,0,Financial Analyst,Teacher,Architect
81,32,35,51,86,69,54,37,0,1,1,1,1,1,1,0,0,1,Graphic Designer,Content Writer,Civil Engineer
96,35,38,46,37,42,77,69,0,1,1,0,0,1,0,1,0,1,Doctor,Architect,Lawyer
88,34,78,99,90,48,66,33,1,1,0,0,1,1,0,0,1,1,Data Scientist,Graphic Designer,Architect
58,98,70,46,87,57,49,42,1,1,1,0,1,0,1,1,1,0,Psychologist,Civil Engineer,Content Writer
33,78,98,54,62,80,39,23,0,1,1,1,1,0,1,0,1,0,Financial Analyst,Civil Engineer,UX/UI Designer
62,98,36,31,77,22,42,82,0,0,1,0,1,1,1,1,0,0,UX/UI Designer,Mechanical Engineer,Psychologist
69,35,36,46,78,65,56,38,1,0,1,0,0,0,1,0,0,1,UX/UI Designer,Psychologist,Doctor
22,67,78,42,69,92,35,35,1,1,0,1,0,1,1,0,1,0,Content Writer,Financial Analyst,Data Scientist
32,72,99,88,44,24,37,84,1,0,1,1,1,1,1,0,1,0,Content Writer,Teacher,Software Developer
82,71,20,94,59,47,35,78,0,0,1,1,0,0,0,0,1,1,Marketing Manager,Graphic Designer,Doctor
44,78,81,41,98,69,58,45,1,0,0,0,0,0,1,0,1,1,Marketing Manager,Lawyer,Financial Analyst
65,65,93,33,87,69,90,21,0,1,0,0,1,0,0,0,1,0,Doctor,Lawyer,Data Scientist
34,52,91,71,87,76,33,54,0,0,1,0,0,0,0,0,0,0,Software Developer,Mechanical Engineer,Marketing Manager
28,38,65,26,20,96,67,85,0,0,0,1,0,1,0,1,0,0,Digital Marketer,Data Scientist,Financial Analyst
51,90,66,65,96,29,39,45,1,1,0,1,1,1,1,1,0,0,UX/UI Designer,Civil Engineer,Psychologist
28,90,50,68,56,91,53,39,0,0,1,0,0,0,1,0,0,1,Software Developer,Mechanical Engineer,UX/UI Designer
40,78,62,70,49,89,75,89,0,0,1,0,0,0,0,0,0,1,Psychologist,Doctor,Software Developer
70,87,58,92,49,75,68,83,1,1,1,1,1,0,0,0,1,0,Data Scientist,Marketing Manager,Civil Engineer
99,55,80,74,37,100,23,60,0,0,1,0,0,1,0,0,0,1,Digital Marketer,Financial Analyst,Architect
59,59,30,81,58,40,48,47,0,0,0,0,0,0,1,1,1,1,Lawyer,Digital Marketer,Psychologist
52,76,54,63,80,72,74,43,1,0,0,0,0,1,0,1,0,0,Psychologist,Marketing Manager,Mechanical Engineer
39,80,66,45,95,97,97,72,1,1,1,1,1,1,0,1,1,0,Doctor,Graphic Designer,Mechanical Engineer
84,53,25,84,78,97,44,96,1,0,0,0,0,0,0,1,0,1,Lawyer,Content Writer,Psychologist
59,60,78,89,58,86,32,58,0,0,0,0,1,0,0,0,0,0,Graphic Designer,Teacher,Doctor
40,22,85,94,38,91,21,47,1,1,1,1,1,1,0,0,0,0,Psychologist,Marketing Manager,Architect
100,40,79,89,29,67,38,31,1,0,0,1,0,0,0,0,1,0,Content Writer,Marketing Manager,UX/UI Designer
95,71,74,56,76,83,84,89,0,0,1,1,0,1,0,0,1,0,Financial Analyst,Software Developer,Content Writer
80,73,32,71,63,40,27,93,0,0,0,0,0,0,1,0,0,0,Mechanical Engineer,Psychologist,Graphic Designer
50,80,24,45,22,87,83,44,1,0,1,0,1,0,0,1,1,1,Mechanical Engineer,Digital Marketer,Graphic Designer
74,47,56,54,94,92,100,84,1,1,1,1,1,0,1,0,1,1,Marketing Manager,Doctor,Civil Engineer
89,29,62,90,46,36,34,62,0,1,1,1,1,1,0,0,0,0,Lawyer,UX/UI Designer,Data Scientist
21,83,25,98,99,35,98,72,1,0,0,0,0,0,1,1,0,1,Psychologist,Digital Marketer,Civil Engineer
44,38,43,82,73,71,99,20,1,1,0,0,0,1,1,0,0,0,Lawyer,Content Writer,Civil Engineer
40,28,23,63,66,35,42,100,0,1,1,0,0,1,1,0,1,1,Content Writer,Software Developer,Civil Engineer
51,65,29,32,46,98,64,63,0,0,1,1,0,0,1,0,1,0,Civil Engineer,Teacher,Psychologist
42,32,38,33,77,29,55,48,0,0,0,0,1,0,1,0,1,1,UX/UI Designer,Lawyer,Teacher
29,62,50,21,97,100,73,36,1,0,0,0,0,0,0,1,0,1,Financial Analyst,Psychologist,Software Developer
98,62,84,26,35,61,86,41,0,0,0,1,0,0,1,1,0,1,Content Writer,Graphic Designer,Psychologist
50,93,57,57,49,99,50,37,1,1,1,1,1,1,0,1,1,0,Civil Engineer,Digital Marketer,Architect
77,49,99,41,85,46,22,77,1,0,1,0,0,1,0,0,1,0,Software Developer,Civil Engineer,Teacher
21,33,98,27,84,35,98,56,1,1,0,1,1,1,1,0,0,1,Data Scientist,Teacher,Psychologist
43,92,45,81,60,60,49,51,0,0,0,1,0,1,0,0,0,1,Marketing Manager,Doctor,Content Writer
82,65,88,95,41,28,92,29,0,0,1,0,1,0,1,1,0,0,Graphic Designer,Content Writer,Mechanical Engineer
98,76,86,41,35,53,80,91,0,0,1,0,1,0,1,0,0,0,Doctor,Content Writer,Graphic Designer
36,43,69,67,81,92,63,97,1,1,1,1,1,0,0,1,1,1,Doctor,Teacher,Content Writer
81,81,94,25,39,88,88,82,1,0,0,1,0,1,0,0,1,0,Mechanical Engineer,Civil Engineer,Software Developer
65,92,100,86,70,30,96,97,1,1,0,0,0,1,0,1,0,1,Lawyer,Software Developer,Graphic Designer
99,42,21,52,42,25,34,39,1,1,0,0,0,0,0,0,1,0,Software Developer,Lawyer,UX/UI Designer
27,22,23,87,99,52,41,90,1,1,0,1,1,1,0,1,0,1,Mechanical Engineer,Financial Analyst,Digital Marketer
64,55,65,73,44,70,33,62,0,1,1,1,1,1,0,1,0,1,Psychologist,Lawyer,Architect
98,28,46,74,28,92,58,69,0,1,1,1,0,0,1,0,0,0,Mechanical Engineer,Architect,UX/UI Designer
50,76,65,76,59,71,53,40,1,1,0,0,1,1,0,0,1,1,Teacher,Lawyer,Software Developer
91,36,80,54,73,42,88,67,0,0,0,1,1,0,1,1,1,0,Civil Engineer,Software Developer,Lawyer
48,39,43,71,74,66,53,44,0,0,1,0,1,0,1,0,1,0,Marketing Manager,Digital Marketer,Civil Engineer
52,73,42,64,21,69,34,35,1,0,0,1,1,0,1,1,0,1,Data Scientist,Psychologist,Mechanical Engineer
44,83,85,64,38,41,97,38,1,0,1,0,0,1,1,1,1,1,Doctor,Software Developer,Financial Analyst
27,43,100,44,45,74,79,67,0,0,1,0,0,0,1,0,0,0,Teacher,Digital Marketer,Doctor
59,43,32,67,23,64,89,34,0,1,0,0,1,0,0,0,1,0,Civil Engineer,Content Writer,Marketing Manager
80,61,26,95,98,57,94,27,0,0,0,0,1,1,0,1,1,0,Content Writer,Graphic Designer,Software Developer
56,52,35,97,72,93,42,25,0,1,1,1,0,1,0,1,1,1,Data Scientist,Graphic Designer,Lawyer
42,67,20,99,72,36,23,27,1,1,0,1,0,0,0,0,0,0,Financial Analyst,Civil Engineer,Architect
99,68,73,31,37,33,79,95,1,1,1,0,1,1,0,0,0,0,Financial Analyst,Mechanical Engineer,Software Developer
36,25,48,81,55,26,76,63,1,1,1,1,0,0,1,1,0,0,Data Scientist,UX/UI Designer,Doctor
20,30,45,23,38,34,56,21,1,1,1,0,0,0,0,0,1,1,Graphic Designer,Financial Analyst,Content Writer
46,88,71,70,34,32,89,80,0,0,1,0,1,0,1,0,1,0,Doctor,Psychologist,Data Scientist
96,69,65,61,47,75,100,90,0,0,0,0,1,1,0,1,0,0,Financial Analyst,Data Scientist,Civil Engineer
86,26,81,67,57,62,97,80,0,1,1,1,1,1,0,1,1,0,Digital Marketer,Mechanical Engineer,Software Developer
48,66,53,47,56,63,99,38,1,0,0,1,1,1,0,1,0,1,Data Scientist,Lawyer,Teacher
81,37,30,31,30,88,42,62,1,1,1,1,0,1,1,1,0,0,Financial Analyst,Marketing Manager,Lawyer
56,60,50,22,21,98,61,73,0,0,0,0,0,0,0,1,0,1,Graphic Designer,Content Writer,Financial Analyst
38,56,97,76,29,55,60,51,1,1,0,0,0,0,0,1,1,1,Lawyer,Digital Marketer,Content Writer
64,87,42,70,40,77,97,30,1,0,0,1,0,0,1,0,0,1,Financial Analyst,Data Scientist,UX/UI Designer
50,72,55,86,62,97,78,20,1,0,1,1,1,1,1,0,0,0,Digital Marketer,Psychologist,Marketing Manager
48,51,67,94,80,95,61,50,1,1,0,0,1,0,1,1,1,0,Psychologist,Financial Analyst,Civil Engineer
57,50,53,69,22,52,39,35,1,0,0,0,1,0,1,0,0,0,Software Developer,Psychologist,Architect
22,45,58,74,97,52,81,90,1,1,0,0,0,0,1,1,0,1,Mechanical Engineer,UX/UI Designer,Architect
41,55,90,53,56,89,82,44,1,1,0,1,0,1,1,1,0,1,Data Scientist,Psychologist,Marketing Manager
25,46,50,45,78,58,57,97,0,1,0,0,0,0,1,1,0,0,Graphic Designer,Financial Analyst,Psychologist
83,73,24,58,24,86,90,91,1,1,1,0,1,0,1,1,1,0,Mechanical Engineer,Psychologist,Doctor
80,60,65,65,71,67,30,45,1,1,1,0,1,0,0,0,1,1,Lawyer,Financial Analyst,Content Writer
34,74,30,76,46,65,62,49,0,1,1,0,1,1,0,1,0,0,Architect,Financial Analyst,Doctor
90,27,83,94,83,20,50,79,0,1,1,1,0,0,1,0,0,0,Teacher,Lawyer,UX/UI Designer
86,59,20,77,81,21,42,47,1,0,1,1,0,1,1,1,0,1,Doctor,Marketing Manager,Architect
24,31,78,42,94,43,32,83,1,0,0,1,0,0,0,0,0,1,Architect,Software Developer,Civil Engineer
52,34,83,71,57,100,79,42,1,0,1,1,1,0,0,0,1,1,Content Writer,Data Scientist,Architect
46,29,58,41,23,83,96,77,0,1,0,1,0,0,1,0,1,1,Teacher,Doctor,UX/UI Designer
22,96,27,29,35,57,87,98,1,1,1,0,1,0,1,0,1,1,Psychologist,Civil Engineer,Architect
30,51,74,62,60,80,45,78,1,1,1,1,1,0,0,1,0,1,Software Developer,Marketing Manager,Teacher
88,50,52,98,70,92,56,78,1,1,1,1,1,0,1,0,0,1,Software Developer,Graphic Designer,UX/UI Designer
100,67,47,98,63,60,32,74,1,0,1,1,0,0,0,1,0,0,Graphic Designer,Teacher,UX/UI Designer
40,87,68,94,75,27,26,88,0,0,1,0,1,0,1,0,0,0,Software Developer,Psychologist,Data Scientist
89,21,55,63,96,22,85,69,1,1,1,1,0,0,0,1,1,0,UX/UI Designer,Digital Marketer,Financial Analyst
73,79,56,95,76,76,27,21,0,1,1,1,1,0,1,0,1,0,Software Developer,Marketing Manager,Graphic Designer
83,52,25,43,96,99,99,33,0,1,1,0,1,0,0,0,0,0,Civil Engineer,Psychologist,Lawyer
50,30,47,93,53,59,62,74,1,1,1,0,0,1,0,0,0,0,Marketing Manager,Civil Engineer,Financial Analyst
70,77,26,33,61,85,57,97,0,1,1,1,1,0,0,1,0,1,Psychologist,Financial Analyst,Teacher
85,74,45,35,68,62,74,89,1,0,1,1,1,0,1,0,0,1,Data Scientist,Software Developer,Psychologist
35,50,41,90,23,68,56,51,0,0,1,1,1,1,1,0,0,1,Civil Engineer,Financial Analyst,Content Writer
39,61,71,21,36,26,29,50,1,0,1,0,0,1,1,1,0,0,Psychologist,Data Scientist,Marketing Manager
94,94,76,100,94,92,38,96,0,1,1,1,0,0,0,0,1,1,Lawyer,Architect,Civil Engineer
36,98,61,32,72,22,56,76,1,0,0,0,1,1,0,1,0,1,Content Writer,Doctor,Software Developer
73,66,65,22,30,57,56,100,1,0,1,1,0,1,0,1,0,1,Teacher,Financial Analyst,Graphic Designer
36,38,57,77,57,73,61,97,0,0,1,0,0,1,0,1,1,0,Doctor,Data Scientist,Software Developer
84,74,74,29,54,69,67,31,1,1,1,0,1,1,0,0,1,1,Civil Engineer,Content Writer,Architect
71,31,83,74,76,74,90,37,0,1,0,0,1,0,1,0,1,0,Content Writer,Lawyer,Psychologist
38,67,83,34,78,99,45,78,1,1,0,0,0,1,0,1,1,1,Mechanical Engineer,Data Scientist,Digital Marketer
37,72,43,51,50,66,20,49,0,1,0,1,0,0,1,1,0,1,Data Scientist,UX/UI Designer,Mechanical Engineer
26,49,91,67,24,30,61,80,0,1,1,1,0,1,1,1,0,1,Graphic Designer,Data Scientist,Financial Analyst
39,77,82,68,35,88,49,64,1,1,0,0,1,1,1,1,1,0,Architect,Graphic Designer,Marketing Manager
26,73,52,97,81,78,21,95,1,0,0,0,1,1,1,0,1,0,Digital Marketer,Financial Analyst,Civil Engineer
81,59,38,94,73,20,70,41,1,0,1,0,1,0,1,1,1,0,Mechanical Engineer,Psychologist,UX/UI Designer
28,36,54,28,55,22,37,39,0,0,0,1,0,0,1,1,0,1,Software Developer,Mechanical Engineer,Marketing Manager
38,40,53,51,69,74,57,37,0,0,1,1,1,1,1,0,0,0,Data Scientist,Marketing Manager,UX/UI Designer
65,63,71,83,64,59,38,74,1,1,0,0,1,1,1,1,1,0,Lawyer,Architect,Doctor
56,32,100,45,77,94,27,75,1,1,0,0,0,0,1,0,1,0,Lawyer,Financial Analyst,Graphic Designer
91,30,20,92,41,61,44,49,1,1,0,0,1,0,0,0,1,0,Doctor,Data Scientist,Financial Analyst
60,77,50,24,75,24,80,72,0,0,0,1,1,0,0,0,0,0,Data Scientist,Marketing Manager,Mechanical Engineer
21,73,27,94,76,77,81,28,0,1,0,0,1,1,0,1,0,1,Mechanical Engineer,Data Scientist,UX/UI Designer
86,53,87,70,43,87,39,73,1,0,0,0,0,1,1,0,1,0,Lawyer,Data Scientist,Software Developer
91,92,83,90,53,57,44,93,1,1,1,1,0,0,1,1,0,0,Architect,Software Developer,Graphic Designer
71,29,73,81,29,21,76,52,1,0,1,1,0,1,1,1,0,1,Psychologist,Mechanical Engineer,Architect
52,53,57,94,98,33,100,46,0,0,0,1,1,1,1,0,1,1,UX/UI Designer,Psychologist,Architect
67,52,87,84,59,65,38,24,1,0,0,0,0,0,1,0,1,0,Architect,Digital Marketer,Civil Engineer
97,29,94,26,35,62,96,61,1,1,1,0,0,1,1,1,1,0,Graphic Designer,Civil Engineer,Architect
97,22,85,88,73,23,42,74,0,1,1,0,0,0,0,0,0,0,Mechanical Engineer,Architect,Software Developer
75,66,95,91,63,99,45,70,1,0,1,0,1,0,1,1,1,0,Teacher,UX/UI Designer,Content Writer
64,28,45,77,97,20,78,31,0,1,1,1,1,0,1,0,0,1,Graphic Designer,Civil Engineer,Architect
78,84,39,54,38,27,21,82,1,0,0,1,0,0,0,0,1,1,Lawyer,Teacher,Graphic Designer
31,21,55,27,100,72,25,23,0,1,0,0,1,0,1,1,1,0,Mechanical Engineer,Teacher,Marketing Manager
75,88,35,75,73,42,88,68,1,1,1,1,0,0,1,0,0,0,Marketing Manager,Civil Engineer,Lawyer
41,75,78,95,94,30,25,77,0,1,0,1,0,0,0,1,0,1,Graphic Designer,Civil Engineer,Doctor
47,93,80,50,96,37,36,99,1,0,1,0,0,0,0,1,1,1,Marketing Manager,Mechanical Engineer,Financial Analyst
83,52,55,94,61,75,61,91,0,0,1,0,0,0,1,1,0,0,Lawyer,Architect,Financial Analyst
66,23,50,34,84,85,100,59,0,1,1,1,0,1,0,0,0,0,Architect,Data Scientist,Teacher
45,99,100,79,40,64,31,21,0,0,1,0,0,0,0,1,1,0,Civil Engineer,Graphic Designer,Lawyer
93,72,40,99,43,68,20,88,0,1,1,1,0,1,1,0,0,0,Financial Analyst,Data Scientist,Graphic Designer
64,73,98,90,56,38,99,56,0,1,1,1,1,0,0,1,0,0,Civil Engineer,Data Scientist,Architect
99,62,96,34,79,63,91,62,0,0,0,0,1,0,0,0,1,1,Financial Analyst,Doctor,UX/UI Designer
57,62,63,75,60,75,59,36,0,1,0,0,1,0,0,1,0,0,Software Developer,UX/UI Designer,Lawyer
22,87,33,44,88,22,96,27,1,1,1,0,1,0,0,1,0,0,Civil Engineer,UX/UI Designer,Marketing Manager
74,35,27,27,53,53,69,92,1,1,0,0,1,1,1,0,1,0,Psychologist,Doctor,UX/UI Designer
73,51,76,24,81,84,44,85,0,1,1,0,0,1,1,1,1,0,Data Scientist,Doctor,Graphic Designer
98,56,97,52,24,34,54,53,1,0,0,1,1,1,1,1,1,1,Doctor,Software Developer,Architect
45,64,50,46,74,49,54,98,1,1,1,1,1,0,1,1,1,0,Software Developer,Teacher,UX/UI Designer
56,33,20,35,98,57,94,24,0,1,1,0,0,0,1,0,1,0,Teacher,UX/UI Designer,Marketing Manager
27,88,65,71,73,29,20,51,0,1,0,1,1,0,0,0,0,1,UX/UI Designer,Data Scientist,Architect
83,92,50,83,72,53,76,25,0,0,1,1,1,1,0,1,1,0,UX/UI Designer,Graphic Designer,Teacher
40,40,92,74,71,93,91,55,1,0,0,1,1,1,1,0,0,0,Mechanical Engineer,Architect,Graphic Designer
82,71,31,63,26,65,59,86,0,1,0,1,1,0,1,0,1,0,Mechanical Engineer,Civil Engineer,Psychologist
34,95,66,44,67,20,26,31,1,0,0,0,0,0,0,0,0,0,Psychologist,Teacher,Graphic Designer
26,60,95,32,52,42,78,95,1,0,1,1,1,1,0,1,0,0,Doctor,Graphic Designer,Content Writer
69,20,31,93,85,46,81,62,0,0,1,0,0,0,0,0,0,1,Psychologist,Architect,Financial Analyst
25,87,99,34,91,39,53,43,1,1,1,1,0,1,1,0,0,1,Lawyer,Mechanical Engineer,Software Developer
51,81,43,96,29,80,92,29,0,0,1,0,0,1,0,0,1,1,Content Writer,Architect,Lawyer
21,63,48,75,53,38,81,52,0,1,1,0,1,1,0,0,0,0,Graphic Designer,Civil Engineer,Architect
94,97,95,32,26,94,93,39,1,0,0,0,0,1,0,0,1,1,Software Developer,Financial Analyst,Psychologist
97,54,65,67,26,77,90,23,0,1,0,1,0,0,0,0,0,0,Teacher,Psychologist,Architect
96,64,30,20,68,100,72,52,0,1,0,0,0,1,0,0,1,0,Content Writer,Graphic Designer,Data Scientist
94,58,84,54,47,57,36,32,0,1,1,0,0,1,1,1,0,0,Architect,Data Scientist,Doctor
94,84,50,66,79,63,22,97,0,0,1,1,0,0,1,0,0,1,Mechanical Engineer,Data Scientist,Teacher
61,84,36,51,73,83,63,72,0,1,1,0,1,1,1,0,1,0,Content Writer,Architect,Marketing Manager
42,82,71,45,96,44,25,54,0,0,0,1,1,1,0,1,1,1,Mechanical Engineer,Civil Engineer,Teacher
83,70,59,75,48,24,31,41,1,0,1,1,1,1,1,1,1,1,Doctor,Teacher,Digital Marketer
62,87,44,50,50,91,45,86,1,1,1,0,0,0,0,1,1,0,Doctor,Teacher,Architect
98,35,59,39,65,73,98,92,0,0,1,0,1,1,1,1,0,0,Software Developer,UX/UI Designer,Financial Analyst
23,39,81,94,78,91,51,80,0,0,1,1,1,0,1,1,1,0,Civil Engineer,Software Developer,Lawyer
65,32,43,21,96,64,82,80,0,0,1,0,1,0,0,0,0,1,Financial Analyst,Architect,Graphic Designer
88,100,33,85,91,64,100,84,1,1,0,0,1,1,0,0,1,0,Mechanical Engineer,Lawyer,Doctor
70,59,42,30,71,72,81,60,1,1,0,0,0,1,0,1,1,0,Lawyer,Psychologist,Marketing Manager
71,97,54,43,37,62,85,92,1,1,0,1,1,1,0,1,1,0,Teacher,Content Writer,Psychologist
89,51,67,89,82,85,92,91,1,1,1,0,1,1,0,1,1,1,Digital Marketer,Doctor,Psychologist
20,26,57,22,90,99,95,97,1,0,1,1,1,1,0,0,1,0,Teacher,UX/UI Designer,Civil Engineer
95,38,27,20,52,45,55,39,0,0,0,1,0,0,0,0,1,1,Doctor,Digital Marketer,Software Developer
57,21,22,98,64,43,64,66,1,1,0,0,1,0,0,0,0,0,UX/UI Designer,Content Writer,Data Scientist
66,50,89,62,98,46,95,100,1,0,1,1,1,1,0,0,1,0,Civil Engineer,Lawyer,Content Writer
81,97,92,85,98,57,34,24,0,1,1,1,0,0,1,1,1,0,Digital Marketer,Architect,Marketing Manager
83,38,96,85,89,93,28,50,1,1,1,1,1,0,0,1,0,0,Content Writer,Graphic Designer,Software Developer
78,44,30,32,61,91,61,51,1,1,1,0,0,0,0,0,0,0,Content Writer,Civil Engineer,Doctor
45,38,79,40,20,54,89,98,1,0,0,1,0,1,1,0,1,0,Architect,Marketing Manager,Mechanical Engineer
82,21,30,80,50,33,64,24,0,1,1,1,0,1,1,0,1,1,Mechanical Engineer,Doctor,Graphic Designer
89,72,73,23,90,23,79,55,1,0,1,1,0,0,0,1,1,0,Data Scientist,Mechanical Engineer,Software Developer
34,34,49,64,41,99,63,65,0,0,1,1,1,0,1,1,0,1,Graphic Designer,UX/UI Designer,Teacher
25,38,32,51,47,22,64,79,0,1,0,0,0,1,0,0,1,1,Teacher,Software Developer,Civil Engineer
58,97,44,44,86,60,72,81,1,0,0,1,1,1,0,1,1,1,Content Writer,Data Scientist,Marketing Manager
43,99,83,72,38,50,73,88,0,0,1,0,1,0,1,0,1,0,Architect,Lawyer,Civil Engineer
55,86,69,65,54,73,59,100,0,1,1,1,0,0,1,1,0,0,Data Scientist,Mechanical Engineer,Psychologist
64,86,41,54,54,66,48,35,0,1,0,0,1,0,0,0,1,1,Doctor,UX/UI Designer,Mechanical Engineer
71,59,57,22,62,33,41,59,0,0,0,0,1,1,0,1,1,0,Teacher,Digital Marketer,Marketing Manager
69,47,79,79,59,93,29,98,1,1,1,1,1,1,1,1,1,0,Mechanical Engineer,UX/UI Designer,Content Writer
30,41,70,81,66,52,35,92,1,0,1,0,1,0,1,1,0,1,Teacher,Financial Analyst,Software Developer
48,94,26,53,40,31,66,25,1,1,0,1,0,1,0,1,0,0,Digital Marketer,Software Developer,Graphic Designer
59,35,84,97,34,20,84,41,0,1,0,1,1,0,1,0,1,0,Civil Engineer,Teacher,Content Writer
93,24,30,24,67,47,68,43,0,0,0,0,1,1,1,0,0,0,Mechanical Engineer,Architect,Psychologist
40,25,37,37,29,43,39,35,1,1,0,0,0,1,0,1,1,0,Content Writer,Financial Analyst,Doctor
57,56,92,78,23,76,84,92,0,0,1,1,1,1,0,1,0,0,Financial Analyst,Teacher,Graphic Designer
55,50,31,61,79,60,52,75,1,0,1,0,1,0,0,0,1,1,Teacher,UX/UI Designer,Financial Analyst
27,90,35,43,86,25,46,23,0,1,1,0,0,1,0,1,1,0,Mechanical Engineer,Financial Analyst,Data Scientist
28,92,33,25,32,67,68,35,1,0,1,0,1,1,0,0,1,0,Doctor,Graphic Designer,Content Writer
48,71,84,90,93,59,27,62,0,0,1,1,1,0,1,0,0,0,Mechanical Engineer,Lawyer,Civil Engineer
99,45,94,42,50,84,85,69,0,0,1,0,0,0,0,1,1,0,Software Developer,Graphic Designer,Teacher
31,42,43,98,35,100,69,95,1,1,1,1,1,0,1,1,0,0,UX/UI Designer,Data Scientist,Digital Marketer
94,56,38,47,81,27,59,58,0,0,1,0,0,1,1,0,0,0,Teacher,Financial Analyst,Architect
38,89,71,88,86,62,45,37,0,1,1,1,0,1,0,0,0,0,Digital Marketer,Financial Analyst,Doctor
67,32,33,87,44,63,64,53,0,1,0,0,1,0,0,1,1,1,UX/UI Designer,Marketing Manager,Software Developer
21,75,55,36,22,55,61,93,0,0,0,1,1,1,0,1,0,0,Teacher,Marketing Manager,Psychologist
46,92,99,55,48,79,82,29,0,0,1,0,1,1,1,0,1,0,Architect,Teacher,Doctor
44,27,20,57,41,33,31,98,0,1,1,1,0,1,0,0,1,1,Lawyer,Data Scientist,Civil Engineer
57,38,28,38,58,78,20,55,0,0,0,0,0,1,1,0,0,1,Content Writer,Civil Engineer,Psychologist
24,77,45,50,82,68,58,99,0,0,1,0,1,1,1,1,1,1,Lawyer,Financial Analyst,Content Writer
58,20,65,22,79,92,21,100,1,0,1,1,0,0,0,1,0,0,Lawyer,Marketing Manager,Teacher
98,88,81,70,30,56,34,25,1,1,0,0,0,0,1,1,1,0,Doctor,Content Writer,Lawyer
68,52,87,95,95,46,93,76,0,0,1,1,0,0,1,1,0,1,Civil Engineer,Mechanical Engineer,Graphic Designer
61,86,94,88,36,55,93,39,1,1,1,1,1,1,0,1,0,1,Mechanical Engineer,Content Writer,Marketing Manager
33,77,25,23,79,34,38,77,1,1,0,0,1,0,0,1,0,0,Content Writer,Data Scientist,Software Developer
82,47,72,38,52,89,78,96,1,1,0,0,0,0,0,1,0,1,Lawyer,Mechanical Engineer,Architect
43,84,82,85,49,89,46,70,1,1,0,0,1,1,1,0,1,0,Graphic Designer,Teacher,Financial Analyst
71,63,30,38,52,94,94,49,1,0,1,1,0,0,1,0,0,1,Mechanical Engineer,Content Writer,Graphic Designer
79,60,75,58,64,54,37,51,0,0,1,1,1,1,1,1,0,0,Digital Marketer,Architect,Teacher
81,53,66,97,38,32,58,91,1,1,0,1,0,1,0,0,0,1,Digital Marketer,Lawyer,Graphic Designer
61,75,89,54,20,74,95,67,0,0,1,0,0,1,1,0,1,0,Teacher,UX/UI Designer,Content Writer
70,45,80,24,48,80,72,41,1,0,0,0,1,1,0,1,0,1,Digital Marketer,Data Scientist,Marketing Manager
55,50,56,32,66,46,76,83,1,1,0,1,1,1,1,0,1,0,Psychologist,Digital Marketer,Lawyer
69,36,43,68,76,86,61,77,1,0,0,0,1,0,1,1,1,0,UX/UI Designer,Marketing Manager,Software Developer
61,94,27,87,77,37,35,21,0,1,0,0,1,0,1,0,0,1,Graphic Designer,Doctor,Architect
28,73,42,23,80,46,81,42,1,0,1,1,1,0,1,0,1,0,Lawyer,Teacher,Psychologist
42,79,47,88,97,82,34,28,1,1,0,1,1,1,1,0,1,1,Financial Analyst,Lawyer,Mechanical Engineer
89,58,59,41,93,27,61,29,1,0,0,1,0,0,0,0,1,1,Financial Analyst,Teacher,Architect
63,47,41,53,70,47,75,91,0,1,1,1,1,0,0,1,0,1,Software Developer,Digital Marketer,Lawyer
57,81,64,98,30,90,29,77,1,0,1,0,0,0,1,0,0,0,Graphic Designer,Civil Engineer,Architect
32,93,36,50,69,77,27,51,0,1,1,0,1,0,1,1,1,1,Psychologist,Architect,Content Writer
92,63,24,61,54,60,32,98,0,0,0,1,0,0,1,1,1,1,Digital Marketer,Content Writer,Civil Engineer
99,32,52,89,67,68,75,37,1,0,0,1,1,1,1,1,0,1,Psychologist,Lawyer,Financial Analyst
79,73,86,39,88,100,51,66,1,1,0,0,1,1,0,1,1,0,Graphic Designer,Teacher,Digital Marketer
87,70,76,53,42,47,28,58,1,1,1,0,1,0,1,0,1,1,Graphic Designer,Data Scientist,Marketing Manager
92,21,95,97,29,33,66,77,0,0,1,0,0,0,1,1,1,0,Psychologist,Lawyer,Digital Marketer
81,54,22,54,85,54,81,98,1,0,0,0,0,1,0,0,1,0,Data Scientist,Mechanical Engineer,Doctor
57,30,46,66,52,90,89,77,0,1,1,0,0,0,1,0,1,1,Software Developer,Mechanical Engineer,Psychologist
29,57,73,49,38,50,80,77,1,0,1,0,0,0,1,1,1,0,Software Developer,Data Scientist,Digital Marketer
44,54,91,22,33,97,70,26,1,0,1,1,0,1,0,1,1,1,Software Developer,Data Scientist,Psychologist
93,64,23,40,35,21,86,88,1,0,1,0,0,1,1,0,1,1,Civil Engineer,Digital Marketer,Doctor
31,61,96,35,73,21,64,45,1,1,0,0,0,0,0,0,1,0,Psychologist,Graphic Designer,Civil Engineer
31,33,48,42,72,93,86,94,1,1,0,0,1,1,0,1,1,0,Psychologist,Mechanical Engineer,UX/UI Designer
97,85,52,89,36,21,40,90,0,1,0,0,1,0,0,0,0,1,Marketing Manager,Psychologist,Digital Marketer
38,56,24,42,28,77,26,38,1,0,0,0,0,0,0,1,1,0,Mechanical Engineer,Digital Marketer,Software Developer
64,42,96,96,31,35,52,59,0,0,0,0,1,1,0,0,0,1,Data Scientist,Software Developer,UX/UI Designer
86,95,36,28,58,51,93,38,0,0,0,0,0,0,0,1,0,1,UX/UI Designer,Data Scientist,Content Writer
36,21,47,45,40,86,25,52,0,0,0,0,1,0,0,1,0,1,Financial Analyst,Marketing Manager,Data Scientist
90,64,99,74,28,34,95,58,1,1,1,0,0,0,1,0,1,1,Mechanical Engineer,Doctor,Teacher
87,99,51,82,81,21,45,56,0,1,0,1,0,1,1,1,0,0,Software Developer,Data Scientist,Content Writer
25,29,94,60,40,40,49,50,0,0,1,0,1,0,0,1,0,0,UX/UI Designer,Doctor,Software Developer
78,34,87,45,23,57,65,31,0,0,0,0,0,0,1,1,0,0,Graphic Designer,Architect,Lawyer
49,64,54,28,95,74,98,87,0,1,0,1,0,1,1,0,1,0,Lawyer,Financial Analyst,Content Writer
34,44,61,38,65,98,93,50,0,1,0,1,1,1,1,1,0,0,Graphic Designer,Civil Engineer,Data Scientist
42,23,77,76,87,66,80,47,1,0,1,1,0,1,1,0,0,0,Doctor,Psychologist,Lawyer
47,50,44,87,86,70,40,67,1,1,1,0,1,0,1,0,1,0,Civil Engineer,Content Writer,Lawyer
84,51,99,74,51,82,79,59,1,0,1,1,0,0,0,0,1,0,Architect,Psychologist,Software Developer
75,27,71,20,42,21,32,55,0,1,1,1,1,1,0,1,1,0,Architect,UX/UI Designer,Mechanical Engineer
77,65,32,22,76,52,21,60,1,0,0,1,1,0,0,0,1,1,Civil Engineer,UX/UI Designer,Software Developer
63,25,54,88,74,51,28,95,0,0,0,1,1,0,1,1,1,1,Civil Engineer,Graphic Designer,Teacher
99,52,73,56,71,52,67,81,1,1,0,0,0,1,0,0,1,0,Data Scientist,Civil Engineer,Digital Marketer
35,48,56,28,84,58,81,88,0,1,0,1,1,1,1,1,0,1,Mechanical Engineer,Data Scientist,Lawyer
39,54,50,35,39,30,89,63,1,0,0,1,1,0,1,1,1,0,Digital Marketer,Psychologist,Marketing Manager
75,28,33,47,42,36,35,85,0,0,0,1,1,1,0,1,0,1,Graphic Designer,Doctor,Architect
95,53,30,61,37,89,53,79,0,1,0,1,0,0,0,0,1,1,Content Writer,Civil Engineer,Lawyer
43,20,23,59,72,66,74,30,0,0,0,1,0,0,0,1,0,1,Teacher,Civil Engineer,Graphic Designer
90,29,90,66,67,23,72,44,1,0,0,1,0,0,1,0,0,1,Graphic Designer,Software Developer,Digital Marketer
33,61,46,89,65,28,65,90,0,0,0,1,1,0,1,1,0,1,Financial Analyst,UX/UI Designer,Teacher
99,41,56,43,35,57,58,97,1,1,1,1,0,0,1,0,0,0,Content Writer,UX/UI Designer,Civil Engineer
84,91,36,45,51,93,22,50,1,1,0,0,1,0,0,0,0,1,Data Scientist,Civil Engineer,Architect
35,64,30,74,90,39,32,59,0,1,1,0,0,0,0,0,1,0,Teacher,Psychologist,Doctor
54,38,78,33,35,68,55,61,0,1,0,0,1,1,1,0,1,0,Marketing Manager,Doctor,Data Scientist
26,60,45,41,38,20,28,56,0,1,1,0,0,1,0,0,0,1,Software Developer,Marketing Manager,Architect
32,75,34,88,56,36,75,95,0,0,0,0,0,0,1,1,0,1,Graphic Designer,Financial Analyst,Architect
100,72,50,24,69,97,71,28,1,1,1,0,0,0,1,1,1,0,Teacher,Data Scientist,Psychologist
45,46,41,47,75,93,27,54,0,0,1,0,0,0,0,0,0,0,Architect,Teacher,Content Writer
60,38,66,69,79,40,89,80,1,0,0,1,1,1,0,0,0,0,Doctor,Architect,Lawyer
62,53,35,21,43,81,95,23,1,0,1,1,1,1,1,1,0,0,Graphic Designer,Lawyer,Digital Marketer
40,93,60,56,20,95,40,43,1,0,1,1,0,1,0,1,1,0,Digital Marketer,Software Developer,Content Writer
74,43,67,22,73,56,59,77,1,0,0,1,1,0,0,0,0,0,UX/UI Designer,Civil Engineer,Doctor
42,88,92,97,30,85,90,73,0,1,0,1,1,0,0,1,0,0,Architect,Data Scientist,Civil Engineer
62,56,76,66,84,56,58,67,1,1,1,1,1,0,1,0,1,1,Data Scientist,Teacher,Software Developer
45,37,41,44,75,52,96,41,1,0,1,0,0,0,0,1,0,1,Content Writer,Software Developer,Lawyer
83,38,52,76,64,91,27,40,1,0,0,1,1,1,1,1,0,0,Doctor,UX/UI Designer,Civil Engineer
28,31,89,77,65,26,69,70,1,1,0,1,0,1,1,0,1,1,Data Scientist,Graphic Designer,Financial Analyst
33,73,48,47,56,21,83,75,1,0,1,0,0,0,1,1,0,1,Teacher,Doctor,Lawyer
78,89,75,77,97,86,51,50,0,1,0,0,0,1,0,1,1,0,Marketing Manager,Mechanical Engineer,UX/UI Designer
28,93,29,24,93,71,52,46,0,1,1,1,1,0,1,0,0,1,Content Writer,Graphic Designer,Civil Engineer
79,83,93,40,89,62,32,28,0,1,1,0,0,1,1,1,1,1,Mechanical Engineer,Graphic Designer,Financial Analyst
54,27,57,39,76,22,23,30,0,1,1,0,0,0,1,1,1,1,Doctor,Financial Analyst,Software Developer
51,26,25,25,49,30,47,48,0,1,1,0,0,1,0,0,1,0,Data Scientist,UX/UI Designer,Lawyer
33,72,27,86,78,74,69,55,0,0,0,1,0,0,1,1,0,0,Lawyer,Graphic Designer,Civil Engineer
90,87,46,24,47,70,85,39,0,1,1,0,1,1,0,1,0,1,Architect,Data Scientist,Lawyer
96,98,33,35,97,98,50,32,0,1,0,1,0,0,0,0,0,1,Software Developer,UX/UI Designer,Digital Marketer
70,29,60,79,48,56,54,79,1,1,0,1,0,0,1,1,0,1,Doctor,Lawyer,Digital Marketer
73,34,63,94,98,50,41,44,0,0,0,0,0,0,0,1,0,1,Financial Analyst,Digital Marketer,Doctor
27,75,82,53,79,44,80,41,1,1,0,0,1,1,1,0,0,1,Civil Engineer,Mechanical Engineer,Teacher
28,73,92,24,95,33,49,73,1,0,1,1,0,0,0,1,1,1,Lawyer,Teacher,Psychologist
67,48,82,88,39,86,47,55,0,1,0,1,0,1,0,1,0,1,Digital Marketer,Teacher,Content Writer
43,88,58,61,64,76,65,65,1,0,0,0,1,1,0,0,1,1,Digital Marketer,Architect,Mechanical Engineer
42,87,67,83,75,94,82,80,0,0,1,1,0,0,0,0,1,1,Psychologist,Software Developer,Graphic Designer
69,68,42,84,85,20,24,82,0,1,1,1,1,0,0,1,1,1,Digital Marketer,Doctor,Lawyer
76,80,94,23,40,48,27,70,1,0,1,1,0,0,0,0,1,0,UX/UI Designer,Architect,Data Scientist
62,50,29,54,84,31,63,66,0,0,0,0,1,0,1,0,0,0,Lawyer,Mechanical Engineer,Content Writer
25,90,51,44,24,95,73,46,0,0,1,1,0,0,1,0,0,1,Doctor,Marketing Manager,Mechanical Engineer
26,36,90,96,38,99,65,31,0,0,1,1,1,1,0,1,0,0,Digital Marketer,Teacher,Data Scientist
29,25,61,22,55,35,71,46,1,1,1,1,0,1,0,0,1,0,Lawyer,Teacher,Architect
87,69,49,40,62,23,85,90,1,1,1,1,0,0,1,1,0,0,Civil Engineer,Psychologist,Financial Analyst
80,51,93,50,75,95,30,23,1,1,1,0,0,0,1,0,0,1,Architect,Digital Marketer,Data Scientist
93,55,71,38,71,91,29,81,0,1,0,0,1,0,1,0,1,0,UX/UI Designer,Lawyer,Digital Marketer
87,57,61,70,80,70,81,73,1,1,1,1,0,0,1,1,0,1,Lawyer,Civil Engineer,Mechanical Engineer
63,72,99,69,74,45,65,32,1,1,1,1,0,1,0,0,1,0,Mechanical Engineer,Architect,Software Developer
58,69,66,85,35,57,85,50,0,0,0,0,1,0,0,0,0,0,Digital Marketer,Teacher,Data Scientist
43,45,32,21,23,98,37,68,1,1,1,0,0,1,1,0,1,1,Lawyer,Teacher,Digital Marketer
79,56,56,42,51,55,56,86,0,0,0,0,0,0,1,1,1,1,Architect,Data Scientist,Civil Engineer
80,91,40,28,61,21,72,93,1,0,0,0,0,0,1,1,0,1,Mechanical Engineer,Civil Engineer,Lawyer
23,91,54,34,24,94,95,51,0,1,1,1,0,1,0,0,1,1,Graphic Designer,Teacher,Psychologist
100,94,57,33,74,35,39,86,0,1,0,0,1,1,0,0,1,1,Doctor,Digital Marketer,Teacher
88,49,84,80,40,43,28,65,0,1,0,0,0,1,1,0,0,0,Software Developer,Architect,Digital Marketer
32,99,85,54,92,47,99,87,1,1,0,0,1,1,1,0,0,1,Graphic Designer,Marketing Manager,Lawyer
59,43,98,91,31,87,92,38,1,1,0,1,1,1,1,1,0,0,Graphic Designer,Software Developer,Data Scientist
49,85,90,57,88,79,55,52,1,0,0,1,0,0,1,0,0,1,Teacher,Data Scientist,Financial Analyst
93,44,64,91,81,47,71,37,1,0,0,0,0,0,1,0,1,1,Doctor,Civil Engineer,Mechanical Engineer
21,67,89,89,56,65,42,21,1,0,1,1,0,1,1,0,0,0,Lawyer,Psychologist,Teacher
84,59,70,69,63,25,92,23,1,0,0,0,0,0,1,0,1,0,Doctor,Financial Analyst,Architect
96,57,69,24,68,92,67,73,0,0,1,1,0,1,0,0,0,0,Financial Analyst,Content Writer,Graphic Designer
44,82,53,30,33,77,23,77,0,0,1,1,0,1,0,1,0,1,Lawyer,Architect,Software Developer
27,78,40,87,28,43,24,27,0,1,0,1,0,1,0,0,0,0,Digital Marketer,Psychologist,Doctor
49,88,28,85,29,91,71,38,0,0,1,0,1,1,0,0,0,0,Doctor,Architect,Lawyer
69,96,68,49,73,69,44,91,1,1,1,0,1,1,0,0,0,1,Content Writer,Financial Analyst,Psychologist
20,30,71,22,72,86,46,90,1,1,0,1,1,0,1,1,0,1,Psychologist,Mechanical Engineer,Data Scientist
29,47,87,72,65,84,43,22,0,1,0,1,0,1,0,1,0,0,Data Scientist,Software Developer,Civil Engineer
37,55,72,36,51,68,56,90,0,0,1,1,1,0,0,1,0,0,Financial Analyst,Marketing Manager,Civil Engineer
71,41,30,35,43,47,45,92,0,0,0,1,0,1,1,0,1,0,Software Developer,Architect,Marketing Manager
37,48,43,66,41,34,22,29,0,0,0,0,0,0,0,0,1,0,Software Developer,Psychologist,Teacher
98,66,57,56,51,22,41,60,0,1,0,0,1,1,1,0,0,1,Psychologist,Digital Marketer,Graphic Designer
47,28,32,47,86,87,86,58,1,1,0,0,1,0,0,0,1,0,Mechanical Engineer,UX/UI Designer,Digital Marketer
34,62,26,68,45,65,97,46,1,0,0,1,0,1,1,0,1,0,Software Developer,Architect,Financial Analyst
28,74,36,67,77,62,33,22,0,1,0,1,1,1,1,0,1,1,Doctor,Financial Analyst,UX/UI Designer
95,39,64,49,97,52,69,95,1,1,1,0,0,1,1,0,1,0,Data Scientist,Mechanical Engineer,Digital Marketer
87,30,45,58,51,33,65,60,0,0,0,1,0,1,1,1,1,1,Doctor,Marketing Manager,Lawyer
65,52,31,26,77,24,34,90,1,0,0,1,1,1,1,1,1,0,Financial Analyst,Psychologist,Teacher
93,82,51,70,68,48,82,98,1,0,1,1,1,0,1,0,1,1,UX/UI Designer,Civil Engineer,Content Writer
35,47,24,26,98,46,68,98,1,1,1,1,1,0,0,1,0,1,Civil Engineer,Teacher,Mechanical Engineer
61,24,53,39,68,58,68,65,0,1,1,0,0,1,0,0,1,1,Teacher,Content Writer,Marketing Manager
33,35,20,51,80,20,95,52,1,1,1,1,0,1,1,0,1,1,Data Scientist,Teacher,Mechanical Engineer
39,78,87,28,91,25,88,44,1,0,0,1,0,1,1,0,0,1,Software Developer,Architect,Mechanical Engineer
80,96,74,78,98,78,60,67,0,1,0,1,0,0,0,0,1,0,Digital Marketer,Teacher,Software Developer
45,48,73,40,34,66,70,87,0,1,1,1,1,1,0,0,0,1,Teacher,Marketing Manager,Content Writer
75,43,49,70,64,27,85,76,1,1,1,0,0,0,1,0,1,0,Marketing Manager,Lawyer,UX/UI Designer
28,63,81,46,83,23,44,71,0,0,0,0,1,1,0,0,0,1,Digital Marketer,Psychologist,Graphic Designer
82,25,98,99,66,41,75,32,0,1,0,1,0,1,0,0,0,1,Teacher,Doctor,UX/UI Designer
25,25,44,93,37,30,62,49,0,0,1,0,1,0,1,1,1,1,Doctor,Civil Engineer,UX/UI Designer
67,74,48,96,33,52,79,44,0,0,1,0,1,0,0,1,0,1,Architect,Psychologist,Content Writer
33,69,81,59,85,51,98,62,1,1,1,0,0,1,0,1,0,0,Civil Engineer,Mechanical Engineer,UX/UI Designer
74,29,80,92,42,85,73,95,1,1,0,0,1,0,1,1,1,0,Lawyer,Architect,Software Developer
76,25,86,98,90,84,54,93,1,1,1,1,0,1,1,0,0,1,Architect,Doctor,Financial Analyst
36,78,56,73,26,93,21,24,0,1,1,0,0,1,0,1,1,0,Doctor,Teacher,Architect
28,86,22,42,83,63,93,76,0,1,0,1,0,0,0,0,1,0,Graphic Designer,UX/UI Designer,Marketing Manager
77,40,97,69,55,53,37,30,1,1,0,0,1,0,1,1,1,1,Financial Analyst,Digital Marketer,Mechanical Engineer
42,40,58,36,74,79,32,96,1,0,1,1,1,0,0,0,0,1,UX/UI Designer,Civil Engineer,Psychologist
72,97,77,43,35,37,31,53,1,0,1,0,0,0,0,1,0,0,Marketing Manager,Financial Analyst,UX/UI Designer
96,99,80,38,81,74,69,28,0,1,1,1,1,0,0,0,0,0,Digital Marketer,Psychologist,Graphic Designer
76,63,90,40,34,29,92,65,1,1,0,1,0,1,1,1,1,0,Teacher,Content Writer,Doctor
38,74,52,87,31,81,97,81,0,1,1,1,0,1,1,1,0,0,Financial Analyst,Digital Marketer,Data Scientist
40,68,73,24,38,66,41,65,1,0,0,0,1,0,1,1,0,0,Architect,Civil Engineer,Teacher
26,34,34,29,37,65,23,92,0,0,0,1,0,0,0,0,1,0,Software Developer,Lawyer,Financial Analyst
61,20,73,30,64,62,39,58,0,0,0,1,1,0,1,1,1,0,Doctor,Digital Marketer,Civil Engineer
84,61,87,41,54,86,76,81,0,1,0,1,1,0,1,0,1,1,Psychologist,Financial Analyst,Mechanical Engineer
89,74,38,64,93,73,91,71,0,0,1,0,1,1,0,1,1,1,Psychologist,Civil Engineer,Lawyer
53,45,82,23,47,33,55,25,1,1,0,1,1,0,1,1,0,1,Architect,Financial Analyst,Doctor
72,89,63,57,84,55,22,37,0,0,0,0,0,0,0,0,0,1,Data Scientist,UX/UI Designer,Marketing Manager
38,20,83,57,86,39,30,31,0,1,1,0,0,1,0,1,0,1,Psychologist,Lawyer,Graphic Designer
59,70,76,68,69,47,36,28,0,0,1,1,0,0,1,1,1,0,Graphic Designer,Financial Analyst,UX/UI Designer
20,96,56,48,52,64,71,40,0,1,0,1,1,1,1,0,1,1,Graphic Designer,Lawyer,Teacher
100,49,31,69,28,58,61,86,0,1,0,1,1,1,1,1,0,0,UX/UI Designer,Graphic Designer,Doctor
89,84,94,70,29,96,74,50,1,1,1,0,1,1,0,0,1,0,Financial Analyst,Digital Marketer,Lawyer
46,49,20,66,82,65,61,89,0,1,1,1,1,0,0,0,0,1,Architect,Psychologist,Mechanical Engineer
31,89,98,34,53,80,77,69,1,1,1,1,1,0,0,1,1,0,Civil Engineer,Teacher,Software Developer
84,61,22,41,96,92,90,42,1,0,1,0,0,0,0,0,0,1,Digital Marketer,Software Developer,UX/UI Designer
47,83,44,32,73,82,60,95,0,0,0,1,1,0,0,1,1,0,Marketing Manager,Mechanical Engineer,Digital Marketer
36,39,23,81,97,48,79,96,1,1,1,0,0,0,1,0,1,1,Teacher,Financial Analyst,Doctor
89,81,29,95,24,72,84,54,0,0,1,0,0,1,0,1,0,0,Marketing Manager,Data Scientist,Civil Engineer
60,55,27,26,57,74,99,65,0,1,1,0,0,1,1,0,0,1,Graphic Designer,Doctor,Financial Analyst
20,93,54,25,93,69,27,76,0,1,1,0,1,0,1,0,0,1,Digital Marketer,Civil Engineer,Graphic Designer
44,50,51,86,25,27,26,23,0,0,0,0,1,1,1,0,0,1,Financial Analyst,Civil Engineer,Data Scientist
46,30,46,27,23,20,73,96,0,0,1,1,1,0,1,1,1,0,Financial Analyst,Marketing Manager,Digital Marketer
23,68,57,48,100,67,56,59,0,1,1,0,1,1,0,1,1,0,Digital Marketer,Doctor,Graphic Designer
97,21,56,22,52,82,31,57,0,0,0,1,1,0,0,1,0,1,Teacher,Architect,Mechanical Engineer
68,33,52,64,55,89,37,31,1,0,0,1,0,0,0,1,0,1,Digital Marketer,Doctor,Content Writer
67,84,44,40,60,49,21,54,1,0,0,1,1,1,1,0,0,1,Doctor,Lawyer,Mechanical Engineer
64,47,71,79,100,48,93,52,0,0,1,1,0,1,1,1,0,1,Psychologist,Doctor,Teacher
66,22,44,91,52,62,40,21,1,0,0,1,1,1,0,0,1,1,UX/UI Designer,Mechanical Engineer,Financial Analyst
43,37,66,77,98,74,57,92,0,1,1,1,0,1,1,1,1,0,Financial Analyst,Marketing Manager,Mechanical Engineer
72,82,78,41,91,70,55,87,0,1,1,1,1,0,1,1,1,0,Teacher,Marketing Manager,Digital Marketer
76,61,99,94,82,100,66,41,0,1,0,0,1,0,1,1,1,1,Doctor,Financial Analyst,Civil Engineer
33,73,53,40,68,64,83,72,0,1,0,0,0,0,1,1,1,1,Software Developer,Mechanical Engineer,Doctor
83,33,99,68,21,87,74,80,1,1,1,0,0,1,0,0,0,0,Software Developer,Psychologist,UX/UI Designer
95,32,93,30,89,41,61,67,1,1,0,1,1,1,1,1,1,1,Financial Analyst,Architect,Graphic Designer
97,36,50,84,62,78,38,32,0,1,1,0,1,0,1,1,0,1,Architect,Financial Analyst,Psychologist
37,60,93,40,29,91,92,99,0,1,0,1,0,1,1,1,1,1,Psychologist,Content Writer,Data Scientist
44,97,62,87,31,69,24,97,0,1,1,1,0,0,0,0,1,1,Software Developer,Financial Analyst,Civil Engineer
79,90,65,84,46,63,42,78,1,1,1,0,0,0,0,1,1,1,Digital Marketer,Teacher,Data Scientist
64,22,42,58,67,34,80,70,0,0,1,1,1,1,1,0,1,0,Architect,Marketing Manager,Psychologist
48,27,70,85,31,32,26,33,1,1,0,0,0,1,1,1,1,1,Psychologist,UX/UI Designer,Financial Analyst
60,76,70,25,59,72,44,56,0,1,1,1,0,1,1,1,0,1,Financial Analyst,Architect,Teacher
25,34,92,89,78,80,58,81,1,0,1,1,1,1,0,0,1,0,Lawyer,Marketing Manager,Civil Engineer
57,26,70,88,57,59,39,36,1,0,0,0,1,1,1,0,1,0,Architect,Digital Marketer,Mechanical Engineer
30,32,21,34,74,89,41,85,0,1,1,1,0,1,1,1,1,0,Content Writer,Civil Engineer,Software Developer
37,51,91,90,32,52,37,21,0,0,1,0,1,1,1,0,0,0,Architect,Mechanical Engineer,Teacher
69,48,38,91,35,26,72,28,0,0,1,0,1,0,0,0,0,0,Teacher,Marketing Manager,Doctor
42,67,22,41,39,100,52,31,1,1,0,1,0,0,1,1,0,0,Psychologist,Digital Marketer,Mechanical Engineer
75,95,94,24,20,62,100,32,1,1,1,1,0,1,0,0,0,0,Marketing Manager,Content Writer,Civil Engineer
74,56,23,87,99,52,20,32,1,1,1,1,1,1,1,1,0,1,Marketing Manager,Mechanical Engineer,Graphic Designer
63,23,42,40,40,55,76,21,0,1,1,1,1,1,1,0,1,0,Digital Marketer,Data Scientist,Financial Analyst
44,42,80,28,70,34,52,77,0,0,0,1,0,1,1,1,1,1,Mechanical Engineer,Marketing Manager,Graphic Designer
26,76,51,23,59,27,39,37,0,1,0,1,0,1,1,1,0,1,Architect,Content Writer,Financial Analyst
42,36,50,76,52,81,62,23,1,0,1,1,1,0,1,1,1,1,Teacher,Content Writer,Digital Marketer
56,79,22,41,69,86,32,69,0,0,1,0,0,0,0,1,1,0,Civil Engineer,Teacher,Digital Marketer
64,35,46,91,52,46,91,34,0,0,1,0,0,1,0,1,1,1,Content Writer,Data Scientist,Marketing Manager
31,80,41,33,47,67,50,66,0,1,1,1,1,0,1,1,0,1,Architect,Digital Marketer,Doctor
77,98,86,60,58,85,28,25,1,1,1,0,1,1,0,0,1,0,Teacher,Financial Analyst,Content Writer
82,71,23,48,93,23,69,67,1,0,1,0,0,0,1,0,0,0,Data Scientist,Graphic Designer,Marketing Manager
43,54,48,23,71,81,83,34,1,0,1,1,0,0,1,0,1,1,Mechanical Engineer,Content Writer,Doctor
96,33,87,81,39,53,92,46,1,1,0,1,1,0,1,0,1,0,Content Writer,Architect,Software Developer
82,50,43,67,34,54,49,89,1,0,0,1,0,1,1,1,0,1,UX/UI Designer,Architect,Psychologist
80,41,51,96,88,73,100,30,0,0,0,0,0,0,1,0,1,1,Financial Analyst,Digital Marketer,Marketing Manager
81,75,44,58,90,62,50,80,0,0,1,1,1,0,0,0,0,1,Graphic Designer,Civil Engineer,Psychologist
94,53,57,59,92,85,24,88,1,0,1,0,1,0,1,0,1,1,Doctor,Software Developer,Mechanical Engineer
83,84,27,28,39,89,55,97,1,0,1,0,1,1,1,0,0,1,Content Writer,Civil Engineer,Marketing Manager
79,81,49,41,63,58,83,49,0,1,1,1,1,0,0,1,0,0,UX/UI Designer,Digital Marketer,Lawyer
27,65,35,74,94,59,42,50,1,0,1,1,0,1,0,0,0,1,Content Writer,Marketing Manager,Doctor
35,48,62,99,72,91,70,39,0,0,0,1,0,1,0,0,1,1,Teacher,Psychologist,Digital Marketer
66,22,24,90,67,72,78,80,1,1,1,0,0,1,0,1,0,0,Software Developer,Financial Analyst,Lawyer
20,85,75,56,34,76,97,76,0,0,1,0,0,0,1,1,0,1,Data Scientist,Marketing Manager,Doctor
41,20,58,46,23,40,70,34,1,0,0,0,0,0,1,1,0,0,Digital Marketer,Psychologist,Content Writer
41,99,90,77,54,20,44,46,0,0,0,0,1,0,0,1,0,0,UX/UI Designer,Data Scientist,Civil Engineer
23,75,69,63,70,53,44,36,0,0,0,1,1,0,0,0,1,1,Data Scientist,Marketing Manager,Teacher
50,42,79,27,61,36,43,50,0,0,1,0,1,0,0,1,1,1,Financial Analyst,Doctor,Marketing Manager
49,50,74,97,87,38,30,36,0,0,0,1,0,0,0,0,0,1,UX/UI Designer,Civil Engineer,Financial Analyst
78,100,74,92,24,75,41,26,0,1,1,0,0,0,1,0,0,1,Digital Marketer,Mechanical Engineer,Psychologist
29,88,64,63,90,31,95,56,0,0,0,0,1,1,0,1,1,1,Data Scientist,Lawyer,UX/UI Designer
46,58,52,63,25,93,51,96,1,0,1,0,0,1,1,0,1,1,Digital Marketer,Architect,Financial Analyst
21,43,46,54,71,40,93,98,1,1,1,0,0,1,0,1,1,0,Architect,Financial Analyst,Teacher
43,62,55,55,95,50,73,63,1,0,1,0,0,0,0,0,1,0,Data Scientist,Lawyer,Software Developer
27,79,69,23,60,90,57,63,0,1,0,1,0,0,1,0,0,0,Psychologist,Architect,Civil Engineer
80,22,46,24,20,98,75,92,0,0,0,1,0,1,1,0,1,1,Psychologist,Lawyer,Digital Marketer
51,23,24,93,55,34,35,78,1,1,1,0,0,0,0,1,1,0,Marketing Manager,Digital Marketer,UX/UI Designer
42,84,34,52,57,84,21,86,1,1,0,0,0,0,0,0,1,0,Digital Marketer,Graphic Designer,Financial Analyst
49,70,53,65,37,81,45,63,0,1,1,1,1,0,0,0,1,0,Teacher,Financial Analyst,Doctor
35,72,47,96,38,72,67,66,1,0,0,0,0,1,1,0,1,0,Mechanical Engineer,Content Writer,Psychologist
89,41,59,21,98,52,28,52,0,0,1,1,1,1,0,1,1,0,Financial Analyst,Doctor,Teacher
21,83,88,45,57,100,98,62,1,1,1,0,0,1,0,1,1,0,Data Scientist,Doctor,UX/UI Designer
62,23,34,100,97,68,88,37,1,0,0,0,1,1,1,0,0,1,Digital Marketer,Financial Analyst,Data Scientist
31,22,78,95,61,40,21,88,1,0,1,0,1,1,1,1,0,1,Lawyer,Software Developer,UX/UI Designer
27,95,57,81,42,25,60,93,0,1,1,0,0,1,0,0,1,0,UX/UI Designer,Marketing Manager,Doctor
43,53,100,77,80,75,68,95,1,1,0,0,1,0,1,1,0,0,Marketing Manager,Mechanical Engineer,Doctor
61,29,87,44,100,78,67,61,0,0,0,0,1,0,1,1,0,1,Data Scientist,Software Developer,Marketing Manager
63,61,94,36,89,27,23,26,1,0,1,0,0,0,1,1,0,1,Psychologist,Software Developer,Marketing Manager
82,42,67,68,24,72,76,86,1,0,0,0,0,0,0,0,0,1,Data Scientist,Mechanical Engineer,Architect
79,54,77,61,94,87,99,80,1,0,0,0,0,0,1,1,1,1,Civil Engineer,Content Writer,Digital Marketer
92,55,82,66,65,93,37,45,0,1,1,1,0,1,1,1,1,0,Psychologist,Digital Marketer,Lawyer
74,100,100,85,68,53,70,23,0,0,0,1,1,1,1,1,1,1,Civil Engineer,Psychologist,UX/UI Designer
94,57,28,96,33,70,38,39,1,0,0,1,1,1,0,0,0,1,Graphic Designer,Lawyer,UX/UI Designer
85,50,92,85,21,39,93,37,1,1,1,0,0,0,1,1,1,0,Digital Marketer,Architect,Financial Analyst
23,100,38,91,76,74,21,32,0,1,1,0,0,1,1,0,1,1,Financial Analyst,UX/UI Designer,Teacher
84,56,93,31,92,33,41,41,0,1,0,0,1,0,1,0,1,1,Mechanical Engineer,Graphic Designer,Psychologist
57,70,43,88,66,78,34,75,1,1,1,1,1,1,0,1,0,0,Data Scientist,Civil Engineer,Content Writer
67,34,21,80,48,90,22,55,0,0,0,0,1,0,1,1,1,0,Architect,Data Scientist,Psychologist
70,51,49,27,89,62,64,20,0,1,0,0,0,1,0,1,1,1,Lawyer,Teacher,Financial Analyst
43,32,48,24,43,48,20,46,0,1,1,0,1,0,1,1,1,0,Mechanical Engineer,Doctor,Digital Marketer
42,27,58,43,90,47,79,44,0,0,1,1,1,0,1,0,1,1,Lawyer,Doctor,Psychologist
79,62,27,57,65,89,60,58,0,1,1,0,0,1,1,0,1,0,Data Scientist,Software Developer,Financial Analyst
64,62,45,62,65,72,86,84,0,1,0,0,0,1,1,0,1,0,Teacher,Mechanical Engineer,Doctor
30,72,79,90,43,75,33,22,1,0,1,1,0,0,1,1,1,1,Mechanical Engineer,Teacher,Financial Analyst
99,96,27,56,69,56,77,52,0,0,1,1,1,1,0,1,0,0,Teacher,Lawyer,Content Writer
30,71,22,36,37,41,90,44,1,0,0,0,1,1,1,1,0,1,Architect,Graphic Designer,Psychologist
58,61,41,96,44,96,29,84,0,1,0,1,0,0,1,0,1,1,Software Developer,Content Writer,UX/UI Designer
51,42,62,42,56,68,82,44,1,1,1,1,1,1,1,1,1,1,Architect,Software Developer,Graphic Designer
84,76,89,58,88,68,62,38,1,0,1,0,0,0,0,0,0,1,UX/UI Designer,Marketing Manager,Content Writer
37,90,98,49,54,80,34,93,0,0,0,1,1,0,0,1,1,1,Content Writer,Architect,Civil Engineer
83,97,58,47,41,41,65,54,0,0,1,1,1,0,1,0,0,0,Software Developer,Data Scientist,Civil Engineer
40,23,86,41,94,98,67,99,1,1,0,0,1,0,0,1,0,0,Civil Engineer,Digital Marketer,Architect
49,25,36,29,38,31,41,87,1,1,0,0,0,0,0,1,1,1,Teacher,Financial Analyst,Software Developer
31,28,53,25,91,94,51,68,0,0,1,0,1,0,1,1,0,0,Financial Analyst,Data Scientist,Mechanical Engineer
36,76,23,79,67,81,65,36,1,0,0,1,0,1,0,1,0,1,Civil Engineer,Mechanical Engineer,Doctor
72,53,88,21,48,20,30,49,1,0,0,1,1,0,1,1,1,0,Content Writer,Graphic Designer,Marketing Manager
34,69,37,28,81,63,92,20,0,1,1,0,1,1,1,0,0,1,Financial Analyst,UX/UI Designer,Teacher
81,73,80,24,30,92,20,60,0,1,0,1,0,1,1,1,1,1,Graphic Designer,Data Scientist,Doctor
94,77,40,79,77,46,68,87,0,1,1,1,1,0,1,0,0,1,Data Scientist,Architect,Mechanical Engineer
87,31,32,36,63,90,72,64,0,1,1,1,1,0,0,0,1,1,Doctor,UX/UI Designer,Civil Engineer
46,49,56,91,50,35,87,20,1,1,0,0,1,0,0,0,0,1,Software Developer,Psychologist,UX/UI Designer
41,23,51,41,78,61,58,78,0,1,0,1,1,1,1,0,1,0,Content Writer,Architect,Civil Engineer
85,94,64,49,61,48,42,21,1,1,0,0,0,0,0,1,0,0,Financial Analyst,Psychologist,Civil Engineer
47,51,63,85,91,20,67,35,0,1,1,0,1,1,1,0,1,1,Psychologist,Data Scientist,Software Developer
83,60,95,85,65,95,51,50,0,0,0,0,0,0,0,0,1,1,Psychologist,Software Developer,Lawyer
29,27,55,87,73,90,39,34,1,0,1,1,1,0,1,0,0,1,Psychologist,Mechanical Engineer,Doctor
39,93,84,36,37,93,37,74,1,1,0,1,1,0,1,0,0,1,Software Developer,Teacher,Civil Engineer
22,74,22,61,38,95,65,46,1,0,1,1,1,1,0,1,0,1,Content Writer,Civil Engineer,Financial Analyst
67,73,35,33,26,94,40,37,0,1,0,0,0,1,1,1,0,1,Marketing Manager,Psychologist,Teacher
50,34,81,58,100,73,94,88,1,0,0,0,1,1,0,0,1,1,Marketing Manager,Teacher,Civil Engineer
42,68,85,45,36,82,61,21,1,0,0,1,0,0,1,0,0,1,Civil Engineer,Teacher,Lawyer
66,94,44,25,86,32,100,54,0,1,0,1,0,0,0,1,1,1,Doctor,Digital Marketer,Mechanical Engineer
47,68,75,30,32,99,54,83,0,0,1,1,0,0,0,1,1,1,Psychologist,Lawyer,UX/UI Designer
55,31,27,70,43,73,53,48,0,1,0,1,1,0,0,1,1,1,Digital Marketer,Software Developer,Architect
48,77,82,63,51,82,85,25,1,0,1,0,1,1,0,1,1,0,Teacher,Lawyer,Mechanical Engineer
66,36,81,99,76,27,31,30,0,0,1,1,0,1,1,0,1,1,Financial Analyst,Mechanical Engineer,UX/UI Designer
78,66,28,80,23,73,21,74,1,0,0,1,0,0,0,1,0,0,Lawyer,Teacher,Content Writer
74,60,44,87,51,38,65,23,0,1,0,1,1,0,1,0,0,0,Software Developer,Doctor,Architect
59,63,91,58,24,37,34,24,0,0,1,1,1,1,0,0,1,1,Doctor,Mechanical Engineer,Content Writer
75,94,58,89,29,59,25,94,0,1,0,0,1,0,1,1,1,1,Content Writer,Civil Engineer,Doctor
34,29,25,51,20,50,86,94,1,0,1,0,0,0,0,0,1,0,UX/UI Designer,Data Scientist,Mechanical Engineer
25,74,82,76,61,27,46,64,1,1,1,0,0,1,0,1,0,0,Mechanical Engineer,Financial Analyst,Civil Engineer
99,26,83,94,89,54,35,100,0,1,1,0,1,0,0,1,1,0,Content Writer,Architect,Marketing Manager
66,76,84,55,43,83,55,51,1,1,0,0,1,1,0,1,1,0,Lawyer,Teacher,Mechanical Engineer
77,38,92,81,99,67,30,66,1,0,1,1,1,1,1,1,0,1,Data Scientist,Architect,Graphic Designer
61,78,51,66,70,24,39,28,1,1,1,1,1,0,0,1,0,0,Architect,Civil Engineer,Software Developer
62,20,82,56,76,100,75,58,1,0,1,1,0,1,0,1,1,0,Civil Engineer,Doctor,Architect
48,49,96,74,61,77,25,51,1,0,1,0,1,0,1,1,0,0,Data Scientist,Psychologist,Digital Marketer
53,34,71,28,33,58,81,59,0,0,1,0,0,1,0,1,1,1,Financial Analyst,Lawyer,UX/UI Designer
66,27,86,44,38,77,93,28,0,0,0,1,1,0,0,0,1,0,Digital Marketer,Data Scientist,Civil Engineer
59,69,79,47,47,74,87,72,1,1,1,0,0,0,0,0,0,0,Content Writer,Data Scientist,Financial Analyst
91,48,36,27,39,86,80,72,1,1,1,0,1,1,1,0,0,1,Data Scientist,Software Developer,Graphic Designer
34,94,36,26,50,21,84,97,1,0,1,0,1,1,1,0,0,1,Software Developer,Psychologist,Teacher
47,59,33,97,44,43,29,83,1,1,1,0,1,1,1,0,1,0,Digital Marketer,Graphic Designer,Lawyer
81,87,49,20,32,93,76,68,1,1,1,0,1,1,0,1,0,0,Content Writer,Marketing Manager,Graphic Designer
69,26,77,64,95,85,84,40,0,1,1,1,0,1,1,1,1,0,Financial Analyst,Psychologist,Graphic Designer
42,64,34,92,46,33,90,25,1,0,0,0,0,1,1,1,1,0,Teacher,Software Developer,Marketing Manager
71,54,95,78,65,71,94,24,0,1,1,1,0,0,0,0,1,0,Software Developer,Architect,Teacher
38,41,58,81,29,89,94,73,0,0,0,0,0,1,1,1,0,0,Mechanical Engineer,Graphic Designer,Doctor
97,62,94,30,76,47,89,63,1,1,1,0,1,0,0,0,0,0,Lawyer,Doctor,Content Writer
42,24,59,82,83,62,74,50,0,1,0,1,1,0,0,1,1,0,Graphic Designer,Psychologist,Marketing Manager
85,99,52,47,44,46,20,76,0,0,0,0,1,1,0,1,0,0,Lawyer,Content Writer,Financial Analyst
26,54,71,71,73,88,87,20,1,0,0,1,1,0,1,0,0,1,Psychologist,Doctor,Architect
88,89,73,90,54,64,82,91,0,1,1,1,1,0,0,1,1,0,Digital Marketer,Content Writer,Marketing Manager
43,95,32,70,68,36,61,61,1,1,1,0,0,0,1,0,0,0,Software Developer,Psychologist,UX/UI Designer
52,47,24,54,28,50,62,76,0,0,0,0,0,0,0,1,1,1,Psychologist,Architect,UX/UI Designer
54,65,82,66,26,33,97,23,0,1,1,0,0,1,1,1,0,1,Civil Engineer,Lawyer,UX/UI Designer
72,62,50,24,91,69,76,55,0,1,0,0,0,0,1,1,0,0,UX/UI Designer,Civil Engineer,Graphic Designer
77,57,58,53,35,45,69,65,1,0,0,1,1,1,1,0,0,0,Lawyer,Data Scientist,Mechanical Engineer
85,84,71,45,30,35,37,89,1,1,1,0,1,1,0,0,0,1,Graphic Designer,Data Scientist,Content Writer
74,67,39,28,85,44,95,73,1,1,0,0,1,1,0,1,1,0,Mechanical Engineer,Financial Analyst,Doctor
81,33,100,95,72,46,84,56,0,0,1,0,0,1,1,1,1,1,Architect,Marketing Manager,Lawyer
56,55,36,25,70,34,99,28,1,0,0,0,0,1,0,1,0,1,Mechanical Engineer,Financial Analyst,Content Writer
21,83,84,25,59,93,87,45,1,0,0,1,0,0,1,0,1,1,Lawyer,Doctor,UX/UI Designer
57,89,59,65,54,27,46,94,0,1,0,0,0,0,0,1,0,1,Teacher,Data Scientist,Content Writer
32,91,28,68,93,20,96,94,0,1,0,0,1,0,1,0,1,0,Marketing Manager,Teacher,Digital Marketer
64,61,63,50,62,72,32,75,1,1,0,0,1,0,1,0,1,1,Graphic Designer,Psychologist,UX/UI Designer
80,32,75,45,93,48,57,28,1,0,0,1,0,1,0,1,0,1,Content Writer,Software Developer,Lawyer
68,28,57,29,41,82,81,86,0,0,1,1,1,1,0,0,1,0,Doctor,Teacher,Civil Engineer
70,55,29,64,87,90,66,70,1,1,0,1,0,0,1,0,0,0,Data Scientist,Financial Analyst,Software Developer
69,62,57,25,40,60,76,61,1,1,1,1,1,1,0,0,0,1,Content Writer,Financial Analyst,Marketing Manager
86,56,23,93,33,80,84,35,1,0,1,0,0,1,0,1,0,0,Lawyer,Software Developer,UX/UI Designer
80,41,42,38,54,62,67,35,0,0,0,0,0,1,1,1,1,1,Mechanical Engineer,Civil Engineer,Content Writer
30,35,85,31,70,89,98,62,0,0,1,0,1,0,0,0,0,1,Psychologist,Data Scientist,Financial Analyst
65,76,46,90,99,90,48,93,0,1,0,0,0,1,0,1,1,1,Financial Analyst,Doctor,Architect
64,45,32,49,42,67,33,89,0,1,0,0,0,1,1,0,1,1,Content Writer,UX/UI Designer,Mechanical Engineer
24,57,53,30,60,81,100,36,1,0,1,1,0,0,0,1,1,0,Content Writer,Digital Marketer,Teacher
42,24,87,91,79,24,35,33,1,0,0,0,0,0,0,0,1,1,Content Writer,Digital Marketer,Marketing Manager
69,90,84,24,46,99,97,53,1,0,0,1,1,1,0,1,0,0,Psychologist,Doctor,Civil Engineer
23,98,35,100,87,22,80,92,0,0,1,1,1,1,1,0,1,1,Digital Marketer,Architect,Content Writer
49,83,79,53,93,100,32,27,1,0,0,1,0,0,1,1,0,1,Mechanical Engineer,Lawyer,Data Scientist
22,23,84,44,57,57,25,22,1,0,0,1,1,0,0,0,0,1,Civil Engineer,Data Scientist,Teacher
28,35,64,46,90,41,93,20,0,0,1,1,1,1,0,1,1,0,Content Writer,Lawyer,Doctor
54,80,94,22,26,74,85,35,1,0,0,0,1,0,1,0,1,1,Psychologist,Lawyer,Teacher
27,22,27,83,22,52,88,72,0,1,0,1,0,1,1,0,1,1,Lawyer,Graphic Designer,Civil Engineer
32,43,52,74,32,61,45,95,0,1,1,0,1,1,0,1,1,1,Doctor,Architect,Software Developer
39,66,40,66,100,100,77,48,0,0,1,0,0,0,0,0,1,0,Marketing Manager,UX/UI Designer,Digital Marketer
58,54,36,85,38,98,62,26,1,1,0,0,1,0,0,1,0,1,Mechanical Engineer,Civil Engineer,Architect
37,63,82,56,71,98,84,42,0,0,0,0,0,1,1,0,1,1,Data Scientist,Marketing Manager,Civil Engineer
26,49,42,28,27,54,84,39,1,0,0,0,0,1,1,1,1,1,Mechanical Engineer,Content Writer,Financial Analyst
79,83,100,69,72,46,31,82,0,1,0,1,0,0,0,1,0,0,Marketing Manager,Doctor,Digital Marketer
41,51,40,67,100,20,77,46,0,0,1,1,0,0,1,0,1,1,UX/UI Designer,Content Writer,Graphic Designer
55,43,90,69,26,31,88,94,1,0,0,0,1,0,1,1,1,1,Data Scientist,Doctor,Content Writer
84,53,43,85,40,83,68,66,0,1,0,0,0,0,0,0,0,0,Doctor,Content Writer,Teacher
79,52,29,87,41,33,37,75,0,1,0,1,0,0,0,1,1,0,Marketing Manager,Graphic Designer,Psychologist
40,43,71,54,89,55,81,20,0,1,0,1,1,0,1,0,0,1,Marketing Manager,Doctor,Lawyer
76,93,88,89,32,49,77,52,1,0,1,1,1,1,0,1,1,0,Financial Analyst,UX/UI Designer,Marketing Manager
26,24,24,83,24,71,89,48,0,1,0,0,0,0,0,1,1,1,Civil Engineer,Financial Analyst,Lawyer
33,45,27,71,26,39,37,86,1,1,1,0,1,1,1,0,0,1,Psychologist,Graphic Designer,Architect
30,44,23,49,57,61,22,76,1,0,1,1,1,0,0,0,1,1,Psychologist,Graphic Designer,Content Writer
80,28,28,97,23,41,91,33,0,1,1,0,0,0,0,1,0,0,Financial Analyst,Content Writer,Teacher
66,76,54,69,41,58,74,44,0,1,0,0,0,0,1,0,0,0,Digital Marketer,UX/UI Designer,Doctor
37,61,81,65,87,20,51,86,1,0,1,1,0,0,1,0,0,0,Digital Marketer,Software Developer,Doctor
99,89,54,89,35,87,69,53,1,1,1,0,0,1,0,0,0,0,Psychologist,Lawyer,Software Developer
87,52,65,43,26,73,48,27,1,0,0,1,1,1,1,1,0,0,Psychologist,Software Developer,Graphic Designer
45,85,33,52,91,82,94,99,1,1,1,1,0,1,1,0,1,1,Graphic Designer,Psychologist,Architect
73,62,59,36,72,37,67,53,0,1,1,0,1,1,0,0,1,0,Architect,UX/UI Designer,Doctor
67,65,86,56,58,85,72,91,0,1,1,0,0,1,1,0,1,0,Digital Marketer,Teacher,Mechanical Engineer
82,51,67,85,97,75,60,47,1,1,0,0,0,0,1,1,0,1,Lawyer,UX/UI Designer,Software Developer
74,49,21,58,93,34,75,23,0,1,0,0,0,1,1,0,0,1,UX/UI Designer,Mechanical Engineer,Doctor
50,84,88,68,45,76,51,43,0,0,1,0,0,1,0,1,0,0,Doctor,Data Scientist,Graphic Designer
93,56,88,64,89,31,37,74,0,0,0,1,0,1,0,1,0,0,Mechanical Engineer,Software Developer,Marketing Manager
36,45,43,94,49,60,68,63,1,0,0,0,0,1,0,1,1,0,Content Writer,Mechanical Engineer,Civil Engineer
25,51,59,96,99,58,28,39,0,0,0,0,0,1,0,1,0,1,Graphic Designer,Civil Engineer,Software Developer
52,63,100,22,23,75,98,42,0,1,1,0,1,1,0,0,1,1,Lawyer,UX/UI Designer,Content Writer
58,63,72,52,84,100,51,45,0,0,0,0,0,0,1,1,0,1,Doctor,Content Writer,Marketing Manager
30,63,89,25,68,79,73,30,0,0,1,0,0,0,1,1,0,0,Mechanical Engineer,Content Writer,Financial Analyst
87,45,24,50,71,98,68,73,1,0,0,1,1,0,1,1,0,0,Doctor,UX/UI Designer,Financial Analyst
26,58,94,82,35,86,52,51,1,1,0,0,0,1,0,0,1,1,Lawyer,Content Writer,Graphic Designer
46,35,41,97,65,58,57,29,0,1,0,0,0,0,1,1,1,0,Teacher,Marketing Manager,Psychologist
57,24,92,21,31,69,52,60,0,1,1,1,1,1,0,1,1,0,Civil Engineer,Teacher,Software Developer
67,52,73,65,44,26,77,43,1,0,1,0,1,0,0,1,0,0,Teacher,UX/UI Designer,Software Developer
30,41,69,42,94,85,49,37,1,1,1,1,0,0,1,1,1,0,Graphic Designer,Lawyer,Architect
97,73,21,32,37,86,62,69,1,0,1,1,1,0,0,1,1,0,Content Writer,Graphic Designer,Doctor
73,60,26,36,20,88,91,75,1,0,1,0,0,1,1,0,0,0,Content Writer,UX/UI Designer,Architect
64,77,62,37,95,23,80,60,1,0,0,0,0,1,0,1,0,1,Marketing Manager,Civil Engineer,Software Developer
77,22,28,91,50,76,87,50,0,1,0,0,0,1,0,1,1,0,UX/UI Designer,Doctor,Lawyer
25,66,90,91,50,78,23,73,1,0,0,1,1,0,1,0,0,1,Financial Analyst,Architect,Software Developer
82,26,69,20,77,90,42,48,0,0,0,0,1,1,0,1,0,1,Mechanical Engineer,Software Developer,UX/UI Designer
52,23,23,65,82,66,96,54,0,0,1,0,1,0,0,1,1,0,Graphic Designer,Doctor,Civil Engineer
41,57,86,51,63,27,38,31,0,1,0,0,0,0,1,1,0,0,Mechanical Engineer,Digital Marketer,Teacher
69,37,24,78,81,39,78,58,0,1,0,0,1,1,1,0,1,0,Graphic Designer,Digital Marketer,Financial Analyst
42,97,64,85,85,73,71,29,0,1,1,0,0,1,1,0,1,1,Graphic Designer,Content Writer,Mechanical Engineer
34,73,38,76,22,61,68,41,0,0,1,1,0,1,1,1,1,0,Data Scientist,Content Writer,Psychologist
83,99,99,46,89,47,87,55,1,1,1,0,1,0,1,0,0,1,Financial Analyst,Data Scientist,Lawyer
83,89,51,54,43,76,80,97,0,1,1,0,0,0,0,0,1,0,Graphic Designer,Teacher,Financial Analyst
41,32,54,69,31,68,37,65,1,0,1,0,0,0,0,1,0,0,Teacher,Digital Marketer,Content Writer
43,97,33,30,66,87,98,100,0,0,0,1,0,1,1,1,0,1,Software Developer,Data Scientist,UX/UI Designer
28,31,95,87,90,37,81,21,0,1,0,1,0,1,0,1,1,0,Psychologist,UX/UI Designer,Lawyer
52,96,37,92,35,36,31,71,0,0,1,0,0,0,0,0,0,0,Software Developer,Teacher,Data Scientist
71,24,67,34,48,54,32,68,1,0,0,1,1,0,0,0,0,1,UX/UI Designer,Doctor,Architect
76,76,53,64,55,84,72,79,1,1,1,1,0,0,1,1,1,1,Lawyer,Mechanical Engineer,UX/UI Designer
31,75,33,47,62,97,40,63,1,0,0,1,0,0,1,0,1,0,Data Scientist,Architect,UX/UI Designer
75,60,94,65,20,32,50,94,0,1,1,0,0,0,0,0,0,1,Marketing Manager,Civil Engineer,Lawyer
53,97,34,52,37,28,35,97,1,0,0,0,1,1,1,1,1,1,Graphic Designer,Architect,Financial Analyst
68,25,96,48,33,25,81,77,0,0,0,1,0,1,0,0,1,0,Doctor,Data Scientist,Lawyer
100,78,86,40,56,79,69,22,1,1,1,1,0,1,0,0,0,1,Digital Marketer,Data Scientist,Software Developer
85,56,69,85,41,42,92,59,0,1,1,1,1,0,1,0,1,0,Data Scientist,Software Developer,Lawyer
50,37,86,60,34,97,23,28,0,1,1,0,1,0,0,1,0,1,Digital Marketer,Marketing Manager,Data Scientist
48,87,88,47,29,58,54,70,0,1,1,1,1,1,1,1,1,0,Psychologist,Doctor,Mechanical Engineer
65,87,42,54,39,86,43,32,1,0,1,0,1,0,1,0,1,0,Psychologist,Teacher,Mechanical Engineer
68,42,53,68,30,80,76,90,1,1,1,0,0,0,1,1,0,0,Marketing Manager,Digital Marketer,Teacher
95,31,97,49,79,82,58,33,1,0,1,0,0,0,0,0,0,1,Financial Analyst,Psychologist,Content Writer
81,36,81,23,58,42,56,52,1,1,0,0,0,1,0,0,1,0,Financial Analyst,Data Scientist,Content Writer
31,34,42,71,56,92,26,59,1,1,1,1,1,0,0,0,0,0,Mechanical Engineer,Lawyer,UX/UI Designer
49,53,40,80,55,25,100,67,1,0,1,1,1,1,0,0,1,1,Financial Analyst,Data Scientist,Content Writer
45,98,35,41,49,57,63,64,0,1,1,0,1,1,0,1,1,1,Data Scientist,Graphic Designer,Digital Marketer
55,54,43,85,88,51,34,52,1,1,0,0,0,1,0,1,0,1,Architect,Financial Analyst,Doctor
70,86,72,91,39,38,74,84,1,0,1,0,0,1,1,0,0,1,Psychologist,Content Writer,Graphic Designer
89,95,54,47,61,46,95,86,0,0,1,0,0,0,0,0,1,1,Lawyer,Data Scientist,Financial Analyst
65,69,40,23,76,41,30,79,1,1,0,1,1,0,0,1,0,0,Financial Analyst,Civil Engineer,Marketing Manager
69,23,42,60,50,96,30,96,1,1,1,1,1,1,0,1,0,0,Data Scientist,UX/UI Designer,Financial Analyst
67,49,59,75,36,47,86,89,0,1,1,1,0,0,0,0,0,1,UX/UI Designer,Digital Marketer,Software Developer
47,87,27,72,34,89,65,39,1,0,1,0,1,0,0,1,0,1,Teacher,Content Writer,Digital Marketer
88,82,63,74,24,69,56,82,0,1,0,1,0,1,1,1,0,1,Graphic Designer,Digital Marketer,Data Scientist
71,82,95,100,26,25,65,87,0,1,0,1,1,0,1,1,0,0,Digital Marketer,Lawyer,Software Developer
53,62,64,58,68,23,29,62,0,0,0,1,0,1,0,0,1,0,Civil Engineer,Psychologist,Graphic Designer
84,30,100,32,69,93,48,38,1,1,1,1,1,1,1,0,1,1,Psychologist,Marketing Manager,Teacher
23,70,68,66,31,93,83,72,0,0,1,0,1,1,1,0,0,0,Doctor,Lawyer,Architect
90,74,43,31,78,77,82,96,1,0,0,0,1,1,1,1,0,1,Graphic Designer,Psychologist,Financial Analyst
68,86,70,63,53,74,32,86,1,0,0,0,0,0,1,1,1,0,Doctor,Civil Engineer,Architect
46,45,48,73,43,55,51,28,1,1,1,0,0,0,0,1,1,1,Digital Marketer,Marketing Manager,Data Scientist
53,48,47,91,94,97,47,24,1,1,0,0,0,1,1,1,1,1,Digital Marketer,Marketing Manager,UX/UI Designer
56,51,42,36,51,78,71,97,0,0,1,1,0,0,1,1,1,0,Civil Engineer,Financial Analyst,Data Scientist
28,21,77,27,43,37,86,63,1,0,0,1,1,1,0,1,0,1,UX/UI Designer,Graphic Designer,Software Developer
67,54,62,26,28,65,31,20,1,1,0,0,0,1,0,1,0,1,Architect,Financial Analyst,Psychologist
51,59,92,76,81,73,27,80,0,1,0,0,1,1,0,1,0,0,Financial Analyst,Graphic Designer,Teacher
41,39,99,87,58,90,67,76,1,0,0,0,0,1,1,0,1,1,Psychologist,Mechanical Engineer,Marketing Manager
76,97,63,21,26,84,79,52,1,1,1,1,1,1,0,0,1,0,Doctor,Architect,Marketing Manager
86,60,22,33,26,66,62,62,0,1,1,1,1,1,1,0,1,1,Data Scientist,Civil Engineer,Lawyer
52,58,60,78,87,31,59,85,1,1,0,0,1,1,1,0,1,0,Software Developer,Graphic Designer,Financial Analyst
95,35,79,45,38,44,28,97,1,0,1,0,1,0,0,1,1,0,Doctor,Psychologist,Mechanical Engineer
28,78,43,35,32,57,72,75,0,0,1,1,1,1,0,0,1,0,Content Writer,Architect,Financial Analyst
21,59,75,88,84,43,24,70,1,0,1,0,0,1,0,1,0,1,Data Scientist,Teacher,Software Developer
24,100,86,47,75,94,87,73,1,1,1,0,1,1,1,1,1,0,Doctor,Psychologist,Civil Engineer
68,85,55,77,60,42,89,50,1,0,1,0,1,1,0,0,0,1,Digital Marketer,Data Scientist,Graphic Designer
26,68,37,47,53,58,21,42,0,1,0,0,1,0,1,1,0,1,Content Writer,Data Scientist,Psychologist
68,83,32,58,25,59,33,28,1,0,0,1,1,0,0,1,0,0,Data Scientist,Civil Engineer,Financial Analyst
97,80,28,92,33,42,52,95,1,1,0,1,0,0,1,1,1,1,Digital Marketer,Mechanical Engineer,Civil Engineer
45,78,99,98,98,86,98,100,0,1,0,0,1,0,1,1,0,0,Data Scientist,Lawyer,Mechanical Engineer
28,94,83,61,40,49,36,25,0,1,1,1,1,0,0,0,1,1,Mechanical Engineer,UX/UI Designer,Data Scientist
86,61,98,50,76,63,23,67,0,0,1,1,1,0,1,1,1,1,Mechanical Engineer,Software Developer,Financial Analyst
59,70,48,78,26,40,83,90,0,0,1,0,1,1,1,1,0,1,Content Writer,Architect,Data Scientist
74,23,32,39,49,85,80,83,1,1,1,0,0,1,0,1,0,1,Digital Marketer,Psychologist,Mechanical Engineer
21,89,37,100,93,48,85,98,1,1,1,1,1,0,0,0,1,0,Data Scientist,Software Developer,Architect
85,60,81,38,60,65,94,38,0,0,0,0,0,1,1,0,1,1,Civil Engineer,UX/UI Designer,Digital Marketer
77,49,72,79,94,82,83,44,1,1,0,1,1,0,1,0,1,0,Software Developer,UX/UI Designer,Digital Marketer
90,51,66,33,68,78,100,55,1,1,1,0,1,1,1,0,1,0,Marketing Manager,UX/UI Designer,Financial Analyst
71,44,53,30,78,28,32,57,0,0,0,1,0,1,1,0,0,1,Software Developer,Doctor,Content Writer
22,45,95,63,27,72,48,56,1,0,1,0,1,0,0,0,1,1,Financial Analyst,Psychologist,Mechanical Engineer
77,69,70,85,85,99,46,25,0,0,1,1,1,0,0,1,1,1,UX/UI Designer,Doctor,Architect
36,51,98,45,61,65,51,58,0,0,0,1,0,1,0,0,1,1,Civil Engineer,Doctor,Mechanical Engineer
20,61,70,29,68,33,73,61,1,1,1,1,1,1,0,1,0,0,Mechanical Engineer,Graphic Designer,Lawyer
23,25,25,96,53,94,94,48,0,0,0,1,1,0,1,1,0,1,Lawyer,Graphic Designer,Data Scientist
29,74,57,86,61,29,96,62,0,1,0,0,0,1,1,1,0,1,Data Scientist,Lawyer,Digital Marketer
52,34,46,71,23,53,98,58,1,1,1,0,0,0,1,1,1,1,Doctor,Lawyer,Architect
27,84,33,33,26,73,70,81,1,1,1,1,1,1,1,1,1,0,Data Scientist,UX/UI Designer,Graphic Designer
71,46,70,58,36,58,37,29,1,0,1,1,0,0,1,0,0,0,Software Developer,Civil Engineer,Mechanical Engineer
46,60,48,92,55,53,64,89,1,0,0,0,1,0,0,0,1,1,Architect,UX/UI Designer,Financial Analyst
84,59,43,30,87,60,46,92,0,1,0,1,1,0,0,0,0,1,Architect,Data Scientist,Lawyer
30,94,92,31,48,57,83,40,1,1,1,1,0,0,0,0,1,0,Content Writer,Lawyer,Architect
70,44,34,41,61,37,99,94,0,0,1,1,1,0,1,0,1,0,Architect,Teacher,Doctor
45,36,81,75,73,53,72,27,0,0,0,1,1,0,0,0,1,1,Digital Marketer,Content Writer,Architect
100,24,96,49,59,22,93,48,0,0,0,1,1,1,0,1,0,1,Data Scientist,Digital Marketer,Content Writer
73,56,65,65,85,46,94,23,1,1,0,0,1,0,0,0,1,0,Mechanical Engineer,Data Scientist,Teacher
28,95,45,26,79,36,96,76,1,0,1,0,1,1,0,1,1,1,Financial Analyst,Data Scientist,Software Developer
34,22,95,35,47,100,47,28,1,1,0,0,1,0,1,0,0,0,Architect,Teacher,Data Scientist
49,64,83,79,87,34,32,87,0,0,1,1,0,1,0,1,0,0,Digital Marketer,Mechanical Engineer,Doctor
52,98,96,66,95,47,93,74,1,0,1,0,1,0,0,0,0,1,Data Scientist,Mechanical Engineer,Teacher
85,21,92,60,97,49,32,81,0,0,0,1,1,0,1,0,1,0,Civil Engineer,Financial Analyst,Content Writer
76,23,34,29,71,65,31,93,0,0,1,1,1,1,1,0,1,0,UX/UI Designer,Psychologist,Data Scientist
97,22,54,64,56,31,71,89,0,1,1,1,0,1,1,0,1,0,Lawyer,Civil Engineer,Financial Analyst
20,97,32,92,27,94,32,84,0,1,1,0,1,0,0,0,0,1,Content Writer,Software Developer,UX/UI Designer
84,56,23,50,40,93,36,23,0,0,0,0,1,1,0,1,1,1,Teacher,Civil Engineer,Architect
54,52,63,87,61,61,79,65,0,1,1,0,1,1,1,0,1,0,Graphic Designer,Content Writer,Mechanical Engineer
91,46,38,64,82,39,36,42,0,1,1,1,1,1,1,1,0,1,UX/UI Designer,Teacher,Marketing Manager
54,85,21,82,67,99,90,53,0,1,1,0,1,0,1,0,0,0,Financial Analyst,Doctor,Psychologist
39,37,57,91,29,70,51,26,0,0,0,1,0,0,0,0,1,0,Civil Engineer,Marketing Manager,Architect
75,41,51,60,38,100,86,98,0,1,1,1,1,1,1,1,0,1,UX/UI Designer,Software Developer,Data Scientist
50,29,88,80,27,24,93,24,1,0,0,0,1,1,1,0,0,0,Civil Engineer,Digital Marketer,Psychologist
88,42,80,37,59,23,90,47,1,1,1,1,1,1,1,0,1,0,Lawyer,Digital Marketer,Software Developer
96,28,25,31,55,28,25,44,0,0,0,1,0,0,1,0,1,1,Content Writer,Mechanical Engineer,Doctor
54,72,39,100,93,34,41,38,1,0,1,0,0,0,0,0,0,0,Marketing Manager,UX/UI Designer,Teacher
58,33,99,24,76,81,78,68,1,1,1,0,0,1,1,1,1,1,UX/UI Designer,Financial Analyst,Civil Engineer
76,38,38,86,83,91,67,73,1,1,1,0,0,1,0,0,1,1,Digital Marketer,Graphic Designer,Mechanical Engineer
31,87,51,100,59,35,80,52,0,0,1,0,0,0,0,1,1,0,Software Developer,Doctor,Mechanical Engineer
48,73,61,27,48,61,40,28,1,1,0,0,1,1,0,0,1,0,Graphic Designer,Content Writer,UX/UI Designer
88,63,20,25,35,58,43,51,1,1,0,0,0,1,1,0,0,0,Civil Engineer,Data Scientist,Digital Marketer
51,90,32,23,35,75,23,95,1,0,0,0,1,0,0,0,1,0,Civil Engineer,Psychologist,Architect
67,52,56,71,65,86,28,27,0,0,0,0,0,0,1,1,1,1,Psychologist,UX/UI Designer,Lawyer
91,84,98,31,70,68,23,54,0,0,1,1,0,1,0,0,0,1,Doctor,Architect,Digital Marketer
44,100,51,27,65,92,35,76,1,1,0,0,0,0,1,0,0,0,Psychologist,Software Developer,Graphic Designer
34,82,99,43,90,73,28,28,0,1,0,0,0,0,0,1,1,0,Marketing Manager,Data Scientist,UX/UI Designer
85,45,30,25,47,35,37,84,1,1,1,0,0,1,0,1,0,1,Data Scientist,Marketing Manager,Graphic Designer
27,25,56,98,88,51,93,88,0,0,1,0,0,0,1,1,1,1,Digital Marketer,Civil Engineer,Architect
63,97,53,37,87,73,20,66,0,1,1,0,1,0,0,0,0,0,Architect,Financial Analyst,Data Scientist
98,90,89,51,45,55,32,76,0,1,0,0,1,1,1,0,1,1,Graphic Designer,Civil Engineer,Data Scientist
57,33,29,83,48,94,22,54,1,0,0,1,0,0,1,0,1,0,Marketing Manager,Software Developer,Data Scientist
94,50,93,95,31,75,71,92,1,0,1,0,1,0,1,0,0,0,Architect,Data Scientist,Digital Marketer
90,99,34,32,97,68,54,23,0,1,1,1,0,1,1,1,1,0,Mechanical Engineer,Lawyer,Graphic Designer
58,72,33,54,57,66,88,36,0,0,1,1,0,1,1,1,1,1,Data Scientist,Architect,Content Writer
20,64,27,20,84,23,75,73,0,0,1,0,0,1,0,1,1,0,Software Developer,Civil Engineer,Content Writer
31,69,58,89,97,65,88,98,1,0,0,0,1,1,0,0,0,1,Psychologist,Data Scientist,Content Writer
85,52,70,49,57,33,84,45,0,1,0,1,0,1,0,0,0,1,UX/UI Designer,Mechanical Engineer,Civil Engineer
21,56,80,78,58,48,97,79,1,0,1,0,0,0,0,1,1,0,Financial Analyst,Software Developer,Civil Engineer
75,52,43,88,23,76,30,21,1,0,1,1,0,1,1,0,1,0,Teacher,Mechanical Engineer,Psychologist
70,74,84,88,35,41,41,86,1,1,0,1,1,0,1,1,1,0,Marketing Manager,Lawyer,UX/UI Designer
93,36,84,67,48,62,24,71,1,1,0,1,0,0,0,1,1,1,Marketing Manager,Mechanical Engineer,Psychologist
76,99,24,50,60,75,62,32,0,0,1,1,1,1,0,0,1,1,UX/UI Designer,Mechanical Engineer,Civil Engineer
58,35,74,53,86,78,57,23,1,0,0,1,1,1,1,0,0,1,Content Writer,Mechanical Engineer,Civil Engineer
64,41,80,78,40,82,31,83,0,0,1,0,0,1,1,1,0,0,Civil Engineer,Architect,Graphic Designer
75,31,31,57,49,58,66,92,0,1,0,1,1,0,0,1,1,0,Mechanical Engineer,Graphic Designer,Civil Engineer
88,26,89,69,29,65,91,88,0,1,1,0,0,0,0,0,0,0,Mechanical Engineer,Graphic Designer,Marketing Manager
91,75,28,24,89,43,70,94,0,1,0,1,1,1,0,1,1,0,Software Developer,Teacher,UX/UI Designer
46,80,82,88,80,60,84,85,0,0,1,1,0,1,0,1,0,1,Teacher,Data Scientist,Financial Analyst
35,56,78,20,33,36,56,62,0,1,1,0,1,0,1,1,1,0,UX/UI Designer,Psychologist,Civil Engineer
88,67,51,38,83,82,22,27,0,0,0,0,1,0,1,1,1,1,Marketing Manager,UX/UI Designer,Digital Marketer
57,39,46,45,68,83,47,89,0,1,1,1,1,0,1,1,0,0,Lawyer,Content Writer,Data Scientist
41,58,99,34,73,68,98,62,0,1,0,0,1,1,0,0,1,0,Digital Marketer,Graphic Designer,Content Writer
37,74,58,24,57,93,64,69,0,0,1,0,0,0,1,1,0,0,Marketing Manager,Teacher,Data Scientist
59,32,77,50,69,44,94,57,0,0,1,0,1,1,1,0,1,0,Civil Engineer,Architect,Doctor
65,48,22,46,61,77,66,20,0,1,1,0,1,1,0,1,1,0,Mechanical Engineer,Teacher,Financial Analyst
54,21,35,93,27,98,76,94,0,1,0,1,0,1,0,1,0,0,Mechanical Engineer,Financial Analyst,Marketing Manager
84,84,77,28,62,27,23,89,1,0,1,0,0,1,0,0,1,1,UX/UI Designer,Software Developer,Digital Marketer
42,34,42,68,80,65,89,56,1,0,0,1,1,1,1,1,0,1,Lawyer,Digital Marketer,Data Scientist
52,63,93,53,60,49,75,31,1,0,0,0,0,1,1,1,1,0,Data Scientist,Marketing Manager,Digital Marketer
54,31,36,23,84,39,91,76,0,0,1,1,1,1,1,0,0,0,Content Writer,Marketing Manager,Graphic Designer
23,39,39,67,80,29,45,92,0,0,0,1,0,1,1,0,0,0,Teacher,Architect,Graphic Designer
83,88,28,42,78,51,60,72,1,0,0,0,0,0,0,0,1,1,Financial Analyst,Mechanical Engineer,Graphic Designer
29,93,85,26,95,82,94,93,0,0,1,0,0,1,0,0,0,0,Content Writer,Data Scientist,Graphic Designer
73,57,87,81,28,89,95,99,1,1,1,0,1,1,1,1,1,0,Psychologist,Graphic Designer,Financial Analyst
99,35,31,59,44,99,47,48,0,0,0,0,1,0,1,0,1,0,Financial Analyst,Digital Marketer,Psychologist
71,30,50,82,27,38,81,77,1,1,0,0,0,0,0,0,1,1,Architect,Lawyer,Content Writer
99,86,98,20,76,36,100,98,0,0,1,0,1,1,1,1,0,1,UX/UI Designer,Civil Engineer,Lawyer
32,86,51,64,58,93,30,93,1,0,1,0,1,1,1,0,0,1,Graphic Designer,UX/UI Designer,Mechanical Engineer
24,50,93,50,35,69,87,47,0,1,0,1,1,0,0,0,1,0,Civil Engineer,Financial Analyst,Content Writer
48,79,95,26,71,81,88,73,1,1,0,0,1,0,0,0,0,0,Psychologist,Architect,Marketing Manager
48,59,25,60,74,33,37,50,1,0,0,0,1,1,0,0,1,1,Teacher,Data Scientist,Psychologist
49,91,70,46,21,98,85,83,1,0,1,0,0,0,1,1,1,1,Data Scientist,Psychologist,Software Developer
52,67,70,59,61,35,53,29,1,0,1,0,1,0,1,0,1,0,Graphic Designer,Digital Marketer,Content Writer
68,80,50,21,25,57,78,48,1,0,1,0,1,1,1,1,0,0,Psychologist,Architect,Software Developer
81,88,85,37,53,55,83,62,1,0,0,0,0,1,0,0,0,1,UX/UI Designer,Doctor,Mechanical Engineer
84,95,35,28,85,80,93,50,0,0,0,0,1,1,0,1,1,0,Teacher,Mechanical Engineer,Psychologist
40,66,31,91,75,93,71,29,1,0,0,0,1,1,0,0,1,1,Digital Marketer,UX/UI Designer,Civil Engineer
55,59,81,67,36,79,20,71,1,0,1,1,1,1,0,0,0,0,UX/UI Designer,Civil Engineer,Content Writer
55,74,29,46,38,61,63,72,1,0,1,0,0,0,0,0,0,0,Civil Engineer,Psychologist,Marketing Manager
67,44,83,56,35,53,20,75,0,1,1,0,0,1,0,1,1,0,Marketing Manager,Digital Marketer,Data Scientist
46,55,63,80,61,25,87,93,0,0,0,1,1,0,1,1,1,0,Software Developer,Doctor,Content Writer
66,57,70,50,20,94,75,35,0,1,0,0,1,1,0,1,1,1,Mechanical Engineer,Lawyer,Graphic Designer
85,25,22,71,33,98,45,24,0,0,0,0,1,0,0,1,0,1,Mechanical Engineer,Software Developer,Lawyer
21,65,68,55,35,63,26,67,1,0,0,1,0,1,1,0,1,0,Lawyer,Psychologist,Digital Marketer
67,67,91,54,25,23,28,88,1,0,1,1,1,1,1,0,0,1,Content Writer,Financial Analyst,Civil Engineer
45,24,29,69,63,23,65,44,0,1,0,0,0,1,0,0,1,0,Software Developer,Data Scientist,Digital Marketer
65,67,77,22,95,20,86,52,0,1,0,0,1,0,1,1,1,0,UX/UI Designer,Civil Engineer,Financial Analyst
25,65,27,69,35,34,68,37,0,1,1,0,0,0,0,1,0,0,Content Writer,Doctor,Architect
67,80,58,82,75,100,58,84,0,0,0,1,1,1,1,0,0,1,Digital Marketer,Software Developer,Financial Analyst
79,37,25,33,20,72,34,35,0,0,1,0,0,0,1,0,0,0,Financial Analyst,Software Developer,Content Writer
55,48,76,45,85,100,79,93,0,0,1,0,0,1,1,0,0,1,Graphic Designer,Digital Marketer,Civil Engineer
99,74,26,68,79,33,62,29,1,0,0,0,0,0,1,1,0,1,Content Writer,Doctor,Teacher
62,56,41,81,62,36,89,97,1,1,1,0,0,0,1,0,1,0,Software Developer,Data Scientist,Financial Analyst
96,61,95,28,45,67,40,99,0,0,0,0,0,1,1,1,1,1,Civil Engineer,Graphic Designer,Teacher
22,83,77,62,71,63,78,37,1,0,0,0,0,1,0,1,0,0,Civil Engineer,Data Scientist,Psychologist
70,60,38,20,84,30,39,76,0,1,0,0,0,0,0,1,0,1,Architect,Financial Analyst,Psychologist
28,36,45,48,99,47,67,44,0,1,0,0,1,1,0,0,1,1,Data Scientist,Content Writer,Doctor
54,91,29,90,52,52,98,47,0,1,1,0,0,0,0,1,1,1,Psychologist,Data Scientist,Doctor
66,46,98,96,80,82,97,93,1,1,0,0,0,1,0,0,1,1,Digital Marketer,Lawyer,Graphic Designer
34,46,31,79,38,27,93,98,1,0,0,1,1,0,1,1,1,1,Digital Marketer,Teacher,UX/UI Designer
65,72,28,83,79,65,66,45,1,1,1,1,1,0,0,0,1,1,Digital Marketer,Financial Analyst,Civil Engineer
25,39,36,29,32,52,77,49,0,1,0,0,0,1,1,0,0,1,Teacher,Financial Analyst,Civil Engineer
28,36,43,79,75,97,24,48,1,1,0,1,1,1,0,1,1,1,Lawyer,Teacher,Psychologist
23,32,56,44,41,80,58,70,0,0,1,0,1,0,0,1,0,1,Architect,Lawyer,UX/UI Designer
95,57,100,74,92,43,50,82,1,0,1,1,0,0,0,1,0,1,Doctor,Content Writer,Architect
45,29,79,57,74,62,45,86,0,1,1,0,1,0,0,1,1,1,Doctor,Civil Engineer,Marketing Manager
45,27,52,59,87,42,65,31,1,1,1,1,0,1,1,0,0,1,Architect,Content Writer,Teacher
95,87,64,83,51,70,68,84,1,0,1,0,1,1,1,0,1,1,Doctor,Architect,Graphic Designer
49,21,67,70,59,40,30,97,1,1,0,1,1,0,1,1,1,1,Architect,Software Developer,Mechanical Engineer
48,21,55,96,54,82,43,61,0,0,0,1,1,1,0,0,1,0,UX/UI Designer,Digital Marketer,Architect
83,34,54,38,24,98,39,87,1,0,1,1,0,1,0,1,1,1,Civil Engineer,UX/UI Designer,Doctor
52,78,53,62,63,96,46,74,1,1,0,1,0,0,0,1,1,0,Doctor,Software Developer,Financial Analyst
94,90,70,70,62,89,43,96,1,1,1,1,0,1,1,1,1,0,Psychologist,Content Writer,Teacher
46,26,62,35,34,96,23,33,1,1,1,0,1,1,1,0,0,1,Architect,Digital Marketer,Teacher
22,52,38,56,56,76,73,97,0,1,0,1,0,1,0,1,0,1,Mechanical Engineer,Psychologist,UX/UI Designer
48,37,73,38,93,78,58,64,1,1,1,1,1,0,1,1,0,0,Psychologist,Financial Analyst,Architect
64,31,49,22,95,77,80,21,1,0,1,0,1,0,1,0,0,0,Architect,Data Scientist,Mechanical Engineer
62,40,36,26,57,100,40,40,1,0,1,0,1,1,0,1,0,0,Architect,Psychologist,Civil Engineer
63,52,99,36,73,36,38,56,0,0,1,0,0,1,1,1,1,0,Graphic Designer,Financial Analyst,Software Developer
53,82,55,39,84,85,91,74,1,1,0,1,0,0,1,0,0,1,Lawyer,Psychologist,Financial Analyst
74,27,74,93,85,54,87,71,0,1,0,1,0,0,0,1,1,1,Content Writer,Data Scientist,Doctor
76,47,46,37,85,99,58,28,1,1,0,0,1,1,1,1,0,1,Architect,Civil Engineer,Marketing Manager
67,66,78,78,73,71,100,61,1,0,1,1,1,0,0,0,0,1,Financial Analyst,Civil Engineer,UX/UI Designer
41,35,35,47,50,95,87,81,0,1,1,0,1,1,0,1,0,1,Marketing Manager,Financial Analyst,Psychologist
75,86,96,68,29,24,84,79,1,1,1,1,1,1,1,0,0,0,Psychologist,Architect,Graphic Designer
78,56,42,91,90,74,52,29,0,0,0,0,1,0,0,0,1,1,Digital Marketer,Architect,Marketing Manager
78,34,44,58,36,100,92,37,0,0,1,0,1,1,0,1,1,0,Civil Engineer,Content Writer,UX/UI Designer
88,61,100,60,67,30,47,46,0,1,0,1,0,1,0,0,1,0,Lawyer,Psychologist,Software Developer
21,40,22,89,88,91,51,30,1,1,1,0,1,0,1,0,0,0,Graphic Designer,Content Writer,Teacher
95,98,58,75,42,28,75,69,0,1,0,0,1,1,0,0,0,0,Doctor,Content Writer,Data Scientist
90,77,35,75,65,63,84,20,0,1,0,1,0,0,1,0,0,0,UX/UI Designer,Marketing Manager,Digital Marketer
35,64,81,69,85,48,23,54,1,0,1,1,0,1,0,1,0,0,Civil Engineer,Doctor,Architect
25,91,64,42,88,27,78,100,1,0,0,0,0,1,1,1,1,0,UX/UI Designer,Graphic Designer,Civil Engineer
41,73,77,60,35,60,28,65,1,0,1,1,1,0,1,1,1,0,Doctor,Content Writer,Lawyer
81,76,52,28,93,82,44,89,0,0,1,1,1,0,1,0,0,0,UX/UI Designer,Doctor,Architect
55,41,32,75,33,38,52,38,0,1,0,0,1,0,1,0,1,0,Mechanical Engineer,Financial Analyst,Graphic Designer
24,85,48,26,80,56,24,32,0,1,0,0,1,1,1,0,0,0,UX/UI Designer,Graphic Designer,Financial Analyst
79,88,49,92,45,50,43,95,1,1,1,1,1,0,1,0,1,0,Lawyer,Data Scientist,Software Developer
97,69,52,89,40,31,29,97,0,1,0,1,0,1,1,0,0,1,Architect,Graphic Designer,Digital Marketer
90,87,46,61,84,60,76,30,1,1,0,0,0,0,0,1,0,1,Financial Analyst,Doctor,Lawyer
83,72,100,35,62,36,100,95,0,1,0,0,0,0,1,1,0,1,Teacher,Lawyer,Financial Analyst
51,72,46,97,31,91,92,53,1,1,0,0,0,0,0,1,0,1,Marketing Manager,Civil Engineer,Software Developer
22,70,44,92,80,71,82,84,0,1,1,1,0,0,1,1,0,1,Mechanical Engineer,Psychologist,Marketing Manager
83,52,99,62,43,27,41,80,1,0,0,0,0,0,0,1,0,0,UX/UI Designer,Lawyer,Software Developer
31,40,98,45,57,28,80,82,0,0,0,0,1,0,1,1,0,0,Doctor,Mechanical Engineer,Digital Marketer
20,55,73,39,45,95,30,68,0,1,0,1,0,1,1,1,0,1,Digital Marketer,Psychologist,Content Writer
66,90,85,98,65,45,82,39,1,1,0,0,1,1,1,0,0,0,Financial Analyst,Psychologist,Data Scientist
88,85,36,64,77,22,79,27,0,0,1,1,1,0,0,0,0,1,Content Writer,Lawyer,Software Developer
23,48,64,58,88,88,90,98,0,1,0,1,1,1,1,1,1,1,Civil Engineer,Content Writer,Teacher
57,69,79,67,86,33,25,75,1,1,0,0,1,1,0,1,1,0,Marketing Manager,Content Writer,Digital Marketer
59,27,81,57,62,23,54,23,0,1,0,1,0,1,1,0,1,1,Data Scientist,Mechanical Engineer,Architect
25,91,86,25,50,27,40,56,1,0,1,0,1,0,0,1,1,1,Civil Engineer,Financial Analyst,Psychologist
67,34,21,74,42,63,44,93,1,1,1,0,0,0,1,0,0,0,Graphic Designer,Data Scientist,Civil Engineer
63,81,51,22,49,100,65,84,1,1,0,1,0,1,0,1,0,0,Software Developer,Architect,Civil Engineer
63,49,72,36,83,84,32,76,1,0,1,1,0,1,0,0,1,0,Psychologist,Graphic Designer,Content Writer
25,34,31,20,67,26,42,31,0,1,1,1,0,0,1,1,0,1,UX/UI Designer,Marketing Manager,Graphic Designer
23,71,73,27,35,78,90,76,0,0,1,1,1,0,1,0,0,1,Lawyer,Teacher,Digital Marketer
26,30,81,97,38,54,88,99,0,1,1,0,0,0,1,1,0,1,Data Scientist,Financial Analyst,Digital Marketer
37,37,86,92,49,37,45,97,0,0,1,1,0,1,1,0,1,1,Digital Marketer,UX/UI Designer,Marketing Manager
28,55,93,67,84,85,28,26,0,1,0,0,1,1,1,1,1,1,Data Scientist,UX/UI Designer,Teacher
95,22,42,93,39,50,61,72,1,1,0,0,1,0,1,1,1,1,Architect,Teacher,Data Scientist
42,77,93,43,67,29,39,81,0,1,0,0,1,1,1,0,0,0,Content Writer,Psychologist,Teacher
65,75,91,36,88,99,37,71,0,0,1,1,1,0,1,0,1,1,Architect,Doctor,UX/UI Designer
58,95,68,80,61,88,40,59,1,0,0,0,1,1,1,0,0,1,Content Writer,UX/UI Designer,Lawyer
69,81,80,31,60,73,53,39,0,1,0,0,0,0,0,1,1,0,Civil Engineer,Psychologist,Digital Marketer
55,47,45,72,64,79,68,78,0,1,1,0,0,1,0,1,0,0,Marketing Manager,Content Writer,Architect
32,32,33,98,30,22,53,21,1,0,1,1,1,0,0,0,0,1,Financial Analyst,Lawyer,Mechanical Engineer
37,98,23,61,76,64,45,25,1,1,1,1,1,1,0,0,1,0,Digital Marketer,Doctor,Content Writer
27,68,49,73,44,95,63,22,1,0,0,0,0,0,1,1,0,1,Mechanical Engineer,Software Developer,Content Writer
47,78,96,34,35,20,38,21,1,0,1,0,1,1,1,1,0,1,Data Scientist,Psychologist,Graphic Designer
39,32,46,42,20,93,91,27,0,0,0,1,0,0,0,0,1,0,Graphic Designer,Software Developer,Data Scientist
66,82,26,72,56,56,45,95,1,1,0,0,1,0,0,1,0,1,Digital Marketer,Financial Analyst,Marketing Manager
39,100,90,68,77,65,22,62,1,0,0,1,0,0,0,1,0,0,Software Developer,Content Writer,Teacher
78,64,45,89,22,98,59,52,0,1,1,0,0,0,1,1,1,0,Lawyer,Financial Analyst,UX/UI Designer
52,81,42,29,88,21,66,22,1,1,0,0,0,0,1,1,0,0,Teacher,Graphic Designer,Psychologist
31,22,53,29,82,95,74,85,1,0,0,0,1,1,0,0,0,1,Content Writer,Doctor,Data Scientist
31,52,67,42,63,48,60,73,1,0,1,0,1,0,0,0,1,0,Architect,Data Scientist,Civil Engineer
89,60,62,48,22,73,22,23,0,1,0,1,1,0,0,0,0,1,Graphic Designer,Content Writer,Data Scientist
40,20,63,93,100,29,99,26,1,1,1,0,1,0,0,0,0,0,UX/UI Designer,Financial Analyst,Teacher
80,23,89,98,84,100,25,20,0,0,0,0,0,1,0,0,0,0,Teacher,Civil Engineer,Doctor
94,45,69,68,22,25,24,74,0,0,0,0,1,0,1,0,1,0,Content Writer,UX/UI Designer,Financial Analyst
43,42,63,86,68,53,47,31,1,1,0,0,1,1,0,0,0,0,Graphic Designer,Psychologist,Architect
42,91,22,66,51,83,44,58,0,0,0,0,0,0,1,1,0,0,Civil Engineer,Data Scientist,Architect
53,26,37,31,54,33,22,100,1,0,1,1,0,0,1,0,1,1,Digital Marketer,Financial Analyst,Marketing Manager
40,78,24,26,72,69,70,74,0,1,0,1,0,1,0,0,1,0,UX/UI Designer,Graphic Designer,Psychologist
69,42,56,55,92,40,38,29,0,0,0,1,1,0,1,0,0,1,Psychologist,Content Writer,Teacher
93,32,52,30,86,35,52,60,0,1,1,1,1,1,0,1,1,1,Digital Marketer,Doctor,Psychologist
87,81,86,37,22,21,26,26,1,1,0,0,1,1,1,1,1,1,Psychologist,Marketing Manager,Digital Marketer
28,52,81,38,47,50,31,99,0,1,0,1,1,1,0,0,0,1,Architect,Doctor,Psychologist
45,100,78,21,58,56,29,22,1,0,0,1,1,1,0,0,1,0,Marketing Manager,Digital Marketer,Civil Engineer
97,20,33,70,98,42,77,24,1,1,1,1,1,1,0,1,0,0,Psychologist,Content Writer,Graphic Designer
29,57,54,90,86,27,49,99,0,0,0,0,1,1,0,0,0,0,Marketing Manager,Lawyer,UX/UI Designer
72,99,90,37,29,57,81,67,1,0,0,0,0,0,0,1,1,1,Civil Engineer,Doctor,Psychologist
69,68,35,67,78,33,62,36,1,0,0,0,1,1,1,0,0,1,Digital Marketer,UX/UI Designer,Psychologist
73,62,96,63,62,66,68,94,0,0,1,1,0,1,0,1,0,0,UX/UI Designer,Content Writer,Software Developer
22,43,51,65,38,94,64,41,0,0,1,0,1,1,0,0,1,0,Mechanical Engineer,Lawyer,Doctor
89,51,99,83,89,75,60,59,0,0,1,0,0,0,1,0,1,1,Financial Analyst,Architect,Graphic Designer
22,68,60,24,25,47,30,34,1,1,1,1,0,0,0,1,1,1,Teacher,UX/UI Designer,Financial Analyst
48,60,66,100,80,25,59,94,1,0,1,1,1,0,1,1,0,0,Civil Engineer,Psychologist,Digital Marketer
74,40,98,85,89,38,63,100,1,1,1,1,1,0,0,0,1,1,Civil Engineer,Teacher,Content Writer
22,93,85,76,80,28,29,56,0,1,0,1,1,0,0,1,1,1,Data Scientist,Architect,Doctor
93,72,42,29,86,71,71,53,1,1,1,0,1,1,1,0,1,1,Financial Analyst,Content Writer,Graphic Designer
74,21,26,81,70,60,30,78,1,1,1,1,0,0,1,1,0,0,Marketing Manager,Content Writer,Lawyer
57,30,20,35,37,26,73,75,0,1,0,0,1,1,0,0,0,1,Teacher,Marketing Manager,Content Writer
44,72,72,43,48,48,91,70,1,0,0,0,0,1,0,1,0,0,UX/UI Designer,Financial Analyst,Doctor
48,98,90,67,77,99,86,22,0,1,0,0,1,1,0,0,1,0,Software Developer,Content Writer,Psychologist
96,49,83,50,81,99,52,93,1,0,0,1,0,0,0,0,0,1,Software Developer,Financial Analyst,Content Writer
90,98,26,98,41,64,46,25,1,0,0,0,0,0,0,1,1,0,Civil Engineer,Doctor,Teacher
62,31,51,64,85,46,83,58,0,1,1,0,1,0,0,1,1,0,Financial Analyst,Data Scientist,Teacher
73,86,20,79,51,70,90,100,0,1,1,0,1,0,1,1,0,1,UX/UI Designer,Civil Engineer,Graphic Designer
90,75,36,25,49,81,68,28,0,1,0,1,0,0,0,0,1,1,Digital Marketer,Financial Analyst,Mechanical Engineer
24,24,61,87,38,26,25,38,0,1,0,0,1,0,0,0,0,1,Psychologist,UX/UI Designer,Teacher
60,89,42,81,60,73,23,31,1,1,0,1,0,1,1,0,1,0,Content Writer,Teacher,Lawyer
31,27,41,86,67,27,70,81,1,0,1,0,0,1,1,0,1,0,Architect,Software Developer,Financial Analyst
32,76,50,41,70,51,77,37,0,0,1,1,1,0,1,0,1,1,Mechanical Engineer,Teacher,Content Writer
24,78,48,39,55,79,93,47,0,1,0,1,0,0,1,1,0,1,Financial Analyst,Marketing Manager,Doctor
75,61,69,41,58,41,44,76,0,1,1,0,0,1,0,1,1,0,Psychologist,Teacher,Content Writer
68,66,56,54,62,53,38,60,0,0,0,0,0,1,0,0,1,1,Software Developer,Architect,Lawyer
97,57,88,43,71,69,37,57,0,1,0,1,1,1,1,1,1,0,Software Developer,Civil Engineer,Mechanical Engineer
88,89,29,48,99,60,46,90,1,1,1,1,0,1,1,1,1,1,Doctor,Civil Engineer,Architect
49,41,86,90,78,30,73,23,1,1,1,0,0,0,1,0,0,1,Content Writer,Psychologist,Financial Analyst
63,72,98,42,59,41,26,42,1,1,1,1,0,1,1,1,1,0,Civil Engineer,Graphic Designer,Teacher
72,86,84,22,80,54,93,81,1,0,0,1,1,1,0,0,1,0,Mechanical Engineer,Data Scientist,Content Writer
52,27,82,35,86,100,100,88,0,1,0,0,0,0,0,0,0,1,Content Writer,Financial Analyst,Lawyer
61,44,73,56,77,29,100,82,0,1,0,0,0,0,1,0,1,1,Financial Analyst,Graphic Designer,Psychologist
78,21,70,82,100,34,41,48,1,1,1,0,0,0,0,1,0,1,Civil Engineer,UX/UI Designer,Marketing Manager
65,61,98,100,25,57,55,35,1,1,1,1,1,1,1,1,1,1,Graphic Designer,Architect,UX/UI Designer
23,99,97,55,42,31,27,71,1,0,1,0,0,1,1,1,0,1,UX/UI Designer,Civil Engineer,Financial Analyst
38,94,46,48,73,59,48,29,1,0,1,0,0,0,0,1,1,1,Architect,Data Scientist,Software Developer
35,65,22,37,72,91,42,50,0,1,0,1,0,1,1,0,1,1,Mechanical Engineer,Digital Marketer,Financial Analyst
41,62,94,54,57,71,84,52,0,1,0,0,1,1,1,1,1,1,Mechanical Engineer,UX/UI Designer,Lawyer
79,95,21,90,64,100,58,99,0,0,1,0,1,0,1,0,0,0,Psychologist,Mechanical Engineer,Financial Analyst
76,69,23,74,76,52,38,86,0,0,0,0,1,1,0,1,0,0,Graphic Designer,Software Developer,Teacher
24,71,61,64,95,78,65,50,0,0,1,0,0,1,1,1,1,1,Content Writer,Psychologist,Mechanical Engineer
48,96,29,77,68,40,24,74,0,0,0,1,0,0,1,0,0,0,Mechanical Engineer,Digital Marketer,Civil Engineer
39,38,23,50,62,67,40,48,0,1,0,0,0,0,0,0,1,1,Graphic Designer,Lawyer,Teacher
52,47,21,58,98,45,23,73,1,1,1,0,1,1,1,0,0,1,Financial Analyst,Architect,Data Scientist
64,63,95,44,43,44,48,79,0,1,1,1,1,0,0,0,0,1,Psychologist,Lawyer,Graphic Designer
42,56,33,73,71,37,61,89,0,1,1,1,0,1,0,0,1,1,Marketing Manager,Teacher,Financial Analyst
98,34,44,31,54,78,89,82,1,0,1,0,1,0,0,0,0,0,Financial Analyst,Software Developer,Marketing Manager
69,98,82,48,34,69,50,22,1,0,1,0,1,1,1,1,0,1,Lawyer,Data Scientist,Architect
60,54,36,75,41,30,36,57,1,1,1,0,1,1,1,0,1,0,Marketing Manager,Teacher,Psychologist
42,57,53,27,96,64,65,78,0,0,0,1,1,1,1,1,0,1,Graphic Designer,Teacher,Software Developer
25,50,72,95,32,86,37,88,0,0,0,0,1,1,0,1,1,0,Lawyer,Psychologist,Graphic Designer
89,44,71,70,29,41,75,74,1,0,1,0,0,1,1,1,0,0,Data Scientist,Psychologist,Civil Engineer
24,74,29,56,27,48,78,54,0,1,1,1,1,0,0,1,1,0,Graphic Designer,Mechanical Engineer,Marketing Manager
79,57,81,89,85,49,23,99,0,0,0,0,0,1,1,1,1,1,Marketing Manager,Civil Engineer,Content Writer
55,54,35,100,24,70,23,70,0,1,0,1,0,1,1,1,1,0,Digital Marketer,Civil Engineer,Marketing Manager
91,74,82,93,21,88,91,38,1,1,0,0,0,1,0,1,1,0,Graphic Designer,Content Writer,UX/UI Designer
75,76,25,99,89,47,51,47,1,1,0,1,0,1,0,0,0,1,UX/UI Designer,Software Developer,Content Writer
59,30,85,72,24,40,69,40,0,0,0,0,1,1,1,1,1,0,UX/UI Designer,Graphic Designer,Lawyer
95,28,96,42,93,45,76,79,1,1,0,1,0,0,0,1,1,1,Doctor,Financial Analyst,Graphic Designer
87,87,94,81,100,32,96,99,1,1,1,1,0,1,1,1,0,0,Psychologist,Marketing Manager,Digital Marketer
20,93,61,22,97,30,67,61,1,0,0,1,0,0,1,1,0,0,Digital Marketer,Mechanical Engineer,Psychologist
94,100,93,94,68,90,37,80,0,0,1,0,0,0,0,1,0,0,Marketing Manager,Civil Engineer,UX/UI Designer
78,73,90,99,22,70,43,94,0,0,1,1,1,0,1,1,1,1,Marketing Manager,Civil Engineer,Lawyer
42,76,55,89,29,30,38,99,1,0,0,0,1,1,0,1,1,0,Psychologist,Mechanical Engineer,Lawyer
48,75,74,97,99,96,69,50,0,0,1,1,0,0,0,0,0,1,Civil Engineer,Financial Analyst,UX/UI Designer
56,73,79,96,36,37,42,32,1,0,0,1,0,0,0,1,0,0,Data Scientist,Psychologist,Architect
60,97,71,28,88,27,57,40,0,0,0,0,1,0,1,0,0,1,Content Writer,Architect,Civil Engineer
92,38,90,44,53,38,61,86,1,0,0,1,0,1,0,1,1,1,Content Writer,UX/UI Designer,Civil Engineer
89,84,65,93,97,78,73,78,0,0,0,1,1,0,0,0,0,0,Lawyer,Financial Analyst,Psychologist
75,84,34,42,76,39,42,59,1,1,1,0,1,0,0,1,1,0,Graphic Designer,Teacher,Financial Analyst
73,82,84,52,26,23,74,63,0,1,0,0,1,0,1,1,0,1,Marketing Manager,Data Scientist,Content Writer
24,75,49,57,63,39,87,40,1,1,1,1,0,1,1,0,1,0,Digital Marketer,Data Scientist,Marketing Manager
35,72,53,21,96,48,94,66,0,1,0,0,1,0,1,0,0,1,Data Scientist,UX/UI Designer,Marketing Manager
51,48,49,67,59,66,77,99,0,1,1,1,1,0,0,0,0,1,Architect,UX/UI Designer,Mechanical Engineer
57,26,25,62,42,76,49,58,0,0,0,1,0,0,0,1,1,0,Content Writer,Marketing Manager,Civil Engineer
60,79,49,84,55,83,82,24,0,1,1,1,0,0,0,0,1,0,Teacher,Digital Marketer,Doctor
57,44,49,44,88,33,21,59,1,1,1,0,0,1,1,0,0,1,Graphic Designer,Software Developer,Marketing Manager
61,47,75,89,47,22,82,98,0,0,1,0,0,1,1,1,0,1,Mechanical Engineer,UX/UI Designer,Architect
57,76,79,35,43,44,98,69,0,1,1,0,0,0,0,1,0,0,UX/UI Designer,Marketing Manager,Lawyer
30,45,59,39,45,64,23,87,0,0,0,0,0,0,0,1,1,1,Architect,Software Developer,UX/UI Designer
33,76,55,67,87,82,36,66,0,0,1,0,0,0,0,0,1,1,Content Writer,Marketing Manager,Digital Marketer
29,66,52,31,78,100,25,38,0,1,1,0,0,0,1,0,1,0,Graphic Designer,Civil Engineer,Architect
59,92,32,88,66,40,92,97,0,0,0,0,1,0,1,1,0,0,Doctor,Content Writer,Civil Engineer
20,77,65,49,76,88,62,42,0,0,0,1,0,1,0,1,1,0,Teacher,Software Developer,Doctor
83,98,84,89,75,98,58,55,1,0,1,1,0,0,0,1,0,0,Content Writer,Civil Engineer,Marketing Manager
90,73,84,31,73,65,82,58,1,1,0,0,0,0,0,0,0,1,Content Writer,Psychologist,Data Scientist
30,61,66,58,71,26,85,43,0,1,1,0,1,0,0,1,1,1,Marketing Manager,Content Writer,Financial Analyst
28,76,78,41,73,37,86,60,0,0,1,1,1,0,0,1,1,0,Mechanical Engineer,Teacher,Doctor
61,35,94,69,90,21,37,71,0,0,1,1,1,0,1,1,1,0,UX/UI Designer,Mechanical Engineer,Content Writer
66,25,76,52,66,87,92,30,1,0,1,1,0,1,0,1,1,0,Financial Analyst,Software Developer,Content Writer
50,40,76,85,53,77,44,55,1,1,1,1,1,1,1,1,0,1,Teacher,Content Writer,Architect
41,23,60,82,66,57,21,36,0,0,1,0,0,1,1,0,1,1,Mechanical Engineer,Graphic Designer,Financial Analyst
22,43,66,94,22,78,88,68,0,0,0,0,1,0,0,1,0,1,Civil Engineer,Marketing Manager,Digital Marketer
49,60,31,45,79,71,46,75,0,0,0,0,0,1,0,1,0,1,Civil Engineer,Digital Marketer,UX/UI Designer
35,55,27,24,48,33,97,42,0,0,1,1,1,0,1,1,1,0,Software Developer,Architect,Marketing Manager
93,84,69,61,84,54,38,85,1,0,1,1,0,1,0,0,1,1,Financial Analyst,UX/UI Designer,Graphic Designer
50,94,62,43,54,24,87,29,0,0,1,0,0,1,1,1,0,1,UX/UI Designer,Software Developer,Civil Engineer
28,84,70,29,31,77,95,33,1,1,0,1,0,0,1,1,0,0,Marketing Manager,Civil Engineer,Financial Analyst
52,31,34,92,86,69,33,87,0,0,1,1,0,1,1,1,1,1,Teacher,Digital Marketer,Architect
38,97,91,53,31,98,70,34,0,0,0,0,1,1,0,1,0,1,Architect,Mechanical Engineer,Digital Marketer
85,94,24,71,77,95,66,83,1,0,1,0,1,0,0,1,0,1,Lawyer,Software Developer,Digital Marketer
84,36,80,67,93,72,86,46,0,1,0,1,1,0,1,0,1,0,Data Scientist,Graphic Designer,Content Writer
84,96,80,79,67,90,74,63,0,0,0,1,0,1,0,0,0,1,Lawyer,Architect,Content Writer
99,31,69,53,79,39,59,52,1,1,1,0,1,0,0,0,0,0,Content Writer,Graphic Designer,Psychologist
99,53,66,73,46,50,94,61,0,0,1,0,1,0,1,1,0,0,Doctor,Civil Engineer,Data Scientist
73,83,31,88,62,48,56,40,0,0,0,0,1,0,1,1,1,1,Data Scientist,Software Developer,Civil Engineer
38,70,59,62,50,46,61,80,0,0,0,1,0,0,1,1,0,1,Psychologist,Digital Marketer,Graphic Designer
89,73,23,67,48,39,98,67,1,0,0,0,0,1,0,1,1,0,Marketing Manager,Architect,UX/UI Designer
99,23,68,66,34,72,36,56,0,0,1,0,1,0,1,0,1,0,Data Scientist,Financial Analyst,Psychologist
78,57,67,25,32,57,65,61,1,0,0,0,0,1,0,0,0,1,Architect,Data Scientist,Doctor
25,81,44,32,53,100,88,28,0,0,0,1,1,1,0,1,0,1,UX/UI Designer,Software Developer,Psychologist
87,36,51,33,29,21,67,46,1,0,0,1,0,0,1,0,0,0,Civil Engineer,Doctor,Mechanical Engineer
91,97,67,47,66,49,34,55,1,1,1,1,0,0,0,1,1,1,Mechanical Engineer,Architect,Doctor
47,47,81,87,42,49,59,78,0,0,1,0,1,1,0,1,1,0,UX/UI Designer,Graphic Designer,Mechanical Engineer
86,46,25,96,58,57,95,62,0,0,0,1,0,1,1,1,0,0,Software Developer,Mechanical Engineer,Lawyer
29,36,37,60,49,52,24,47,0,1,0,0,0,0,0,1,1,0,Teacher,Digital Marketer,Financial Analyst
49,69,91,81,73,96,31,46,1,0,1,1,0,0,1,0,1,1,Content Writer,Architect,Doctor
97,94,92,23,50,42,46,36,0,0,1,0,1,0,0,1,1,0,Mechanical Engineer,Marketing Manager,Civil Engineer
76,49,37,92,53,82,77,40,1,0,1,1,0,0,0,0,1,0,Data Scientist,Software Developer,UX/UI Designer
36,75,71,61,38,89,70,72,0,1,0,0,0,0,0,1,1,0,Teacher,Data Scientist,Civil Engineer
65,24,38,68,84,54,25,40,1,1,1,1,1,0,1,1,1,1,Civil Engineer,Mechanical Engineer,Psychologist
94,46,98,37,85,47,52,75,1,1,1,0,0,0,0,1,0,1,Financial Analyst,Lawyer,Content Writer
21,84,96,25,75,78,72,33,1,1,0,1,1,0,0,0,0,0,Doctor,Financial Analyst,Graphic Designer
20,38,56,63,49,52,82,32,0,0,1,1,0,0,0,1,0,0,Content Writer,Doctor,Civil Engineer
65,40,45,76,71,67,76,78,0,1,1,1,0,0,0,1,0,0,Mechanical Engineer,Lawyer,Financial Analyst
99,64,32,77,32,84,61,96,1,0,0,1,0,0,0,1,1,1,Architect,UX/UI Designer,Mechanical Engineer
73,97,29,99,36,89,46,92,1,0,1,1,1,0,0,1,0,1,Software Developer,Financial Analyst,Data Scientist
71,96,55,79,52,20,30,33,1,0,1,0,0,1,1,1,1,0,Lawyer,Mechanical Engineer,Data Scientist
77,63,99,87,97,26,30,88,0,0,0,1,1,0,0,1,1,0,Mechanical Engineer,Doctor,Data Scientist
69,95,38,45,43,21,29,45,0,0,1,0,1,0,0,0,0,1,UX/UI Designer,Psychologist,Teacher
23,32,30,62,80,52,72,32,0,0,1,1,1,1,1,1,1,1,Lawyer,Content Writer,Civil Engineer
51,90,91,23,86,97,58,23,0,1,0,1,1,0,1,1,1,1,Content Writer,Financial Analyst,Digital Marketer
91,59,58,29,95,82,87,40,0,0,0,0,1,1,1,1,1,0,Civil Engineer,Content Writer,UX/UI Designer
82,52,20,35,76,39,94,52,0,0,1,1,1,1,1,1,1,0,Digital Marketer,Psychologist,Lawyer
46,58,94,62,84,98,55,65,1,1,1,1,1,1,1,0,0,0,Data Scientist,Doctor,Software Developer
44,79,90,90,78,66,36,87,1,1,0,0,0,0,0,1,0,0,Lawyer,Software Developer,Financial Analyst
29,31,47,64,20,74,73,35,1,1,1,0,0,0,1,0,1,0,Doctor,Lawyer,Teacher
62,63,77,20,65,98,50,29,1,1,1,0,0,0,0,1,1,1,UX/UI Designer,Doctor,Lawyer
47,99,47,72,55,89,69,44,0,1,1,1,1,1,1,0,0,1,Psychologist,Software Developer,Teacher
28,60,23,24,32,21,96,35,1,1,0,1,0,1,1,1,0,0,Civil Engineer,Lawyer,Financial Analyst
48,91,37,96,39,77,39,72,0,1,1,0,1,0,0,0,1,1,Data Scientist,Psychologist,Marketing Manager
81,42,85,26,100,100,28,77,1,1,0,1,1,1,0,0,0,0,Psychologist,Lawyer,Software Developer
26,71,92,76,52,38,88,63,1,0,1,0,1,1,1,0,1,1,Content Writer,Graphic Designer,Psychologist
67,38,36,78,38,51,92,78,1,0,1,0,1,0,0,0,0,0,Digital Marketer,Teacher,Psychologist
86,69,54,27,99,36,33,42,1,0,0,1,0,1,1,1,0,0,UX/UI Designer,Graphic Designer,Lawyer
52,70,25,43,72,43,99,36,0,1,1,0,1,0,0,0,1,0,Digital Marketer,Software Developer,Data Scientist
44,44,36,72,43,28,62,20,1,1,1,0,0,0,1,1,1,0,Graphic Designer,Marketing Manager,Content Writer
21,59,41,71,53,87,98,65,0,1,1,1,0,1,1,1,0,1,Digital Marketer,Marketing Manager,Doctor
38,32,32,29,92,85,93,48,1,0,0,1,1,0,0,0,1,1,Content Writer,UX/UI Designer,Digital Marketer
51,59,72,98,21,71,65,80,1,1,0,1,0,0,1,1,0,1,Lawyer,Civil Engineer,Data Scientist
81,83,87,25,33,38,74,69,1,0,1,0,1,1,1,1,0,0,Digital Marketer,Doctor,Content Writer
89,97,28,86,94,66,59,82,1,0,0,1,0,1,0,0,0,0,Lawyer,Teacher,Digital Marketer
99,67,73,84,42,28,22,63,0,0,0,0,0,1,0,0,1,0,Lawyer,Content Writer,Teacher
76,26,72,86,83,58,94,53,0,1,1,0,1,1,1,1,1,1,Software Developer,Psychologist,Architect
24,32,44,26,85,38,35,88,1,0,1,1,1,1,0,0,1,0,Doctor,Teacher,Financial Analyst
40,26,58,80,74,99,77,72,0,1,1,0,0,0,0,1,0,0,Marketing Manager,Teacher,Architect
73,23,23,100,30,100,43,45,0,0,0,1,1,1,0,0,0,1,Data Scientist,Teacher,UX/UI Designer
74,77,36,69,70,42,94,97,1,0,0,0,0,0,0,0,1,1,Doctor,Graphic Designer,Software Developer
94,23,77,72,40,38,58,27,0,0,1,1,1,0,1,1,1,1,Content Writer,Digital Marketer,Architect
42,85,67,39,40,48,39,84,1,1,0,0,1,1,1,1,1,0,Content Writer,Graphic Designer,Marketing Manager
76,32,87,78,98,23,99,84,0,0,1,1,0,0,0,0,0,1,Content Writer,Psychologist,UX/UI Designer
92,71,67,83,73,86,97,27,0,1,0,0,1,1,0,1,0,0,Content Writer,Doctor,Mechanical Engineer
91,41,36,96,55,78,75,56,0,1,1,0,0,0,0,1,1,1,Architect,Data Scientist,Teacher
94,80,75,60,27,28,99,27,1,0,0,0,1,0,0,1,0,0,Civil Engineer,Data Scientist,Lawyer
67,22,87,28,48,68,32,61,1,1,1,0,0,1,1,1,1,1,UX/UI Designer,Data Scientist,Teacher
87,75,76,73,92,37,95,50,1,0,1,1,1,1,0,0,1,0,Civil Engineer,Marketing Manager,Content Writer
86,23,46,84,39,45,92,41,1,0,1,0,0,1,0,0,0,1,Architect,Lawyer,Psychologist
85,24,31,67,68,46,47,64,0,0,0,1,0,0,0,1,1,1,UX/UI Designer,Financial Analyst,Content Writer
35,79,93,33,22,88,24,54,1,0,1,0,0,0,1,1,0,1,Architect,Civil Engineer,Doctor
81,67,43,88,43,93,55,70,1,0,1,0,1,0,1,1,0,1,UX/UI Designer,Lawyer,Graphic Designer
44,88,62,95,89,99,31,93,1,1,0,1,0,0,1,1,0,0,UX/UI Designer,Graphic Designer,Software Developer
51,41,65,97,92,97,27,86,1,0,0,1,0,1,1,1,0,1,Software Developer,Digital Marketer,Content Writer
52,62,75,40,54,88,40,46,1,0,1,0,1,1,0,0,1,0,Financial Analyst,Architect,Teacher
87,76,69,32,71,69,34,28,0,0,1,0,1,1,0,1,1,0,Financial Analyst,UX/UI Designer,Marketing Manager
31,63,48,92,23,27,20,25,0,1,1,0,0,0,0,0,0,0,Doctor,Civil Engineer,Teacher
34,50,87,80,92,32,28,97,1,0,0,0,0,1,1,0,1,0,Architect,Content Writer,Teacher
69,91,81,58,82,83,36,30,0,0,1,1,0,1,1,1,0,0,Doctor,Civil Engineer,Psychologist
61,36,22,38,32,38,79,79,1,0,1,1,1,1,1,0,1,1,Lawyer,Content Writer,Digital Marketer
97,93,65,25,20,36,45,69,0,0,1,1,0,0,0,1,1,0,Civil Engineer,UX/UI Designer,Doctor
36,26,60,29,67,37,95,93,0,0,0,0,0,1,0,1,1,1,Psychologist,Financial Analyst,Mechanical Engineer
55,94,74,23,77,87,76,60,1,1,1,0,0,1,1,1,1,0,Mechanical Engineer,Lawyer,Civil Engineer
33,40,48,41,72,21,24,20,1,1,1,0,0,1,0,1,0,1,Psychologist,Data Scientist,Marketing Manager
21,57,42,64,28,62,31,61,0,1,1,1,1,0,1,0,1,1,Graphic Designer,Software Developer,Data Scientist
84,70,52,22,88,79,96,25,1,0,1,1,0,1,1,1,0,0,Marketing Manager,Content Writer,Graphic Designer
90,84,55,61,57,30,61,53,0,1,0,0,1,0,0,1,0,0,Data Scientist,Graphic Designer,Digital Marketer
34,58,69,100,34,63,44,72,0,1,0,0,1,1,1,1,0,1,Digital Marketer,Psychologist,Financial Analyst
51,76,34,27,72,31,52,30,1,1,0,1,1,0,1,1,0,1,Civil Engineer,Data Scientist,Teacher
73,43,99,29,68,56,69,20,1,1,0,0,0,1,1,0,1,0,Civil Engineer,Financial Analyst,Lawyer
21,67,55,46,91,38,64,44,0,1,1,1,0,0,1,1,1,1,Doctor,UX/UI Designer,Lawyer
69,66,80,38,57,26,51,46,0,1,1,1,1,0,0,0,1,1,Psychologist,Content Writer,Doctor
44,91,24,23,95,76,74,90,0,0,0,0,1,0,0,0,1,1,Software Developer,Architect,Mechanical Engineer
94,76,89,36,44,90,98,22,0,0,1,0,0,0,1,1,1,1,Digital Marketer,Mechanical Engineer,Psychologist
87,24,85,74,89,75,63,97,0,1,1,0,1,1,0,0,0,0,Teacher,Content Writer,Lawyer
68,20,28,81,31,77,90,100,0,0,0,0,0,0,0,0,1,0,Financial Analyst,Content Writer,Civil Engineer
29,74,89,54,61,48,73,95,1,0,1,1,1,1,1,0,1,1,Digital Marketer,Architect,Teacher
34,50,22,45,69,72,99,67,0,0,1,0,0,1,1,1,1,1,Doctor,Teacher,Graphic Designer
79,48,94,68,39,62,90,65,0,0,1,0,1,0,0,0,1,1,UX/UI Designer,Financial Analyst,Psychologist
55,24,99,80,50,24,95,63,0,1,1,1,0,0,0,1,0,0,Software Developer,Psychologist,Financial Analyst
47,28,78,35,32,50,74,84,0,0,1,1,1,0,1,0,0,1,Lawyer,Civil Engineer,Marketing Manager
66,94,83,63,44,81,22,65,1,1,0,0,1,0,0,0,1,1,UX/UI Designer,Content Writer,Software Developer
84,82,57,41,29,27,59,67,1,0,0,0,0,0,0,1,0,0,Civil Engineer,Financial Analyst,Data Scientist
73,52,57,33,43,20,88,79,0,1,0,0,0,1,1,1,0,1,Mechanical Engineer,Lawyer,Graphic Designer
87,68,27,62,34,76,55,30,1,0,1,1,0,1,1,1,0,1,Marketing Manager,Doctor,Graphic Designer
22,44,76,92,29,40,57,95,1,1,0,1,0,1,0,1,1,0,Mechanical Engineer,Lawyer,Architect
78,37,81,65,72,59,89,61,0,0,0,1,1,0,0,0,1,0,Civil Engineer,Financial Analyst,Lawyer
86,66,78,39,93,83,33,87,1,1,1,0,0,0,0,0,1,1,Graphic Designer,Digital Marketer,Lawyer
83,55,23,36,54,51,20,89,1,1,1,0,0,0,1,1,1,1,Software Developer,Data Scientist,Lawyer
82,30,22,43,26,62,47,75,0,1,0,0,1,1,1,0,1,1,Data Scientist,Architect,UX/UI Designer
90,88,50,45,97,33,87,84,1,1,1,0,1,0,0,0,1,0,Mechanical Engineer,Digital Marketer,Graphic Designer
34,69,79,53,60,41,77,86,1,0,1,0,1,0,0,0,1,1,Digital Marketer,Software Developer,Graphic Designer
60,57,34,55,97,62,81,94,0,0,1,1,1,1,1,1,0,0,Software Developer,Lawyer,Financial Analyst
52,81,93,40,35,89,73,90,1,1,0,0,0,1,1,0,1,0,Digital Marketer,Psychologist,Content Writer
48,80,74,27,67,86,40,65,0,0,0,0,0,1,0,0,0,0,Civil Engineer,Graphic Designer,Content Writer
55,77,93,96,35,63,45,48,0,0,0,1,0,1,1,0,0,1,Graphic Designer,Psychologist,Financial Analyst
30,70,45,98,67,87,74,92,1,1,0,1,1,1,1,1,1,0,Psychologist,Mechanical Engineer,Civil Engineer
35,83,27,66,20,98,21,21,1,0,1,0,0,1,1,1,1,1,Software Developer,Digital Marketer,Data Scientist
95,59,36,67,64,64,74,38,1,0,1,1,1,0,1,1,1,0,Content Writer,Data Scientist,Digital Marketer
97,98,77,64,85,77,100,35,1,1,0,0,0,1,1,1,1,0,Graphic Designer,Teacher,Mechanical Engineer
83,99,96,34,50,49,96,44,1,0,0,1,1,0,0,1,1,1,Lawyer,Doctor,Digital Marketer
37,59,75,67,57,27,86,53,0,0,1,1,1,1,0,0,1,1,Civil Engineer,Lawyer,Architect
96,80,24,20,31,33,23,26,1,0,1,1,1,0,0,1,1,0,Mechanical Engineer,Digital Marketer,UX/UI Designer
57,83,26,92,57,87,82,92,1,1,1,1,1,1,1,0,0,1,Digital Marketer,Architect,Doctor
79,46,79,85,42,44,37,69,0,0,0,1,0,0,1,1,1,0,Architect,Financial Analyst,Content Writer
49,20,86,52,28,85,26,66,1,1,0,1,1,0,1,1,1,1,Marketing Manager,Mechanical Engineer,Data Scientist
44,29,82,90,32,56,94,38,1,1,0,1,1,1,0,1,1,1,Mechanical Engineer,Civil Engineer,Marketing Manager
56,26,34,21,89,36,62,90,0,0,1,0,0,0,1,1,1,0,Graphic Designer,Mechanical Engineer,Content Writer
53,33,21,83,75,82,88,72,0,1,0,1,0,0,1,0,0,1,Digital Marketer,UX/UI Designer,Doctor
52,84,52,49,62,84,24,53,1,1,1,1,1,0,0,0,1,1,Mechanical Engineer,Software Developer,Graphic Designer
82,21,92,100,51,43,75,97,0,0,0,1,0,1,0,0,1,0,Financial Analyst,Doctor,Psychologist
26,46,34,96,96,20,88,56,0,0,1,0,0,1,1,1,1,1,Data Scientist,Marketing Manager,Financial Analyst
86,71,45,65,54,34,71,41,0,0,0,1,0,0,1,0,1,0,Marketing Manager,Mechanical Engineer,Digital Marketer
33,30,93,89,41,77,86,36,0,1,0,1,0,0,0,1,1,0,Civil Engineer,Software Developer,Data Scientist
86,57,83,48,75,84,27,83,0,0,0,1,0,1,0,0,1,0,Architect,UX/UI Designer,Doctor
37,98,25,89,40,27,46,31,1,0,1,0,0,1,1,0,1,0,Architect,Mechanical Engineer,Psychologist
51,40,80,98,97,85,95,22,1,1,1,1,0,1,0,1,0,0,Architect,Civil Engineer,Graphic Designer
51,88,31,56,93,63,66,46,0,0,0,0,0,1,1,1,0,1,Doctor,Content Writer,Graphic Designer
47,46,56,94,61,98,95,73,0,1,1,0,0,0,0,0,0,0,Marketing Manager,Doctor,UX/UI Designer
84,31,33,21,48,43,95,47,0,0,1,0,1,0,0,0,0,0,Graphic Designer,Financial Analyst,Software Developer
49,86,83,56,66,24,36,98,0,0,0,1,0,1,1,1,0,1,Psychologist,Architect,Civil Engineer
60,23,53,70,24,73,58,27,0,0,1,1,0,1,0,1,0,0,Financial Analyst,Architect,Software Developer
96,46,63,92,30,57,40,29,0,0,1,0,0,1,0,1,0,1,UX/UI Designer,Financial Analyst,Psychologist
36,70,75,37,23,38,62,77,0,1,0,0,0,0,1,0,1,0,Content Writer,Doctor,Psychologist
77,73,54,99,26,31,84,72,1,1,0,1,0,0,1,0,0,0,Mechanical Engineer,UX/UI Designer,Software Developer
52,78,93,47,70,68,36,47,0,0,1,1,1,1,1,1,0,1,Data Scientist,UX/UI Designer,Marketing Manager
28,76,98,68,31,62,71,85,0,0,0,0,0,0,0,0,0,1,Civil Engineer,Financial Analyst,Mechanical Engineer
65,21,52,37,92,43,35,88,0,1,0,1,0,1,0,0,1,1,Mechanical Engineer,Content Writer,Data Scientist
74,57,40,36,37,38,69,61,0,0,0,1,1,1,0,1,0,1,Financial Analyst,Civil Engineer,Psychologist
72,42,70,88,43,54,40,75,0,0,1,0,1,1,0,1,0,0,Doctor,Financial Analyst,Data Scientist
94,79,67,51,78,83,35,31,1,0,1,1,1,1,0,1,0,0,Psychologist,Marketing Manager,Financial Analyst
58,98,96,40,44,97,58,22,0,1,1,0,1,1,0,0,0,1,Graphic Designer,Architect,Psychologist
72,27,31,58,21,58,47,66,1,0,0,0,1,1,1,1,1,1,Marketing Manager,Mechanical Engineer,Financial Analyst
26,59,46,40,67,68,46,91,0,0,1,1,1,1,0,0,0,0,Mechanical Engineer,UX/UI Designer,Civil Engineer
82,43,56,48,37,60,31,49,0,0,0,1,0,0,0,1,1,0,Software Developer,UX/UI Designer,Lawyer
33,65,29,71,75,82,59,36,0,0,1,1,1,0,1,0,0,0,Marketing Manager,Digital Marketer,Teacher
76,24,41,33,56,99,89,75,1,0,0,1,0,0,0,1,0,1,Lawyer,Graphic Designer,Teacher
88,55,89,34,24,32,88,25,1,0,1,1,1,1,1,0,1,0,Financial Analyst,Doctor,Data Scientist
48,20,34,63,97,39,22,36,1,0,1,1,1,0,1,0,1,1,UX/UI Designer,Marketing Manager,Architect
83,52,35,22,48,99,24,33,1,0,1,1,1,1,1,1,0,0,Psychologist,Software Developer,UX/UI Designer
50,96,73,69,85,59,32,78,1,0,0,1,0,0,0,1,0,1,Teacher,UX/UI Designer,Content Writer
61,98,79,95,39,49,69,30,1,1,1,1,1,0,1,1,1,1,Software Developer,Graphic Designer,Doctor
65,57,34,50,100,47,35,97,1,1,1,1,1,0,0,0,1,1,Mechanical Engineer,Architect,Lawyer
22,97,90,20,84,49,81,77,1,0,0,1,0,1,1,1,0,1,Lawyer,Doctor,Graphic Designer
70,91,100,35,94,55,63,62,0,0,0,1,0,1,1,1,1,0,Digital Marketer,Software Developer,Data Scientist
90,67,38,70,33,95,53,24,0,0,0,1,1,1,0,1,1,1,Civil Engineer,Content Writer,Digital Marketer
69,37,54,79,67,58,38,84,1,0,1,1,1,1,0,0,0,0,Data Scientist,Software Developer,Mechanical Engineer
99,86,35,33,33,91,37,89,1,0,0,0,0,0,0,0,0,1,Software Developer,Lawyer,UX/UI Designer
36,66,86,70,82,31,95,55,0,0,1,0,1,1,1,0,1,0,Doctor,Digital Marketer,Lawyer
22,37,20,86,68,28,84,35,1,0,0,0,1,0,1,0,0,0,Graphic Designer,Marketing Manager,Financial Analyst
67,96,35,70,21,70,35,92,0,1,1,1,1,0,1,0,0,1,Teacher,Financial Analyst,Psychologist
99,85,51,75,60,37,56,74,1,1,0,0,0,0,0,1,1,1,Graphic Designer,Teacher,Data Scientist
64,98,35,98,31,25,90,66,1,0,1,1,0,1,1,0,1,1,Data Scientist,Software Developer,Digital Marketer
51,31,99,90,55,49,95,69,1,0,1,1,0,0,1,1,1,0,Digital Marketer,Software Developer,Data Scientist
48,61,91,54,81,72,94,93,1,0,1,1,1,1,0,1,0,1,Architect,Marketing Manager,Financial Analyst
99,79,23,61,97,91,37,24,0,1,1,0,0,1,0,0,1,1,Lawyer,Graphic Designer,Architect
20,25,36,43,20,29,73,38,0,0,1,1,1,0,0,1,1,0,Mechanical Engineer,Doctor,Data Scientist
66,98,53,98,35,67,35,62,1,0,0,1,0,0,0,1,0,1,Civil Engineer,Content Writer,Teacher
67,67,76,50,32,50,26,59,0,0,1,0,0,0,0,1,1,1,Teacher,Civil Engineer,Doctor
71,30,88,52,33,67,63,33,1,0,1,1,1,0,1,0,0,0,Teacher,Architect,Software Developer
26,21,48,66,88,28,48,53,0,0,0,1,1,1,0,1,0,0,Marketing Manager,Civil Engineer,Financial Analyst
52,21,59,33,95,95,65,97,1,1,1,0,0,0,1,1,0,1,Marketing Manager,Psychologist,Financial Analyst
63,28,57,64,86,31,45,94,0,1,1,0,0,1,0,1,0,0,Financial Analyst,Architect,Digital Marketer
46,50,82,61,75,21,56,74,1,0,1,0,0,0,0,0,0,0,Doctor,Data Scientist,UX/UI Designer
52,67,20,68,96,42,63,91,0,1,0,0,0,0,1,1,0,0,Software Developer,Financial Analyst,Psychologist
93,23,72,66,98,40,28,70,0,1,1,1,1,0,1,0,1,0,Marketing Manager,Psychologist,Data Scientist
62,62,73,33,49,61,87,46,1,1,0,0,0,1,0,0,1,0,Content Writer,Teacher,Marketing Manager
92,77,52,54,71,62,40,49,1,0,0,0,0,1,1,0,0,1,Software Developer,Marketing Manager,Financial Analyst
88,73,54,33,33,55,88,21,0,0,0,1,0,0,1,0,0,0,Civil Engineer,Teacher,Doctor
21,46,95,65,77,45,96,63,0,1,0,1,0,0,1,1,0,0,Software Developer,Teacher,Marketing Manager
25,29,86,52,71,76,99,46,0,0,0,0,0,1,0,1,1,0,Content Writer,UX/UI Designer,Doctor
80,62,55,82,96,44,49,77,1,0,0,1,0,1,0,0,1,1,Software Developer,Architect,Data Scientist
24,37,26,76,46,62,46,78,1,0,0,1,1,0,1,0,0,0,UX/UI Designer,Graphic Designer,Software Developer
66,77,55,26,31,49,59,48,1,1,0,1,1,1,1,0,1,1,Civil Engineer,Doctor,Marketing Manager
81,45,67,53,100,36,68,77,1,0,0,0,0,0,0,0,0,1,Mechanical Engineer,Doctor,UX/UI Designer
23,73,77,98,65,98,24,46,0,1,1,1,0,0,1,0,1,0,Lawyer,Graphic Designer,Software Developer
94,89,91,63,76,83,93,22,1,1,1,1,1,0,0,0,0,1,Graphic Designer,Lawyer,Teacher
33,91,74,75,20,84,31,58,0,0,0,1,1,1,0,1,0,1,Digital Marketer,UX/UI Designer,Teacher
40,86,87,97,59,97,79,80,0,1,0,1,1,1,1,1,1,0,Civil Engineer,Architect,UX/UI Designer
66,48,48,47,36,41,35,85,0,0,1,1,1,0,1,1,1,0,Psychologist,Financial Analyst,Data Scientist
94,47,24,68,38,61,34,77,0,1,1,0,0,0,0,0,1,1,Teacher,Psychologist,Marketing Manager
76,46,70,23,28,30,97,42,0,0,1,1,0,0,0,1,1,0,Psychologist,Software Developer,Financial Analyst
80,47,28,83,93,62,60,75,0,1,1,1,0,0,0,0,0,0,Digital Marketer,Lawyer,Data Scientist
84,73,28,96,62,100,78,68,1,0,1,0,0,0,0,0,0,1,Content Writer,Doctor,Digital Marketer
50,51,50,46,84,23,82,26,1,0,0,1,0,1,1,0,1,1,Data Scientist,Psychologist,UX/UI Designer
76,48,73,52,49,87,87,32,0,1,1,0,0,1,0,1,1,1,Content Writer,Graphic Designer,UX/UI Designer
22,77,20,87,27,77,94,65,0,0,0,0,0,0,1,0,0,0,Content Writer,UX/UI Designer,Doctor
64,75,95,20,78,35,25,97,0,1,0,1,0,0,1,0,1,1,Financial Analyst,Architect,Marketing Manager
80,42,34,89,88,63,29,86,1,0,1,0,0,0,0,0,1,1,Architect,Financial Analyst,Teacher
90,30,89,62,57,24,42,38,1,1,0,0,0,0,1,0,0,1,Doctor,Marketing Manager,Architect
96,91,71,61,100,62,23,56,1,1,1,0,1,0,0,1,1,0,UX/UI Designer,Content Writer,Digital Marketer
99,46,55,85,88,97,65,70,1,1,1,1,1,0,0,0,0,0,Lawyer,Mechanical Engineer,UX/UI Designer
47,98,42,26,52,45,97,24,1,0,0,0,1,0,1,1,0,1,Digital Marketer,Doctor,Civil Engineer
77,32,27,88,72,58,89,93,1,0,1,0,1,0,1,0,1,1,Architect,Psychologist,Financial Analyst
28,62,34,100,90,89,47,82,1,1,0,1,1,0,1,0,0,0,UX/UI Designer,Digital Marketer,Mechanical Engineer
94,69,39,21,59,78,79,47,1,1,1,1,0,0,1,1,0,0,Financial Analyst,Teacher,Civil Engineer
49,48,46,34,21,75,71,32,0,0,1,1,0,0,0,1,0,1,Software Developer,UX/UI Designer,Marketing Manager
26,75,93,34,83,76,64,26,1,1,0,0,1,1,0,0,1,0,Graphic Designer,Digital Marketer,Lawyer
82,88,24,21,22,29,81,79,0,0,1,1,0,0,0,1,1,0,Financial Analyst,Doctor,Mechanical Engineer
46,60,38,69,53,69,30,74,0,0,0,1,1,1,1,0,0,0,Digital Marketer,Financial Analyst,Marketing Manager
87,49,77,75,90,55,59,67,1,0,0,0,0,0,0,0,0,1,Digital Marketer,Lawyer,UX/UI Designer
52,34,79,20,23,92,79,58,1,0,1,0,1,0,1,0,1,0,Mechanical Engineer,Architect,Software Developer
50,89,38,99,64,93,96,79,0,1,0,1,0,0,0,1,0,1,Doctor,Psychologist,Marketing Manager
92,78,78,46,57,88,26,24,0,0,1,0,1,0,1,0,0,0,Doctor,Mechanical Engineer,Content Writer
29,27,58,99,78,20,67,35,1,0,1,1,1,0,0,1,0,1,Financial Analyst,Psychologist,Architect
85,88,29,85,89,87,73,67,1,0,0,0,1,0,1,0,0,0,Software Developer,Data Scientist,Lawyer
53,72,38,87,98,39,66,45,1,1,0,0,0,1,1,1,0,1,Teacher,Architect,Graphic Designer
69,84,75,93,92,56,36,87,0,0,1,0,1,1,1,1,0,0,Financial Analyst,Doctor,Psychologist
46,65,29,32,55,40,58,57,0,0,0,0,0,1,0,0,1,1,Civil Engineer,Software Developer,UX/UI Designer
61,83,20,26,46,80,77,72,1,1,1,0,1,1,0,0,1,1,Mechanical Engineer,Doctor,Civil Engineer
56,47,32,45,83,76,65,41,0,0,0,1,1,1,0,1,1,1,Doctor,Marketing Manager,Content Writer
37,31,71,81,58,75,38,28,1,1,1,1,0,1,0,0,0,1,Content Writer,Architect,Mechanical Engineer
25,74,90,47,35,26,64,46,0,0,0,0,1,0,1,0,1,0,Architect,Psychologist,Lawyer
80,50,89,49,58,85,27,70,1,1,1,0,1,1,1,0,1,1,Graphic Designer,UX/UI Designer,Psychologist
27,67,99,79,31,47,98,87,0,1,0,1,1,1,1,1,1,1,Doctor,Civil Engineer,Financial Analyst
20,93,36,83,42,58,94,87,1,0,0,1,1,1,1,1,1,1,Digital Marketer,Lawyer,Software Developer
76,39,66,28,23,79,27,59,1,1,0,1,1,0,0,0,1,1,Software Developer,Lawyer,Civil Engineer
58,98,62,93,72,25,83,78,1,0,1,1,0,0,1,0,1,1,Software Developer,Architect,Lawyer
32,59,23,96,36,26,20,96,0,1,1,1,0,0,1,1,0,1,UX/UI Designer,Marketing Manager,Lawyer
71,80,46,29,64,76,54,57,0,1,1,1,1,0,0,1,0,1,Digital Marketer,Software Developer,Mechanical Engineer
85,30,88,86,75,27,68,25,0,1,1,1,0,0,1,1,0,0,UX/UI Designer,Marketing Manager,Financial Analyst
99,82,53,20,85,73,83,44,0,1,0,1,1,1,1,0,0,1,UX/UI Designer,Content Writer,Teacher
37,79,46,30,30,48,57,59,0,1,0,0,0,0,1,1,0,0,Lawyer,Mechanical Engineer,UX/UI Designer
47,26,54,91,95,58,43,33,0,1,0,0,0,1,1,0,1,0,Architect,Mechanical Engineer,Teacher
65,32,45,97,49,49,24,41,1,0,1,1,1,1,0,1,1,1,Civil Engineer,Financial Analyst,Content Writer
98,51,54,27,44,70,38,25,0,0,0,1,0,1,1,1,0,1,Content Writer,Architect,Marketing Manager
76,75,31,66,83,36,52,81,1,0,0,1,0,1,0,0,0,1,Teacher,Financial Analyst,Graphic Designer
95,33,25,82,45,89,20,51,1,1,1,1,1,1,0,0,1,0,Software Developer,Data Scientist,Content Writer
64,63,55,93,24,92,46,35,0,1,1,0,0,1,0,0,1,1,Data Scientist,Graphic Designer,Mechanical Engineer
91,40,33,45,82,25,45,32,0,1,1,0,0,1,1,0,1,0,Architect,UX/UI Designer,Graphic Designer
40,78,54,36,77,51,70,36,0,0,0,0,1,0,0,0,1,0,Architect,Data Scientist,Psychologist
91,41,40,22,75,66,68,34,1,1,0,1,1,1,0,0,0,1,Digital Marketer,Marketing Manager,Data Scientist
21,85,64,55,60,33,29,62,1,1,0,0,0,1,1,0,0,1,Civil Engineer,Graphic Designer,Lawyer
45,39,32,47,61,69,83,38,0,1,1,0,0,0,0,0,1,1,Financial Analyst,Mechanical Engineer,Marketing Manager
39,81,84,66,66,80,66,36,1,0,0,1,1,1,0,1,0,1,Civil Engineer,Digital Marketer,UX/UI Designer
64,68,61,68,31,57,74,28,1,0,0,0,1,1,0,0,1,0,Lawyer,Content Writer,Marketing Manager
20,85,32,51,61,70,77,24,0,1,1,1,0,0,0,0,1,1,Data Scientist,Software Developer,Civil Engineer
78,41,30,75,85,45,89,67,1,1,0,1,0,1,1,0,0,0,Data Scientist,Graphic Designer,Marketing Manager
54,34,52,91,86,87,76,76,0,0,1,1,1,1,0,1,0,0,Doctor,Lawyer,Civil Engineer
96,46,88,68,69,38,77,98,0,1,1,1,1,0,0,1,1,1,Digital Marketer,Mechanical Engineer,Civil Engineer
40,34,81,20,87,23,80,72,0,1,1,0,1,1,1,1,1,0,Data Scientist,Architect,Civil Engineer
84,40,80,90,30,50,62,99,0,1,0,1,1,1,0,1,1,0,Data Scientist,Graphic Designer,Mechanical Engineer
50,20,62,78,87,62,95,64,1,0,0,0,0,1,1,0,0,0,Digital Marketer,Graphic Designer,UX/UI Designer
76,28,73,63,45,69,43,51,1,0,1,0,0,1,0,0,1,1,Content Writer,UX/UI Designer,Data Scientist
54,61,34,61,69,71,33,100,1,0,1,1,1,1,1,0,1,1,Data Scientist,UX/UI Designer,Teacher
82,84,50,27,30,24,94,24,0,1,0,1,0,1,1,1,0,0,Teacher,Lawyer,Mechanical Engineer
52,32,74,40,32,72,88,26,1,0,0,1,0,0,0,0,0,1,Architect,Digital Marketer,Psychologist
39,98,58,65,63,47,40,33,0,0,1,0,1,1,1,1,1,1,Teacher,Civil Engineer,Content Writer
32,35,36,76,92,40,70,92,1,0,1,0,1,0,1,0,0,0,Doctor,Financial Analyst,UX/UI Designer
58,41,87,35,27,72,27,86,0,0,0,1,0,1,1,1,0,1,Civil Engineer,UX/UI Designer,Marketing Manager
65,61,29,91,57,21,57,40,1,0,0,1,0,1,1,1,1,1,Marketing Manager,Mechanical Engineer,UX/UI Designer
98,51,99,33,75,42,37,89,1,0,1,1,1,1,1,1,0,1,Financial Analyst,Digital Marketer,Civil Engineer
79,97,90,97,62,92,35,22,0,0,0,0,1,0,1,1,1,1,Lawyer,Software Developer,Psychologist
22,39,56,33,80,70,25,28,0,0,0,0,0,0,1,1,1,1,Lawyer,Marketing Manager,Mechanical Engineer
74,65,92,26,43,28,62,37,1,0,0,0,1,1,0,0,0,0,Marketing Manager,UX/UI Designer,Psychologist
87,99,49,79,87,97,78,81,1,0,0,0,1,1,0,1,1,0,Mechanical Engineer,Teacher,Doctor
43,81,59,75,36,88,98,59,1,1,0,0,0,1,0,0,1,0,Doctor,Lawyer,Architect
91,22,87,82,49,52,27,44,1,0,0,1,1,0,0,0,1,0,Doctor,Psychologist,Content Writer
91,77,77,78,32,52,62,24,1,0,1,0,1,0,0,0,0,1,Teacher,Financial Analyst,Software Developer
60,41,32,35,39,32,39,64,0,1,0,1,1,1,1,1,1,1,Data Scientist,Architect,Doctor
59,31,73,100,22,68,43,30,0,1,1,0,0,0,1,0,1,1,Civil Engineer,Lawyer,Marketing Manager
61,25,43,29,47,37,36,88,1,0,1,1,1,1,1,0,0,0,Content Writer,UX/UI Designer,Doctor
60,82,27,41,46,61,89,65,1,1,0,0,1,0,1,0,1,1,Teacher,Content Writer,Marketing Manager
96,79,91,51,67,59,51,30,1,0,1,0,1,1,1,1,1,0,Mechanical Engineer,Doctor,Graphic Designer
32,24,34,90,40,86,39,81,0,1,1,1,1,0,0,0,0,1,Teacher,Architect,Content Writer
21,93,38,31,94,33,41,49,0,0,0,1,0,1,1,0,1,1,Financial Analyst,Teacher,Digital Marketer
79,67,34,92,95,51,95,83,0,1,1,1,1,1,1,1,0,1,Lawyer,Teacher,Mechanical Engineer
22,43,53,68,72,31,39,40,0,0,1,0,1,0,0,1,0,0,Civil Engineer,Data Scientist,Psychologist
50,57,83,21,21,28,96,53,1,0,1,1,0,0,0,1,1,0,Teacher,Software Developer,Mechanical Engineer
45,69,89,44,95,68,44,54,0,1,0,1,1,1,1,1,0,1,Financial Analyst,Doctor,Data Scientist
86,80,24,47,50,69,36,58,0,0,1,1,0,1,0,0,0,0,Digital Marketer,Lawyer,Doctor
63,78,69,89,66,27,74,48,1,1,1,1,0,0,1,1,1,1,UX/UI Designer,Psychologist,Teacher
41,38,50,96,95,82,63,42,1,0,1,0,1,1,1,1,1,0,Financial Analyst,Lawyer,Psychologist
25,58,28,93,78,37,30,78,1,0,0,1,0,0,1,1,1,1,Architect,Digital Marketer,Data Scientist
32,73,64,52,50,23,85,64,0,1,0,0,0,1,0,0,0,0,Content Writer,Software Developer,Digital Marketer
48,66,68,49,100,99,91,41,1,1,0,0,0,1,0,1,1,1,Financial Analyst,Psychologist,Doctor
93,78,85,86,92,30,73,71,0,1,0,0,0,0,0,1,0,1,Financial Analyst,Marketing Manager,Lawyer
28,59,23,69,46,98,80,71,0,0,0,1,0,1,0,0,0,0,Financial Analyst,Mechanical Engineer,Graphic Designer
88,56,84,93,38,99,53,43,0,0,1,1,1,1,0,1,1,1,Digital Marketer,Marketing Manager,Content Writer
60,92,30,99,21,37,43,56,0,0,1,1,1,0,0,0,1,1,Financial Analyst,Teacher,Doctor
33,85,64,99,64,55,93,87,0,0,1,0,1,1,1,0,0,1,Digital Marketer,Graphic Designer,Architect
25,90,35,32,47,54,59,58,0,0,0,0,0,1,1,0,0,0,Marketing Manager,Teacher,Content Writer
86,38,55,64,97,72,45,66,0,0,0,0,0,0,0,0,0,1,Software Developer,Teacher,Data Scientist
28,35,32,25,84,93,61,51,0,0,0,0,1,0,1,0,1,0,Software Developer,Digital Marketer,Financial Analyst
25,85,35,37,71,86,86,63,1,0,1,0,0,0,0,1,0,0,Architect,Civil Engineer,Lawyer
88,42,66,85,82,96,65,38,0,1,0,0,1,1,0,1,1,1,Civil Engineer,Mechanical Engineer,Doctor
68,78,43,95,80,80,81,92,0,0,1,1,1,1,1,1,1,1,Architect,Mechanical Engineer,Teacher
79,80,97,87,56,96,72,31,0,0,0,0,1,0,1,1,0,0,Financial Analyst,Marketing Manager,Doctor
20,63,39,33,24,50,97,62,0,1,0,0,1,0,0,1,0,1,Architect,Teacher,Digital Marketer
45,93,48,39,53,85,90,86,0,0,1,1,1,0,1,0,0,1,Graphic Designer,Architect,Financial Analyst
30,96,49,91,99,69,41,48,1,0,1,1,0,1,1,0,0,1,Software Developer,Content Writer,Digital Marketer
61,58,81,75,43,31,84,46,0,0,0,1,1,0,1,1,1,1,Marketing Manager,Lawyer,Data Scientist
61,75,65,99,100,26,55,56,0,0,0,0,1,1,0,0,1,1,Lawyer,Civil Engineer,Marketing Manager
22,52,57,98,66,37,75,76,0,0,0,0,1,1,1,1,1,1,Architect,UX/UI Designer,Lawyer
29,72,39,77,79,57,29,76,0,0,0,0,1,1,0,1,0,1,Mechanical Engineer,Data Scientist,Teacher
84,30,97,58,74,47,54,83,0,0,1,1,1,1,0,0,1,1,Architect,Doctor,Data Scientist
20,53,46,34,20,90,47,40,0,0,1,1,1,1,0,1,1,1,Digital Marketer,Doctor,Content Writer
85,43,77,48,99,23,93,86,0,0,0,1,0,1,0,0,1,0,Doctor,Data Scientist,Psychologist
61,28,97,97,73,34,56,40,1,1,0,0,1,1,1,1,1,1,Software Developer,Marketing Manager,Lawyer
86,66,37,69,31,75,24,48,0,0,1,1,0,0,1,1,0,1,Digital Marketer,Data Scientist,Civil Engineer
85,33,49,31,21,21,71,48,0,0,0,1,0,0,0,0,1,1,Data Scientist,Lawyer,Doctor
58,55,47,68,52,33,63,28,0,0,1,0,1,0,1,0,1,1,Graphic Designer,Architect,Teacher
84,85,71,95,37,79,97,72,0,0,0,0,0,1,0,1,1,1,Doctor,Mechanical Engineer,Financial Analyst
72,65,60,92,57,88,61,48,0,1,0,1,0,1,0,1,0,1,Software Developer,Data Scientist,Digital Marketer
100,57,88,82,38,92,22,99,0,0,0,1,0,1,1,0,1,1,Software Developer,Content Writer,Mechanical Engineer
51,36,55,55,94,26,42,22,1,0,0,0,1,1,0,0,1,1,Marketing Manager,Content Writer,Teacher
34,90,63,72,20,93,36,22,1,1,1,0,1,0,0,0,0,1,Doctor,Digital Marketer,Lawyer
94,87,49,57,49,75,73,72,1,0,1,0,1,1,0,0,1,0,UX/UI Designer,Graphic Designer,Software Developer
84,95,55,95,78,93,60,27,1,1,1,1,0,1,1,0,1,0,Mechanical Engineer,Financial Analyst,Content Writer
24,83,35,87,66,78,31,96,1,0,1,1,1,0,0,1,1,0,Mechanical Engineer,Teacher,Psychologist
39,39,84,23,52,86,47,74,1,0,0,1,1,1,0,0,1,0,Lawyer,Data Scientist,Teacher
89,74,33,94,32,47,71,65,1,0,1,0,0,1,1,0,0,1,Mechanical Engineer,Architect,Digital Marketer
33,46,77,79,50,77,86,82,0,1,0,1,1,0,0,0,1,0,Mechanical Engineer,Software Developer,Lawyer
50,65,98,20,34,23,59,63,0,0,0,0,1,1,0,1,0,0,Financial Analyst,Psychologist,Marketing Manager
66,65,69,44,92,45,67,72,0,0,1,1,0,0,1,1,1,0,Digital Marketer,Content Writer,Teacher
26,37,77,93,78,52,42,94,1,0,1,0,1,1,0,1,1,0,Civil Engineer,Software Developer,Lawyer
91,57,30,74,82,70,23,85,0,0,1,1,1,1,0,0,0,0,Lawyer,Software Developer,Civil Engineer
32,92,41,57,44,30,73,83,1,1,1,0,1,0,1,1,0,1,Civil Engineer,Doctor,Architect
87,94,78,42,71,84,72,95,1,1,1,0,0,1,1,0,1,0,Marketing Manager,Civil Engineer,Digital Marketer
98,51,59,40,94,81,89,33,0,1,0,1,0,0,0,0,1,1,UX/UI Designer,Psychologist,Civil Engineer
48,74,82,20,49,80,60,33,0,0,0,1,0,1,1,0,1,0,UX/UI Designer,Data Scientist,Lawyer
88,77,71,85,72,34,85,73,1,0,0,0,0,0,1,0,0,1,Marketing Manager,UX/UI Designer,Lawyer
38,61,47,80,58,30,92,78,1,1,0,0,1,1,0,0,1,1,Architect,UX/UI Designer,Content Writer
35,60,35,27,21,60,98,95,1,1,1,1,0,0,1,1,1,0,Data Scientist,Psychologist,Content Writer
48,48,59,63,43,32,88,55,0,0,1,0,1,1,0,1,0,0,Teacher,Content Writer,Architect
40,63,52,55,83,67,52,92,0,1,1,1,0,1,0,0,1,1,Data Scientist,Mechanical Engineer,Financial Analyst
61,83,54,29,84,58,58,56,1,0,1,1,0,0,1,0,1,1,Teacher,Software Developer,Digital Marketer
65,20,96,65,48,67,72,29,1,1,1,0,1,0,0,1,1,1,Digital Marketer,Mechanical Engineer,UX/UI Designer
65,46,81,32,26,71,98,48,1,0,1,1,1,0,1,0,0,1,Doctor,UX/UI Designer,Architect
76,75,66,33,38,58,49,40,1,1,0,0,1,0,1,1,0,0,Software Developer,Teacher,Data Scientist
93,90,97,35,77,69,77,95,1,0,0,0,0,0,1,1,0,0,Financial Analyst,Mechanical Engineer,Digital Marketer
98,20,36,23,80,38,58,40,0,0,0,1,1,0,0,0,0,0,Doctor,Data Scientist,Graphic Designer
90,47,36,100,23,82,20,97,1,1,1,1,0,1,1,0,1,1,Psychologist,Content Writer,Marketing Manager
66,61,91,36,28,97,28,65,1,0,1,0,1,1,0,1,0,1,Financial Analyst,Marketing Manager,Content Writer
95,94,38,80,91,73,72,78,0,1,1,0,0,1,1,1,1,1,Mechanical Engineer,Digital Marketer,Financial Analyst
53,47,90,52,56,22,65,68,0,0,0,0,0,1,0,1,1,1,Marketing Manager,Financial Analyst,UX/UI Designer
78,33,35,55,68,43,45,48,0,0,1,1,1,1,0,0,1,1,Graphic Designer,Lawyer,Teacher
21,72,91,51,90,44,21,88,0,0,0,1,1,0,1,0,0,0,Architect,Teacher,UX/UI Designer
100,20,100,71,72,48,52,31,1,0,0,1,1,1,1,0,0,0,Psychologist,Teacher,Civil Engineer
97,64,66,45,56,72,27,26,1,0,1,0,1,0,0,1,1,1,Financial Analyst,Civil Engineer,Psychologist
51,71,83,23,22,27,50,85,0,0,1,0,0,1,1,0,1,0,UX/UI Designer,Civil Engineer,Mechanical Engineer
50,85,83,24,56,79,79,92,0,1,1,0,0,1,0,0,0,1,Lawyer,Content Writer,Architect
54,57,71,54,48,60,25,47,0,0,0,0,1,1,0,0,0,1,Software Developer,Digital Marketer,Civil Engineer
52,78,29,38,83,53,80,69,0,1,0,0,1,0,1,1,0,0,Financial Analyst,Lawyer,Graphic Designer
30,35,57,52,85,57,48,76,0,0,0,0,0,0,0,1,0,1,Teacher,UX/UI Designer,Graphic Designer
42,69,31,63,44,21,26,45,1,1,0,0,1,0,1,0,0,0,Lawyer,UX/UI Designer,Digital Marketer
27,75,34,41,63,34,53,29,0,0,1,1,0,1,0,1,0,0,Architect,Psychologist,Digital Marketer
47,90,45,53,67,86,20,96,1,1,1,1,1,1,1,1,0,1,Data Scientist,Teacher,Architect
36,81,57,87,59,51,96,42,0,0,0,0,1,0,0,0,1,0,Doctor,Psychologist,Architect
40,31,80,20,99,70,44,85,1,0,0,0,0,1,0,0,0,1,Lawyer,Data Scientist,UX/UI Designer
84,28,23,29,65,99,28,27,0,1,0,1,0,1,1,1,1,1,Financial Analyst,Digital Marketer,Mechanical Engineer
33,45,94,66,81,51,84,39,1,1,0,1,1,0,1,0,1,1,UX/UI Designer,Architect,Psychologist
53,62,82,30,100,35,77,46,1,0,0,1,0,0,1,1,0,0,Financial Analyst,Teacher,Doctor
88,24,60,89,57,61,65,91,1,0,0,1,0,1,0,1,1,0,Doctor,Mechanical Engineer,Civil Engineer
91,43,60,93,59,100,45,31,0,0,0,0,1,1,1,1,0,1,Software Developer,Financial Analyst,Mechanical Engineer
46,90,61,80,25,44,37,81,1,0,1,0,0,1,1,1,0,1,Data Scientist,Architect,Financial Analyst
22,57,20,26,48,68,34,93,0,0,0,0,0,0,1,1,1,1,Content Writer,Psychologist,Graphic Designer
63,91,21,84,55,50,43,37,1,1,0,1,1,1,0,0,1,0,Data Scientist,Marketing Manager,Psychologist
70,49,87,36,63,65,37,70,1,1,1,1,0,0,0,1,1,0,Financial Analyst,Content Writer,Graphic Designer
40,89,42,81,55,86,51,53,1,1,0,0,0,0,1,1,1,1,Teacher,Mechanical Engineer,Doctor
88,87,27,74,86,77,38,66,1,1,0,1,1,0,1,1,0,1,Mechanical Engineer,Content Writer,Civil Engineer
93,89,83,38,85,56,33,81,1,1,0,1,0,1,0,1,0,1,Content Writer,Psychologist,Digital Marketer
96,83,76,68,74,92,47,85,1,1,0,1,0,1,1,1,1,0,Lawyer,Mechanical Engineer,Software Developer
69,34,85,76,24,92,29,47,0,1,1,0,0,1,1,0,0,0,Software Developer,Doctor,Psychologist
66,28,49,94,61,21,76,100,0,1,1,1,0,1,0,1,1,0,Software Developer,Architect,Civil Engineer
23,51,74,62,31,87,90,89,1,1,1,0,1,0,0,1,1,1,Content Writer,Civil Engineer,Psychologist
92,90,95,50,76,30,50,65,1,1,0,1,0,1,0,1,1,0,Digital Marketer,Psychologist,Financial Analyst
51,27,94,45,42,95,32,75,0,0,1,0,1,1,0,0,1,0,UX/UI Designer,Mechanical Engineer,Doctor
22,62,75,26,51,51,40,48,0,1,0,1,0,1,0,0,1,0,Civil Engineer,Financial Analyst,UX/UI Designer
69,84,77,45,50,75,33,23,1,1,0,0,0,0,1,1,1,0,Software Developer,Financial Analyst,Psychologist
86,31,44,31,98,81,94,68,1,1,0,1,1,1,0,1,0,1,Psychologist,Mechanical Engineer,Doctor
85,21,62,85,73,80,60,33,1,1,0,1,0,0,1,0,1,1,Architect,Content Writer,Mechanical Engineer
80,87,46,76,20,23,59,91,1,1,0,1,1,0,0,0,1,0,Marketing Manager,Content Writer,Doctor
97,76,93,23,93,28,66,39,1,0,1,1,1,0,0,1,0,1,Civil Engineer,UX/UI Designer,Lawyer
42,62,43,52,35,37,40,91,0,0,1,1,0,1,0,0,0,0,Teacher,Lawyer,Mechanical Engineer
81,59,55,37,55,88,100,57,0,0,1,0,0,0,0,0,1,0,Doctor,Data Scientist,UX/UI Designer
26,87,74,32,98,88,29,46,1,0,0,1,1,0,1,0,0,0,Teacher,Graphic Designer,Content Writer
33,33,95,20,60,30,94,53,0,1,1,1,0,1,1,1,1,0,Psychologist,Doctor,Mechanical Engineer
74,91,57,87,29,52,75,71,1,0,0,1,1,0,1,1,0,0,Teacher,Graphic Designer,Digital Marketer
81,52,95,45,46,47,92,33,1,0,0,1,0,1,1,1,1,1,Lawyer,Psychologist,Content Writer
85,80,99,76,94,87,69,29,1,1,1,0,1,1,0,0,1,0,Data Scientist,Financial Analyst,Psychologist
21,77,33,88,37,64,43,53,1,0,0,0,1,1,0,1,1,1,Marketing Manager,Architect,Digital Marketer
36,77,79,97,33,57,21,60,0,1,1,1,0,0,1,1,1,0,Civil Engineer,Marketing Manager,Software Developer
37,24,69,94,57,44,86,53,1,1,1,1,0,0,1,1,0,0,Teacher,UX/UI Designer,Lawyer
95,54,81,95,45,87,38,92,0,0,1,1,1,1,1,1,0,0,Civil Engineer,Psychologist,Doctor
37,77,49,72,46,95,78,64,1,0,0,1,1,0,0,0,1,0,Teacher,Graphic Designer,Lawyer
62,79,82,68,66,73,63,39,1,0,0,1,1,1,0,0,0,0,UX/UI Designer,Psychologist,Graphic Designer
51,94,98,52,55,62,43,23,0,0,0,0,0,0,1,0,0,1,Content Writer,Architect,Psychologist
40,45,29,22,99,80,48,59,0,1,1,0,0,1,0,0,1,1,Graphic Designer,Lawyer,Content Writer
69,64,99,70,92,33,62,63,1,0,0,1,0,1,1,1,0,0,Teacher,Software Developer,Financial Analyst
28,32,47,63,92,69,49,81,0,0,1,0,0,0,1,1,1,1,Digital Marketer,Content Writer,Lawyer
53,45,75,64,37,100,55,82,1,0,0,1,0,0,0,1,1,1,Doctor,Architect,Lawyer
82,81,66,30,81,33,39,96,0,0,1,0,0,1,1,1,1,1,Lawyer,Marketing Manager,Financial Analyst
35,24,77,68,77,25,39,63,0,1,0,1,0,0,0,1,0,1,Psychologist,Software Developer,Lawyer
49,33,37,51,91,89,79,46,0,1,0,1,1,0,0,0,1,1,Doctor,Graphic Designer,Architect
98,46,66,66,20,45,91,73,1,0,1,1,1,0,0,1,1,0,Software Developer,Doctor,Civil Engineer
48,37,96,100,77,76,51,99,1,0,0,1,1,0,1,1,1,0,Digital Marketer,UX/UI Designer,Content Writer
36,22,32,49,46,86,42,79,1,1,1,0,1,0,0,1,1,1,Graphic Designer,Lawyer,Mechanical Engineer
56,86,39,30,22,55,61,96,1,0,0,0,0,1,0,0,1,1,Civil Engineer,Software Developer,Digital Marketer
97,77,48,26,86,99,45,99,0,1,0,1,1,1,0,0,1,0,Content Writer,Graphic Designer,Marketing Manager
88,70,29,99,89,82,95,49,0,0,0,1,0,1,0,0,0,0,Content Writer,Lawyer,Doctor
45,27,26,75,23,94,52,79,1,0,0,1,1,0,0,0,1,0,Psychologist,Architect,Software Developer
54,25,26,60,56,71,26,62,0,0,1,1,1,1,1,1,0,0,Software Developer,Lawyer,Mechanical Engineer
50,49,81,89,62,29,100,78,0,1,0,0,0,0,0,1,0,0,Lawyer,Teacher,Doctor
57,47,97,96,46,49,83,22,0,1,0,0,1,0,0,0,0,0,Psychologist,Graphic Designer,Software Developer
89,62,51,45,74,26,25,24,1,0,1,0,1,1,1,0,1,1,Teacher,Financial Analyst,Psychologist
41,32,74,88,79,62,44,37,0,1,1,0,0,0,1,1,0,0,Data Scientist,Graphic Designer,Software Developer
58,77,27,74,73,54,46,64,0,0,1,1,1,1,1,0,1,1,Data Scientist,Financial Analyst,Civil Engineer
79,49,74,32,98,69,99,36,0,0,0,0,0,1,0,1,1,1,Financial Analyst,Doctor,Graphic Designer
44,36,86,24,51,84,49,73,0,0,0,0,0,0,0,1,1,0,UX/UI Designer,Software Developer,Architect
46,89,99,87,38,65,47,92,0,0,1,0,1,0,1,0,0,0,Psychologist,Teacher,Content Writer
36,83,55,31,85,42,41,34,0,1,0,1,1,0,0,0,1,1,Graphic Designer,Data Scientist,UX/UI Designer
89,44,67,36,63,21,68,82,0,1,1,0,1,1,0,1,0,0,Mechanical Engineer,Data Scientist,UX/UI Designer
64,84,91,64,84,44,85,72,0,1,1,0,0,1,0,0,1,1,Doctor,Civil Engineer,Software Developer
64,42,38,66,94,49,29,42,0,1,0,0,0,1,0,1,0,0,Digital Marketer,Architect,Teacher
96,74,71,88,92,96,89,21,0,1,0,0,1,0,0,0,0,0,Graphic Designer,Teacher,Digital Marketer
30,84,76,60,61,54,29,23,0,1,1,1,1,1,1,0,1,1,Marketing Manager,Lawyer,UX/UI Designer
83,60,71,69,26,59,65,69,1,1,0,1,0,0,0,0,0,1,Digital Marketer,Doctor,Software Developer
27,96,26,70,21,98,84,98,0,0,0,1,1,0,0,1,0,1,Mechanical Engineer,Financial Analyst,Teacher
85,70,43,54,61,26,26,86,1,0,0,1,0,0,0,1,0,1,Digital Marketer,Marketing Manager,Lawyer
39,54,25,88,63,93,46,43,1,1,1,1,0,1,1,0,1,0,Doctor,Civil Engineer,Mechanical Engineer
95,58,39,49,50,77,64,98,0,0,0,0,0,0,1,0,0,0,Software Developer,Civil Engineer,Data Scientist
81,26,56,40,98,43,67,32,0,1,0,1,1,1,1,0,1,1,Psychologist,Digital Marketer,Software Developer
22,37,99,48,65,38,61,89,0,1,1,0,0,0,0,0,0,1,Psychologist,Mechanical Engineer,Financial Analyst
94,52,52,79,98,70,21,31,1,0,0,1,0,0,1,1,1,1,Content Writer,Financial Analyst,UX/UI Designer
74,85,65,79,61,26,26,82,1,1,1,1,1,1,1,0,0,0,Software Developer,Doctor,Architect
66,81,40,39,47,78,47,39,1,0,1,1,0,0,0,1,0,1,Data Scientist,Software Developer,Architect
70,91,41,59,32,65,53,42,0,1,1,0,0,0,0,0,0,1,Mechanical Engineer,Data Scientist,Psychologist
86,31,36,77,43,98,29,66,0,0,1,1,0,0,0,0,0,0,Content Writer,Architect,Digital Marketer
48,42,37,73,71,81,40,56,1,1,0,1,0,0,0,0,1,1,Content Writer,Graphic Designer,Digital Marketer
70,77,98,43,62,49,73,20,1,1,0,0,0,1,0,0,0,1,Content Writer,UX/UI Designer,Software Developer
32,51,92,22,64,59,71,87,1,0,1,1,1,0,0,1,1,1,Digital Marketer,UX/UI Designer,Data Scientist
42,59,99,89,42,39,45,64,1,0,1,1,1,0,1,1,1,0,Lawyer,Doctor,Content Writer
92,79,63,97,58,77,66,94,1,0,0,0,1,1,0,1,0,0,Teacher,Content Writer,UX/UI Designer
79,46,65,63,30,42,66,26,1,0,0,0,0,0,1,0,0,1,Data Scientist,Content Writer,Doctor
96,79,59,59,29,43,58,80,1,0,1,0,0,1,1,0,1,0,Software Developer,Content Writer,Doctor
40,51,88,97,71,83,88,28,0,0,1,1,0,1,1,0,1,0,Psychologist,Content Writer,UX/UI Designer
22,70,51,38,31,35,92,40,1,0,1,1,1,0,0,1,0,0,Financial Analyst,Doctor,Marketing Manager
76,71,86,32,41,29,51,48,1,0,0,0,1,1,1,1,1,0,Graphic Designer,Marketing Manager,Psychologist
48,37,69,70,24,41,80,86,0,0,0,0,0,1,0,1,1,1,Psychologist,Civil Engineer,Architect
52,55,40,30,78,94,86,49,0,1,0,1,0,0,0,1,1,1,Content Writer,Architect,Teacher
63,63,47,71,42,26,56,88,1,0,1,1,0,0,1,0,1,1,Digital Marketer,Content Writer,Lawyer
65,48,77,56,25,42,35,50,1,1,1,1,1,1,1,0,1,1,Software Developer,Architect,Psychologist
51,77,39,52,70,92,60,56,0,1,0,0,1,1,0,0,0,0,Psychologist,Teacher,Digital Marketer
32,99,88,68,54,86,88,79,1,1,0,0,1,1,0,1,0,0,Digital Marketer,Lawyer,Financial Analyst
82,81,49,67,34,71,99,38,1,0,0,1,0,1,0,0,0,1,Mechanical Engineer,Financial Analyst,Software Developer
97,45,42,90,22,96,91,73,0,0,0,0,0,1,0,0,1,1,Graphic Designer,Psychologist,Doctor
59,20,65,66,88,25,96,95,1,1,1,0,0,0,1,1,1,0,Doctor,Mechanical Engineer,Financial Analyst
48,32,90,21,61,31,62,44,1,0,0,1,1,1,1,1,1,0,Doctor,Content Writer,Lawyer
50,90,40,70,67,73,31,35,0,1,0,1,1,0,1,1,1,1,Digital Marketer,Graphic Designer,Software Developer
82,65,84,39,40,82,91,56,1,1,1,0,1,1,1,0,0,0,UX/UI Designer,Teacher,Doctor
78,31,62,68,59,33,53,40,1,0,0,1,1,0,1,0,1,0,Doctor,Graphic Designer,Mechanical Engineer
71,50,54,61,24,53,58,20,0,0,1,1,0,1,0,1,0,0,Lawyer,Digital Marketer,Psychologist
53,66,56,21,93,55,44,46,1,0,0,0,0,1,1,0,1,0,Mechanical Engineer,Psychologist,Software Developer
80,44,90,50,80,77,34,21,0,0,1,1,1,0,0,1,0,0,Architect,Teacher,Software Developer
33,80,88,40,93,69,43,96,1,0,0,1,1,1,1,0,0,0,Financial Analyst,Architect,Graphic Designer
89,72,60,54,40,67,77,96,0,1,1,0,1,1,0,0,0,0,Mechanical Engineer,Lawyer,UX/UI Designer
44,87,50,25,90,57,74,68,1,1,0,1,1,0,1,0,0,0,Teacher,Mechanical Engineer,Content Writer
96,87,100,39,34,80,73,87,1,1,0,1,0,1,0,0,0,0,Marketing Manager,Financial Analyst,Architect
32,61,80,25,94,47,32,93,1,0,0,1,1,1,0,1,0,1,UX/UI Designer,Data Scientist,Lawyer
29,52,21,40,33,86,25,95,1,1,1,1,1,0,1,0,0,1,Lawyer,Teacher,Doctor
34,97,56,25,40,58,66,35,0,0,1,1,0,0,1,1,0,0,Software Developer,Civil Engineer,Digital Marketer
60,42,64,73,71,71,82,45,0,0,0,0,1,1,1,1,1,0,Civil Engineer,Content Writer,UX/UI Designer
33,42,68,40,20,69,46,27,1,0,1,0,1,1,1,0,0,0,Graphic Designer,Mechanical Engineer,Architect
50,43,35,69,76,76,35,41,1,1,0,1,1,0,1,0,0,0,Graphic Designer,UX/UI Designer,Psychologist
57,23,79,81,90,21,79,27,0,0,1,1,1,0,0,0,1,0,Data Scientist,UX/UI Designer,Civil Engineer
72,20,94,73,71,28,41,60,0,0,1,0,0,1,0,0,0,1,Doctor,UX/UI Designer,Data Scientist
45,39,74,89,86,100,90,100,1,1,0,0,1,1,1,0,0,1,Civil Engineer,Financial Analyst,Marketing Manager
52,45,32,40,50,49,71,96,0,1,0,1,1,0,1,0,1,0,Software Developer,UX/UI Designer,Graphic Designer
39,61,29,55,53,44,93,83,1,0,0,0,0,1,1,0,1,1,UX/UI Designer,Content Writer,Digital Marketer
90,58,41,99,43,67,92,43,1,0,0,1,1,0,1,0,1,0,Financial Analyst,Psychologist,Marketing Manager
93,76,29,92,70,58,87,40,1,1,1,1,0,1,0,0,1,1,Lawyer,Financial Analyst,Digital Marketer
34,34,41,42,29,25,96,34,0,1,0,0,0,0,1,0,0,1,UX/UI Designer,Doctor,Content Writer
59,58,22,69,72,85,29,78,0,0,0,0,0,0,1,0,0,1,Lawyer,Psychologist,Mechanical Engineer
76,32,28,76,70,44,38,38,0,0,1,0,1,0,1,1,1,0,Graphic Designer,Mechanical Engineer,Marketing Manager
83,78,28,59,78,90,74,64,1,0,0,0,1,0,1,0,1,0,Teacher,Doctor,Architect
61,73,51,77,86,43,98,41,1,1,1,1,0,0,1,1,1,0,Architect,Teacher,Digital Marketer
99,94,97,81,85,39,80,56,1,1,1,1,0,0,0,0,1,1,Content Writer,Software Developer,Marketing Manager
99,43,36,24,29,35,51,30,0,1,0,1,1,0,1,1,0,0,Software Developer,Content Writer,Architect
90,82,53,61,88,60,93,42,1,0,1,1,1,0,0,1,1,1,Mechanical Engineer,Architect,Data Scientist
62,34,63,69,94,52,50,54,0,0,0,1,1,1,0,0,1,0,Doctor,Teacher,Marketing Manager
35,47,24,51,71,84,66,44,0,0,0,0,0,0,1,0,1,0,Digital Marketer,Content Writer,Psychologist
46,33,70,91,35,54,96,41,1,0,0,0,0,0,0,0,0,0,Architect,Psychologist,Civil Engineer
84,72,34,28,43,81,62,38,1,0,0,1,1,0,1,0,0,0,Software Developer,Data Scientist,Psychologist
70,63,95,54,99,90,70,24,1,1,1,0,1,1,0,1,0,1,Mechanical Engineer,Psychologist,Digital Marketer
82,86,47,56,75,32,84,89,1,0,1,0,1,0,0,0,1,0,Doctor,Digital Marketer,Marketing Manager
74,97,97,45,73,72,87,74,0,0,0,1,1,0,0,1,1,0,Data Scientist,Doctor,Financial Analyst
70,69,25,74,65,26,95,57,0,0,1,1,0,0,1,1,0,1,Architect,Digital Marketer,Doctor
69,30,55,57,93,89,66,91,0,1,0,0,0,0,1,1,0,1,Software Developer,Civil Engineer,Content Writer
33,71,82,36,85,55,37,51,1,1,1,1,1,1,0,0,1,1,Digital Marketer,UX/UI Designer,Lawyer
86,87,93,32,99,25,60,98,1,0,1,0,0,0,1,0,1,1,Teacher,UX/UI Designer,Graphic Designer
31,43,93,74,33,94,50,56,1,1,0,1,0,1,1,0,0,1,Content Writer,Software Developer,Doctor
20,61,68,54,56,95,78,23,0,0,1,1,1,0,0,0,1,0,Financial Analyst,Doctor,Lawyer
61,81,48,69,59,76,66,97,0,1,0,0,1,1,1,1,1,1,Teacher,Content Writer,Lawyer
21,37,81,98,22,71,20,88,1,0,0,0,1,0,1,0,1,1,Civil Engineer,Marketing Manager,Architect
79,75,90,93,35,71,24,76,0,0,0,1,1,0,0,0,0,1,Teacher,Data Scientist,UX/UI Designer
48,43,57,70,68,24,37,92,1,1,0,1,1,0,1,0,0,1,Content Writer,Mechanical Engineer,Software Developer
28,20,36,46,71,47,81,90,0,0,0,0,0,0,1,0,1,1,Financial Analyst,Software Developer,Psychologist
83,44,88,80,81,86,81,100,1,0,0,0,1,1,1,0,0,0,Psychologist,Software Developer,Lawyer
20,59,93,31,60,83,26,23,0,0,1,0,0,1,1,1,0,1,Teacher,Mechanical Engineer,Software Developer
56,33,33,40,83,74,64,60,1,1,1,0,0,0,0,0,1,0,Doctor,Marketing Manager,Content Writer
51,25,57,25,54,36,86,81,1,0,0,0,1,1,0,0,1,1,Teacher,Data Scientist,Psychologist
53,36,86,56,23,77,61,85,1,1,0,0,1,1,0,0,0,1,Psychologist,Digital Marketer,Software Developer
59,67,81,21,21,88,46,29,0,0,0,0,1,1,1,1,1,0,Graphic Designer,Marketing Manager,Digital Marketer
33,65,95,56,87,71,100,32,0,1,1,0,0,1,1,0,1,1,Civil Engineer,Teacher,Data Scientist
37,20,30,94,72,41,24,76,0,1,0,0,1,0,1,0,1,0,Financial Analyst,Graphic Designer,Lawyer
65,25,23,86,36,58,54,67,1,1,1,1,1,1,1,0,1,1,Lawyer,Graphic Designer,Financial Analyst
73,77,86,43,65,40,98,69,0,1,0,0,0,0,0,1,1,1,Financial Analyst,Mechanical Engineer,Digital Marketer
50,65,87,98,37,73,57,80,0,1,1,1,1,1,1,1,1,1,Financial Analyst,Graphic Designer,UX/UI Designer
85,32,57,68,75,85,60,86,1,0,0,1,0,1,0,0,1,1,Mechanical Engineer,Doctor,Architect
89,25,25,27,40,33,62,92,1,1,0,0,1,0,0,1,0,0,Civil Engineer,Architect,Psychologist
54,23,48,73,27,89,27,46,1,1,1,1,1,1,1,0,1,1,Doctor,Digital Marketer,Civil Engineer
45,58,69,81,60,43,72,22,0,0,1,0,1,0,0,1,1,0,Software Developer,Doctor,Data Scientist
41,71,97,86,87,42,60,24,1,1,0,1,0,1,0,0,0,0,Content Writer,UX/UI Designer,Digital Marketer
54,75,20,31,53,90,40,78,1,1,1,1,0,0,1,0,0,0,Architect,Data Scientist,Digital Marketer
35,97,46,24,39,33,65,96,0,1,0,0,1,0,0,1,0,0,Graphic Designer,Financial Analyst,Teacher
23,33,83,71,73,25,80,77,0,1,0,0,1,0,0,0,1,1,Doctor,Data Scientist,Teacher
63,80,29,50,69,20,77,51,0,1,1,0,0,0,0,1,0,1,Financial Analyst,Lawyer,Mechanical Engineer
52,42,68,83,41,69,31,58,1,0,1,0,1,1,1,0,1,1,Content Writer,Architect,Marketing Manager
88,55,86,81,50,61,45,20,0,0,0,0,0,0,1,1,0,1,Architect,Civil Engineer,Graphic Designer
27,89,30,75,52,92,46,95,0,0,0,0,0,1,1,1,1,0,Civil Engineer,Teacher,Digital Marketer
62,76,73,87,25,60,61,53,1,0,0,1,0,0,0,1,0,1,Data Scientist,Doctor,Content Writer
69,73,89,25,57,85,73,35,0,0,0,0,0,1,1,0,0,0,Teacher,Graphic Designer,Doctor
86,25,37,100,70,95,88,89,0,1,1,0,0,1,1,1,1,1,UX/UI Designer,Lawyer,Mechanical Engineer
60,84,48,32,65,28,63,25,0,0,1,0,0,0,1,1,1,1,Content Writer,Software Developer,Teacher
89,79,38,37,84,83,28,90,0,1,1,0,1,0,0,0,1,1,Lawyer,Financial Analyst,Psychologist
93,86,25,27,31,62,33,34,0,0,0,1,1,0,1,1,1,0,Psychologist,Marketing Manager,Graphic Designer
20,38,45,28,23,62,86,44,1,0,1,0,0,0,0,1,0,0,Data Scientist,Mechanical Engineer,Content Writer
41,85,31,35,68,39,64,72,1,1,1,1,1,0,1,0,1,0,Digital Marketer,Civil Engineer,Doctor
30,23,20,71,68,70,22,56,1,1,0,1,1,0,1,1,0,0,Graphic Designer,Psychologist,Financial Analyst
69,100,46,28,32,35,24,81,0,0,1,1,0,1,0,1,1,0,Doctor,Psychologist,Data Scientist
30,63,92,53,20,38,35,78,1,0,1,0,1,1,0,0,1,0,Digital Marketer,Data Scientist,Civil Engineer
99,91,48,37,91,46,23,25,0,1,1,1,0,1,0,0,1,1,Mechanical Engineer,Psychologist,UX/UI Designer
44,89,33,58,34,67,63,86,1,1,1,1,0,1,1,0,1,1,Software Developer,Marketing Manager,Architect
71,95,24,58,57,85,77,67,0,0,0,1,1,0,0,1,1,1,UX/UI Designer,Civil Engineer,Mechanical Engineer
69,65,57,25,49,67,56,24,0,1,1,0,1,0,0,0,1,1,Teacher,Civil Engineer,Lawyer
71,98,49,43,70,37,86,91,0,0,1,1,0,1,1,0,0,0,Content Writer,UX/UI Designer,Mechanical Engineer
47,48,71,79,79,92,39,86,1,1,0,1,0,1,1,0,1,0,UX/UI Designer,Civil Engineer,Psychologist
83,69,42,38,95,54,100,62,0,0,0,1,1,1,0,1,1,0,UX/UI Designer,Content Writer,Mechanical Engineer
93,43,75,40,94,86,30,82,0,1,0,0,1,1,1,1,0,1,Data Scientist,Graphic Designer,Architect
50,85,28,28,26,24,55,78,1,1,0,1,1,0,1,1,1,1,Content Writer,Doctor,Financial Analyst
66,84,86,94,67,58,83,72,0,1,1,0,1,1,0,1,1,0,Marketing Manager,Financial Analyst,Software Developer
40,61,64,87,65,89,33,23,1,0,1,0,0,1,0,1,0,0,Mechanical Engineer,Financial Analyst,UX/UI Designer
32,95,51,79,70,41,51,95,0,1,1,1,0,1,0,1,0,0,Software Developer,Financial Analyst,Marketing Manager
67,86,73,26,58,59,44,27,1,0,0,1,1,1,1,1,0,1,Doctor,UX/UI Designer,Architect
67,75,32,56,71,47,67,30,1,0,0,1,1,1,1,0,0,0,Architect,Graphic Designer,Lawyer
75,66,94,27,32,93,48,94,0,1,0,1,1,1,1,1,0,1,Software Developer,Architect,Digital Marketer
90,63,85,23,26,43,38,81,1,1,1,0,1,0,0,0,1,0,Doctor,Teacher,Marketing Manager
79,89,41,38,69,59,54,49,1,1,0,1,1,0,1,1,0,0,Marketing Manager,Software Developer,Lawyer
94,36,81,95,77,46,38,26,1,0,1,0,1,1,0,1,1,1,Teacher,Psychologist,Mechanical Engineer
20,23,37,22,50,100,34,69,0,1,1,1,1,1,0,0,0,1,Marketing Manager,Mechanical Engineer,Financial Analyst
100,68,83,24,25,49,49,42,1,1,1,0,1,0,0,1,1,1,UX/UI Designer,Teacher,Doctor
48,79,86,39,65,51,27,24,1,0,0,1,1,1,0,1,0,0,Civil Engineer,Mechanical Engineer,Architect
72,27,85,66,67,29,28,63,1,0,1,1,0,1,1,0,1,0,Teacher,Architect,Mechanical Engineer
34,54,72,86,26,34,67,53,0,1,1,1,1,0,0,0,1,0,Digital Marketer,UX/UI Designer,Financial Analyst
85,29,69,93,28,87,50,91,1,0,1,0,1,0,1,1,0,0,Content Writer,Financial Analyst,Lawyer
78,20,67,25,80,50,30,67,0,0,0,0,0,1,1,0,0,1,Digital Marketer,Data Scientist,Psychologist
51,72,85,96,48,100,97,63,1,0,1,0,1,1,0,1,0,1,Financial Analyst,Architect,Psychologist
70,49,49,76,82,55,56,58,1,0,1,0,0,0,0,1,0,1,Architect,Marketing Manager,Software Developer
93,44,100,62,86,95,32,94,1,1,1,1,1,1,0,1,1,0,Doctor,Civil Engineer,Graphic Designer
63,49,99,69,97,56,75,49,1,0,0,1,0,0,1,1,1,1,Financial Analyst,Psychologist,Teacher
68,26,20,68,28,98,66,32,1,1,1,1,0,1,0,1,0,0,Civil Engineer,Financial Analyst,Doctor
69,80,79,27,90,36,32,25,1,1,1,0,0,1,0,1,0,1,Software Developer,Data Scientist,Marketing Manager
49,22,53,98,90,80,99,22,0,0,0,0,1,1,0,1,0,1,Doctor,Civil Engineer,Content Writer
63,93,54,78,39,88,91,60,0,1,0,0,1,0,1,1,0,1,Architect,Doctor,Financial Analyst
61,80,23,97,85,40,37,29,1,1,0,1,1,1,0,1,1,1,Mechanical Engineer,Marketing Manager,Civil Engineer
83,46,95,60,62,92,21,34,0,0,0,1,1,1,0,1,0,0,Marketing Manager,Data Scientist,Software Developer
47,86,37,68,72,91,65,53,0,0,0,1,1,1,1,1,0,0,UX/UI Designer,Financial Analyst,Digital Marketer
62,76,35,64,96,39,81,99,0,0,1,1,1,0,1,1,0,1,Marketing Manager,Mechanical Engineer,Architect
91,45,91,73,77,85,91,32,1,0,0,0,0,0,0,1,0,0,Doctor,Digital Marketer,Content Writer
88,21,33,52,57,34,77,73,1,1,0,1,0,1,0,0,0,1,Financial Analyst,Marketing Manager,Psychologist
69,80,83,80,81,31,75,33,0,1,0,0,0,1,1,0,1,1,Digital Marketer,Psychologist,Mechanical Engineer
83,73,21,44,77,74,22,67,1,0,1,0,1,0,1,0,1,1,Digital Marketer,UX/UI Designer,Content Writer
61,49,83,73,94,73,90,40,1,0,0,1,0,1,1,1,1,0,Marketing Manager,Teacher,Data Scientist
73,44,23,82,76,95,45,56,0,0,1,0,0,1,1,0,0,1,Architect,Data Scientist,Digital Marketer
66,75,22,82,58,20,79,41,0,0,1,1,1,0,1,1,0,0,UX/UI Designer,Mechanical Engineer,Graphic Designer
26,62,86,20,64,29,82,57,0,0,0,1,0,0,1,1,1,0,Mechanical Engineer,Marketing Manager,Lawyer
77,42,92,96,32,78,88,55,0,0,1,1,0,1,0,1,1,1,Graphic Designer,Doctor,UX/UI Designer
47,53,26,41,66,77,51,65,1,0,0,0,1,1,0,0,1,1,Doctor,Marketing Manager,Graphic Designer
90,99,87,92,30,59,79,85,0,0,0,0,0,0,0,1,0,1,Marketing Manager,UX/UI Designer,Data Scientist
30,27,72,42,90,26,82,67,0,1,0,0,0,0,0,0,1,1,Psychologist,Lawyer,Financial Analyst
33,52,23,49,44,91,42,78,0,0,0,1,1,1,0,1,0,1,Psychologist,Civil Engineer,Financial Analyst
59,22,70,78,62,73,80,34,1,1,0,0,0,0,1,0,0,0,Content Writer,Marketing Manager,Lawyer
39,30,72,28,30,80,24,86,0,1,1,1,0,0,1,1,1,0,Doctor,UX/UI Designer,Software Developer
62,34,61,99,43,75,23,73,0,1,0,0,1,0,1,1,1,1,Graphic Designer,Digital Marketer,Lawyer
67,53,31,38,79,30,91,39,0,0,1,0,1,1,1,0,1,0,Civil Engineer,Mechanical Engineer,Architect
21,95,82,77,88,27,97,59,0,1,1,0,0,0,0,0,0,1,Marketing Manager,Civil Engineer,Architect
35,72,73,69,99,80,61,43,1,1,1,0,1,0,1,1,1,0,Data Scientist,Content Writer,UX/UI Designer
29,97,20,100,65,34,44,54,0,1,0,1,1,1,0,1,1,1,Graphic Designer,Civil Engineer,Teacher
52,78,20,39,75,28,22,69,0,1,1,1,0,0,0,0,0,0,Teacher,Financial Analyst,Mechanical Engineer
99,23,32,84,83,26,23,66,1,1,1,0,1,1,0,1,1,1,UX/UI Designer,Lawyer,Data Scientist
78,100,79,53,61,40,100,88,1,1,1,0,0,1,1,1,0,1,Data Scientist,Digital Marketer,Civil Engineer
98,61,30,54,39,43,74,50,0,1,1,1,0,0,0,0,0,0,Financial Analyst,Content Writer,Psychologist
85,90,75,47,68,87,32,20,1,1,0,1,0,0,1,1,0,0,Lawyer,Marketing Manager,Architect
100,56,58,59,89,87,93,62,0,0,0,0,1,1,0,1,1,1,Psychologist,Mechanical Engineer,Lawyer
45,95,22,21,22,95,100,52,1,0,0,1,0,1,1,1,1,0,Psychologist,Architect,Teacher
33,55,39,41,94,97,92,44,0,1,1,1,0,1,1,0,1,1,Financial Analyst,Lawyer,Architect
62,98,41,40,84,71,81,66,1,0,1,0,0,0,1,1,0,1,Doctor,Architect,Mechanical Engineer
57,71,86,91,43,24,59,41,1,1,1,0,1,0,1,1,1,1,Mechanical Engineer,Graphic Designer,Content Writer
55,44,25,44,98,97,31,23,0,0,1,1,0,0,1,1,1,1,Psychologist,Doctor,Teacher
57,64,86,68,29,32,58,65,0,0,0,1,0,0,1,0,0,1,Software Developer,Lawyer,Teacher
63,82,95,38,90,72,28,59,0,0,0,1,0,0,1,1,1,0,Digital Marketer,Psychologist,Content Writer
27,80,42,100,51,49,21,74,1,1,0,1,0,1,1,0,1,1,Graphic Designer,Mechanical Engineer,Civil Engineer
61,93,62,34,97,64,39,92,0,1,0,1,0,1,1,1,0,1,Financial Analyst,Mechanical Engineer,Software Developer
31,24,76,20,51,50,30,73,0,0,1,1,1,0,0,1,0,1,Teacher,Lawyer,Marketing Manager
76,64,27,53,73,92,50,85,0,0,1,0,1,0,0,0,1,1,Mechanical Engineer,Architect,Psychologist
68,88,72,50,24,80,74,23,0,1,1,0,0,1,1,1,1,0,Lawyer,Graphic Designer,Mechanical Engineer
74,26,54,49,80,28,52,29,0,1,1,1,0,0,1,1,0,1,Digital Marketer,Software Developer,Graphic Designer
40,58,39,58,52,74,81,61,0,0,0,0,0,0,0,0,1,1,Lawyer,Doctor,Mechanical Engineer
36,96,29,91,96,41,27,39,1,0,0,0,0,0,0,1,0,0,Teacher,Data Scientist,Mechanical Engineer
51,28,65,72,46,54,51,39,0,1,1,1,0,0,1,0,1,0,Mechanical Engineer,Architect,UX/UI Designer
80,82,64,53,63,73,95,62,1,0,1,0,0,1,1,0,1,1,Psychologist,Content Writer,Graphic Designer
82,51,41,28,86,47,44,77,1,0,1,0,0,1,0,1,0,0,Data Scientist,Graphic Designer,Marketing Manager
40,80,31,72,95,65,96,38,1,0,1,1,1,1,0,0,1,0,Architect,Lawyer,Data Scientist
84,40,38,98,45,35,62,80,1,1,1,0,1,1,1,1,0,1,Mechanical Engineer,Software Developer,Architect
44,70,39,60,36,93,85,22,0,1,1,1,1,0,1,0,0,1,Teacher,Digital Marketer,Marketing Manager
28,98,34,51,64,96,74,92,0,1,0,0,0,0,1,0,0,0,Civil Engineer,Software Developer,Architect
76,37,32,61,50,27,63,35,1,0,0,0,0,0,0,1,1,0,Data Scientist,Mechanical Engineer,Content Writer
44,79,53,100,49,77,53,28,1,0,0,1,1,1,1,1,1,0,Data Scientist,Teacher,Psychologist
68,22,44,91,33,24,44,37,1,1,1,1,0,1,0,1,1,1,Doctor,Data Scientist,Psychologist
66,92,45,32,34,84,86,29,0,1,1,1,1,0,1,1,1,0,Architect,Software Developer,Psychologist
61,57,92,72,26,48,41,51,0,0,0,1,1,0,0,1,1,0,Mechanical Engineer,Digital Marketer,Data Scientist
46,69,58,63,39,99,50,97,0,0,1,1,1,1,1,0,0,1,Data Scientist,Teacher,UX/UI Designer
98,32,76,98,64,41,60,54,1,1,1,0,1,0,0,1,0,1,Civil Engineer,Content Writer,Graphic Designer
85,87,21,75,27,95,27,51,0,1,0,1,0,0,0,0,0,0,Graphic Designer,Marketing Manager,Content Writer
23,88,39,74,99,62,46,90,0,1,0,1,1,1,0,0,1,0,Psychologist,Data Scientist,Software Developer
92,88,38,82,76,91,84,25,1,0,0,1,0,1,0,1,1,0,Architect,Financial Analyst,Lawyer
42,70,50,23,28,57,47,43,0,1,1,1,1,1,1,0,0,0,Data Scientist,UX/UI Designer,Lawyer
62,29,67,52,71,40,28,54,1,0,0,0,1,1,1,1,1,0,Graphic Designer,Architect,Data Scientist
27,84,48,41,50,51,60,35,0,1,1,0,0,0,0,0,1,1,Architect,Content Writer,Data Scientist
72,86,23,82,36,79,89,61,1,1,1,1,0,1,1,0,1,1,Doctor,Marketing Manager,Psychologist
95,76,57,74,90,44,22,82,0,1,1,0,0,0,1,0,1,1,Doctor,Graphic Designer,Software Developer
56,79,55,99,57,83,44,26,0,0,1,1,1,0,1,1,1,0,Data Scientist,Digital Marketer,Graphic Designer
73,24,74,97,26,85,99,63,0,1,1,1,0,0,0,1,0,0,Content Writer,Financial Analyst,UX/UI Designer
51,89,85,32,37,78,42,88,1,0,0,0,0,0,0,0,0,0,Teacher,Psychologist,Content Writer
41,70,31,49,44,67,93,98,1,0,0,0,0,1,1,1,1,0,Digital Marketer,Graphic Designer,Mechanical Engineer
80,95,51,90,69,55,94,68,1,1,1,1,1,1,0,0,1,0,Civil Engineer,Teacher,Software Developer
74,88,20,52,97,20,72,42,0,1,0,1,1,1,1,1,0,1,Lawyer,Civil Engineer,Graphic Designer
52,95,58,93,78,68,28,60,0,1,1,0,1,1,1,1,1,0,Software Developer,Financial Analyst,Digital Marketer
81,66,89,54,93,46,85,41,0,0,0,1,0,0,0,1,1,1,Data Scientist,Lawyer,Marketing Manager
51,31,91,62,91,95,90,26,0,0,1,1,0,1,0,1,0,0,Content Writer,Graphic Designer,Financial Analyst
85,89,76,38,45,76,25,20,0,1,0,1,0,1,0,1,0,0,UX/UI Designer,Software Developer,Data Scientist
70,38,90,78,25,88,44,39,0,1,1,1,0,0,1,1,1,0,Marketing Manager,Financial Analyst,Data Scientist
22,79,59,94,45,81,72,41,1,1,1,0,1,0,1,1,0,0,Civil Engineer,Marketing Manager,Doctor
69,94,21,61,60,64,89,96,0,0,0,1,1,0,1,0,0,1,Digital Marketer,Data Scientist,Psychologist
89,95,38,28,79,32,33,66,1,0,1,0,0,1,0,1,1,1,Lawyer,Mechanical Engineer,Psychologist
33,61,33,75,64,81,58,96,1,1,0,1,0,0,1,0,0,0,Teacher,Marketing Manager,Software Developer
43,39,99,84,57,70,94,59,1,1,0,1,1,1,0,1,1,1,Financial Analyst,Psychologist,Doctor
29,95,31,92,27,68,95,22,1,0,1,1,0,1,0,1,0,0,Content Writer,Teacher,Data Scientist
56,59,65,84,23,84,62,78,1,1,0,0,0,0,1,1,0,1,Civil Engineer,Architect,Software Developer
84,55,83,85,76,58,62,74,0,0,0,0,0,0,0,1,0,0,Content Writer,Digital Marketer,Mechanical Engineer
67,93,85,100,33,49,47,35,1,0,1,0,1,1,1,1,1,0,Financial Analyst,Architect,UX/UI Designer
81,69,28,34,33,31,80,67,0,1,0,0,1,0,1,1,0,1,Software Developer,Doctor,Lawyer
93,78,53,40,43,34,53,40,0,1,0,0,0,1,0,0,0,1,Content Writer,Digital Marketer,Doctor
33,92,55,50,60,84,36,70,1,0,1,1,1,1,0,1,1,0,Financial Analyst,Content Writer,Psychologist
47,77,33,84,61,62,31,24,1,0,0,1,0,1,0,0,0,0,Content Writer,Software Developer,Lawyer
86,70,100,43,45,75,82,95,0,0,0,0,0,1,0,1,0,1,Civil Engineer,Marketing Manager,Data Scientist
54,32,85,21,54,31,30,64,0,0,0,0,0,0,0,1,1,1,Marketing Manager,Architect,Software Developer
88,61,54,22,33,23,26,93,0,0,1,0,1,1,1,1,1,0,Financial Analyst,Software Developer,Civil Engineer
70,55,72,75,84,99,58,20,1,0,1,0,1,0,1,0,0,1,Psychologist,Data Scientist,Teacher
97,49,27,21,87,66,46,29,1,1,1,0,1,1,0,1,0,0,Teacher,Data Scientist,Psychologist
75,36,55,69,97,52,74,79,0,1,0,0,0,0,0,1,0,0,Graphic Designer,UX/UI Designer,Teacher
62,68,37,42,69,61,35,29,1,0,1,1,1,0,0,0,0,0,Graphic Designer,UX/UI Designer,Teacher
88,94,47,78,74,76,74,45,1,1,0,1,0,1,1,1,0,0,Graphic Designer,Doctor,Data Scientist
94,50,59,90,66,53,26,68,0,0,1,0,1,0,0,1,0,1,Teacher,Civil Engineer,Mechanical Engineer
64,88,73,62,37,64,67,74,0,1,1,1,0,1,0,1,0,1,Graphic Designer,Content Writer,Psychologist
96,85,79,72,67,27,21,26,0,1,1,0,1,1,1,0,1,1,Psychologist,Graphic Designer,Lawyer
65,87,25,67,40,30,69,77,0,0,1,0,0,1,1,0,0,0,Mechanical Engineer,Marketing Manager,Psychologist
91,47,21,70,88,85,81,23,1,0,0,1,1,1,0,0,1,1,UX/UI Designer,Lawyer,Psychologist
58,94,84,81,99,33,39,50,0,1,0,0,1,0,0,0,1,1,Mechanical Engineer,Psychologist,Digital Marketer
52,40,93,32,90,82,75,44,1,0,1,1,1,1,0,0,1,1,Financial Analyst,Doctor,Software Developer
21,37,95,87,53,61,28,24,1,0,1,0,1,1,0,1,0,0,Doctor,Content Writer,Digital Marketer
77,35,56,55,37,33,75,53,1,1,0,1,0,0,0,1,0,0,Doctor,Graphic Designer,Content Writer
27,87,99,72,96,74,22,52,1,0,0,0,0,1,0,0,1,1,Financial Analyst,Psychologist,Mechanical Engineer
33,71,20,60,53,64,28,53,1,0,1,1,0,0,0,0,0,1,Psychologist,Software Developer,Digital Marketer
93,93,82,68,84,37,78,25,1,0,0,1,1,1,1,1,0,0,Data Scientist,UX/UI Designer,Psychologist
37,68,99,20,55,67,64,57,1,1,1,1,1,1,0,1,0,0,UX/UI Designer,Graphic Designer,Architect
93,34,34,89,85,63,86,50,0,0,0,0,1,1,0,1,1,0,Graphic Designer,Content Writer,Data Scientist
35,53,31,56,100,86,23,43,0,0,0,1,1,0,1,0,1,0,Lawyer,Graphic Designer,Psychologist
33,88,39,63,56,26,58,60,1,1,0,0,0,0,1,1,1,1,Financial Analyst,Lawyer,Digital Marketer
73,84,86,99,100,39,64,81,0,1,0,1,1,1,0,0,0,0,Doctor,Marketing Manager,UX/UI Designer
53,47,75,31,58,59,82,85,0,1,1,0,1,0,0,1,0,1,Teacher,Civil Engineer,Software Developer
87,74,38,83,62,85,84,87,1,0,1,0,1,1,0,0,1,1,Financial Analyst,Architect,Data Scientist
40,38,74,91,25,46,22,21,1,1,0,1,1,0,1,0,0,0,Doctor,Software Developer,Lawyer
95,74,68,20,63,83,91,78,0,1,0,0,1,0,1,1,1,1,Content Writer,Graphic Designer,Doctor
99,40,78,64,84,87,27,25,1,1,1,1,1,0,1,1,1,1,Civil Engineer,Marketing Manager,Digital Marketer
68,45,42,41,54,31,47,93,0,0,0,1,0,1,0,1,1,1,Architect,Marketing Manager,Psychologist
71,37,29,90,30,51,93,100,1,0,0,0,0,1,0,1,1,1,Mechanical Engineer,Marketing Manager,Graphic Designer
36,64,45,56,23,57,29,48,0,0,0,1,0,0,0,1,0,1,Marketing Manager,Teacher,Mechanical Engineer
41,81,24,22,21,43,59,83,0,0,1,1,0,0,0,0,0,1,Digital Marketer,Architect,Content Writer
97,65,72,49,87,69,85,95,1,0,1,0,1,0,1,1,1,1,UX/UI Designer,Digital Marketer,Graphic Designer
56,59,85,99,86,83,37,78,1,1,1,0,0,1,1,0,0,0,Civil Engineer,Software Developer,Teacher
78,59,28,89,50,49,52,46,0,1,0,0,0,1,0,0,1,0,Digital Marketer,Marketing Manager,Architect
54,55,92,88,62,99,38,41,0,1,0,1,0,1,0,1,1,0,Doctor,Marketing Manager,Teacher
74,63,97,58,57,23,81,27,1,0,0,1,0,0,1,1,0,1,UX/UI Designer,Architect,Doctor
60,43,30,54,72,36,36,29,0,1,1,0,1,0,1,0,0,1,Graphic Designer,Marketing Manager,Civil Engineer
23,26,86,30,68,58,62,79,0,1,1,0,1,1,0,0,0,1,Civil Engineer,Psychologist,Financial Analyst
23,31,38,47,53,69,33,33,0,1,0,1,1,1,0,0,0,0,Psychologist,Content Writer,Marketing Manager
62,41,50,71,98,51,100,48,0,1,1,1,1,1,0,1,1,0,Civil Engineer,Psychologist,Mechanical Engineer
95,94,59,77,71,75,78,99,1,0,1,0,0,0,0,0,1,0,Graphic Designer,Doctor,Financial Analyst
21,85,66,41,60,53,42,91,0,1,1,0,0,1,0,0,0,0,Graphic Designer,UX/UI Designer,Content Writer
56,88,81,58,63,33,81,83,0,0,1,0,0,1,1,0,0,1,Lawyer,Financial Analyst,Architect
75,36,52,75,29,77,32,80,1,0,0,1,1,1,0,1,0,0,Psychologist,Lawyer,Marketing Manager
35,34,79,70,76,42,57,97,0,1,0,0,0,0,1,0,1,1,Doctor,Psychologist,Marketing Manager
38,91,71,77,78,41,60,65,1,1,0,1,0,0,0,1,1,1,Doctor,Architect,UX/UI Designer
65,97,89,26,63,30,96,59,1,0,0,0,1,1,0,1,1,0,Doctor,Teacher,Content Writer
40,40,71,97,33,37,84,97,0,0,1,1,0,1,1,0,1,1,Graphic Designer,Civil Engineer,Doctor
58,33,47,35,64,62,70,61,1,0,1,1,1,1,0,0,1,1,Mechanical Engineer,Teacher,Software Developer
99,49,100,61,31,27,65,96,1,0,0,0,0,0,0,1,1,1,Psychologist,Marketing Manager,Software Developer
84,44,67,85,80,59,33,55,1,0,0,1,1,1,0,0,0,0,Doctor,Mechanical Engineer,Data Scientist
56,21,28,55,49,26,62,84,0,1,0,0,1,0,1,0,1,1,Digital Marketer,Civil Engineer,Architect
68,78,43,94,94,50,91,34,1,1,1,0,0,0,0,0,0,0,Lawyer,Data Scientist,Financial Analyst
59,33,54,52,80,42,68,44,0,1,0,1,0,0,1,1,1,1,Architect,Doctor,Teacher
71,76,63,33,59,74,65,40,0,1,1,0,0,1,1,0,1,0,Psychologist,Graphic Designer,Civil Engineer
82,78,94,22,64,90,45,100,0,0,1,0,0,1,1,1,0,0,Software Developer,Teacher,Marketing Manager
33,46,23,24,97,91,82,94,1,1,0,0,1,1,0,1,0,1,Digital Marketer,Graphic Designer,Marketing Manager
41,46,32,85,45,56,72,49,0,1,1,0,0,0,1,0,1,0,Financial Analyst,Architect,UX/UI Designer
67,69,40,33,22,88,75,29,1,0,0,0,1,0,1,0,1,0,Data Scientist,Architect,Digital Marketer
27,100,61,61,57,75,27,31,1,1,0,1,1,1,0,0,0,0,Digital Marketer,Mechanical Engineer,Graphic Designer
82,64,91,80,46,28,91,35,1,0,1,1,0,1,0,0,0,0,Content Writer,Financial Analyst,Psychologist
23,98,33,45,68,48,85,58,1,0,0,0,1,0,0,0,1,1,Mechanical Engineer,Financial Analyst,Lawyer
83,52,20,32,54,55,75,29,1,0,1,1,1,1,0,0,0,1,UX/UI Designer,Teacher,Digital Marketer
86,74,41,20,66,78,21,78,1,0,1,0,0,0,0,1,1,0,UX/UI Designer,Civil Engineer,Architect
92,33,88,88,37,62,45,37,1,0,0,0,0,0,1,1,1,1,UX/UI Designer,Content Writer,Financial Analyst
82,91,94,57,81,34,53,78,0,0,1,1,1,1,0,0,1,0,Content Writer,Architect,Teacher
25,32,100,40,83,65,93,28,0,1,1,1,1,0,1,1,1,0,Doctor,Digital Marketer,Software Developer
32,68,87,20,96,21,95,65,1,0,1,1,0,1,1,0,0,0,Doctor,Graphic Designer,Architect
42,82,82,93,55,51,92,50,0,0,0,0,1,1,1,0,0,0,Digital Marketer,Financial Analyst,Content Writer
48,47,62,88,29,59,20,32,0,1,0,1,0,1,1,0,1,0,Content Writer,Data Scientist,Graphic Designer
76,57,58,20,48,58,42,43,0,0,0,1,1,1,1,0,0,1,Financial Analyst,Mechanical Engineer,Doctor
81,45,47,77,33,65,58,63,1,1,1,0,1,1,1,1,0,0,Teacher,Graphic Designer,Marketing Manager
27,56,70,94,75,27,36,97,0,1,0,1,0,0,0,1,0,1,Civil Engineer,Architect,Graphic Designer
63,92,62,59,76,35,78,99,1,0,1,0,1,0,0,1,0,1,Civil Engineer,Graphic Designer,Data Scientist
94,30,88,30,54,31,81,82,0,1,1,0,0,1,0,1,0,1,Graphic Designer,Doctor,Financial Analyst
35,25,44,62,64,30,51,65,1,1,0,0,0,1,0,1,0,1,Teacher,Marketing Manager,Graphic Designer
76,59,89,43,100,92,54,23,0,1,0,1,1,1,0,0,0,0,Mechanical Engineer,Marketing Manager,Digital Marketer
60,45,64,24,46,43,51,80,0,1,1,0,1,0,0,0,0,0,Architect,Software Developer,Financial Analyst
40,67,62,69,68,94,79,73,1,1,0,0,0,1,1,1,0,0,Teacher,Financial Analyst,Graphic Designer
47,58,74,47,34,51,23,47,1,0,0,0,0,0,0,1,0,1,Lawyer,Graphic Designer,Civil Engineer
33,91,25,39,88,65,58,39,1,1,0,1,1,0,0,0,1,1,Software Developer,UX/UI Designer,Teacher
32,69,95,84,38,37,40,37,1,0,1,1,0,0,0,0,1,0,Civil Engineer,Marketing Manager,Data Scientist
94,40,21,68,88,98,100,41,0,1,0,0,1,1,0,0,0,1,Teacher,Software Developer,Lawyer
96,31,100,81,45,88,80,46,1,1,0,0,0,1,0,1,0,0,Digital Marketer,Graphic Designer,Architect
87,41,76,76,74,47,43,27,0,0,1,1,1,1,1,0,1,1,Software Developer,Financial Analyst,UX/UI Designer
91,91,63,72,31,100,89,90,1,0,0,1,0,1,0,0,0,0,Psychologist,Financial Analyst,Civil Engineer
32,78,28,84,23,100,65,48,1,0,0,1,0,1,0,0,1,0,Graphic Designer,Doctor,Lawyer
55,94,20,65,31,41,94,62,1,0,1,1,0,0,0,0,0,1,UX/UI Designer,Digital Marketer,Psychologist
85,32,87,91,41,81,58,74,0,0,1,0,1,0,1,0,0,0,UX/UI Designer,Financial Analyst,Software Developer
78,38,94,34,25,70,37,69,0,0,0,1,1,0,0,0,1,0,Digital Marketer,Marketing Manager,Architect
83,59,97,51,87,57,84,96,0,1,0,1,0,0,1,0,0,1,Content Writer,Civil Engineer,Software Developer
37,41,91,27,56,52,73,46,1,0,1,0,0,1,0,0,0,0,Teacher,Architect,Data Scientist
89,23,45,26,41,45,62,100,0,1,1,0,0,0,0,1,1,1,Software Developer,Civil Engineer,Content Writer
75,90,97,86,77,71,49,51,0,0,1,1,0,0,1,0,1,1,Teacher,Marketing Manager,Graphic Designer
94,45,46,34,68,30,82,52,1,1,1,0,1,0,0,0,1,0,Financial Analyst,Digital Marketer,Teacher
98,31,83,32,32,32,57,52,0,0,0,0,1,0,0,0,0,0,UX/UI Designer,Content Writer,Data Scientist
68,87,48,79,70,62,95,35,0,1,1,0,0,1,1,0,1,0,Graphic Designer,Architect,Marketing Manager
34,73,26,58,82,20,82,78,0,1,1,0,0,1,1,1,0,0,Architect,Software Developer,Marketing Manager
91,46,90,31,29,55,75,67,1,1,1,0,1,0,0,1,1,0,Doctor,Marketing Manager,Graphic Designer
66,70,88,54,85,89,77,26,1,0,0,0,1,1,0,1,0,0,UX/UI Designer,Graphic Designer,Civil Engineer
41,62,44,44,97,48,71,62,0,1,1,0,0,0,0,1,1,0,Civil Engineer,Content Writer,Software Developer
67,73,73,39,66,79,35,55,0,1,1,0,1,0,1,0,1,1,Civil Engineer,Doctor,Lawyer
39,96,42,96,51,57,83,37,1,1,1,0,1,1,0,1,0,1,Graphic Designer,UX/UI Designer,Lawyer
70,86,66,45,90,93,86,68,1,0,1,0,0,1,0,1,0,0,Data Scientist,Software Developer,UX/UI Designer
35,24,67,63,64,26,72,63,1,1,1,1,0,0,0,0,0,0,Marketing Manager,Civil Engineer,Software Developer
51,71,46,70,35,50,69,70,1,1,1,0,1,1,1,1,0,0,Software Developer,Architect,Civil Engineer
96,84,55,45,86,36,73,83,1,0,1,0,0,0,0,0,0,0,Content Writer,Data Scientist,Teacher
80,51,34,59,81,76,82,49,0,0,0,1,1,0,1,1,1,1,Marketing Manager,Mechanical Engineer,Graphic Designer
79,31,87,21,59,91,80,45,0,1,0,1,1,0,1,1,0,0,Software Developer,Civil Engineer,Lawyer
36,30,97,23,33,26,76,95,0,1,0,0,0,1,1,0,0,1,UX/UI Designer,Data Scientist,Mechanical Engineer
72,39,66,83,53,64,57,22,1,1,0,0,0,1,1,0,0,0,Doctor,Financial Analyst,Digital Marketer
71,63,30,86,96,20,60,75,1,0,0,0,1,0,0,1,0,1,Mechanical Engineer,Financial Analyst,Data Scientist
77,32,87,87,46,95,83,42,1,1,0,1,1,0,1,0,1,1,Software Developer,UX/UI Designer,Civil Engineer
91,51,33,30,46,36,100,97,0,1,1,0,1,0,1,1,1,1,Psychologist,Teacher,Digital Marketer
70,38,40,61,98,41,34,80,0,0,0,0,0,0,0,0,0,1,Graphic Designer,Civil Engineer,Digital Marketer
31,94,31,22,63,97,90,75,1,1,0,0,1,0,0,0,1,1,Lawyer,Mechanical Engineer,Financial Analyst
48,66,77,48,88,64,40,25,1,1,0,1,1,0,0,1,1,0,Financial Analyst,Digital Marketer,Architect
56,37,80,27,66,69,87,64,0,1,0,0,0,0,1,0,0,1,Doctor,Teacher,Financial Analyst
100,74,29,86,54,49,37,57,1,0,1,0,1,1,0,1,1,0,Graphic Designer,Financial Analyst,Mechanical Engineer
91,97,42,42,32,87,90,54,0,0,1,1,0,1,1,0,1,1,Software Developer,Teacher,Data Scientist
81,38,45,94,64,90,53,70,0,0,1,1,0,1,0,1,1,0,Psychologist,Doctor,Data Scientist
43,75,97,67,87,99,27,44,0,1,1,1,0,0,0,1,1,1,Teacher,Doctor,Financial Analyst
98,68,49,46,97,24,30,73,1,1,1,1,0,1,1,0,0,0,Doctor,Civil Engineer,Mechanical Engineer
33,93,90,63,45,34,87,42,1,0,0,0,0,0,1,0,0,0,Digital Marketer,Data Scientist,Architect
67,52,98,43,86,89,84,90,1,0,1,0,0,0,1,0,1,1,Software Developer,Lawyer,Architect
88,90,28,63,62,87,96,51,0,0,0,0,1,1,1,1,1,1,Civil Engineer,Architect,UX/UI Designer
37,53,98,75,31,97,29,39,1,1,1,0,0,1,0,1,0,1,Architect,Content Writer,Software Developer
64,67,66,22,98,40,83,71,0,1,1,1,0,0,0,1,0,0,Teacher,Financial Analyst,Architect
84,79,43,40,72,91,72,79,0,0,0,0,1,1,1,0,0,1,Marketing Manager,UX/UI Designer,Content Writer
48,38,92,78,46,91,61,95,0,1,1,0,0,0,1,1,1,1,Digital Marketer,Psychologist,Lawyer
72,93,49,53,77,31,52,31,0,0,1,1,0,1,1,1,0,1,Teacher,Graphic Designer,Mechanical Engineer
24,69,40,62,57,97,33,43,0,1,0,1,1,1,1,1,0,0,Graphic Designer,Data Scientist,Teacher
76,88,24,35,32,100,65,59,1,0,0,1,0,0,0,0,1,1,Mechanical Engineer,Data Scientist,Digital Marketer
26,98,24,56,31,97,65,24,1,0,0,1,1,0,0,0,1,0,Marketing Manager,Lawyer,Architect
47,25,97,75,95,38,73,74,0,0,0,1,1,0,0,0,0,1,Software Developer,Financial Analyst,Mechanical Engineer
35,76,100,65,31,63,26,34,1,0,1,1,0,0,0,1,1,0,Teacher,Content Writer,Lawyer
86,79,51,87,91,72,49,33,0,1,0,1,1,0,0,1,1,0,Graphic Designer,UX/UI Designer,Psychologist
36,31,37,94,82,38,40,43,0,0,1,1,1,1,1,1,0,1,Architect,Data Scientist,Lawyer
27,33,43,74,61,49,52,21,1,1,1,1,0,1,1,0,1,1,Data Scientist,Software Developer,Civil Engineer
97,62,47,86,36,27,76,51,1,0,1,1,0,1,0,0,1,1,Architect,Content Writer,Digital Marketer
87,45,100,32,54,94,98,81,0,0,0,1,0,0,0,0,1,1,UX/UI Designer,Software Developer,Civil Engineer
70,100,60,95,57,33,22,28,0,0,1,1,0,1,1,1,0,1,Psychologist,Software Developer,Financial Analyst
28,89,50,99,87,100,94,72,0,1,1,0,0,1,1,1,0,0,Marketing Manager,Graphic Designer,UX/UI Designer
27,34,35,88,53,56,85,60,1,1,0,1,1,0,1,0,1,0,Graphic Designer,UX/UI Designer,Software Developer
39,82,75,22,78,48,28,69,1,0,0,1,0,0,1,1,0,0,Lawyer,Teacher,Architect
98,45,22,80,40,86,30,50,0,0,0,1,1,1,0,1,0,1,UX/UI Designer,Teacher,Mechanical Engineer
33,37,99,44,76,81,68,71,1,1,1,1,0,0,1,0,1,0,UX/UI Designer,Content Writer,Graphic Designer
62,68,55,64,41,65,79,95,0,1,1,1,0,0,0,0,0,1,Architect,Civil Engineer,Mechanical Engineer
88,22,28,58,39,78,55,74,1,1,0,1,0,1,1,0,0,0,Digital Marketer,Content Writer,Mechanical Engineer
47,24,71,96,34,92,22,92,0,1,1,1,1,0,0,0,0,1,Graphic Designer,Software Developer,Civil Engineer
81,37,29,25,62,48,63,47,0,0,0,1,0,1,1,1,0,1,Graphic Designer,Mechanical Engineer,Content Writer
28,25,92,49,96,48,21,85,0,0,0,1,1,1,1,0,1,0,Graphic Designer,Mechanical Engineer,Marketing Manager
33,87,71,62,55,69,77,63,1,0,0,0,0,1,1,0,1,0,Teacher,Mechanical Engineer,Software Developer
27,38,25,32,75,100,47,32,0,1,1,1,0,0,0,1,0,0,Psychologist,Graphic Designer,Doctor
66,97,99,54,93,72,82,24,1,1,1,0,1,0,1,0,1,1,Marketing Manager,Financial Analyst,Digital Marketer
73,91,66,48,68,37,52,29,0,1,1,0,1,0,1,0,1,1,Data Scientist,Architect,UX/UI Designer
80,87,23,21,38,83,68,65,1,1,0,0,1,0,0,1,1,0,Marketing Manager,Architect,Financial Analyst
20,46,32,50,78,59,67,91,0,1,1,1,0,0,0,0,0,1,Graphic Designer,Mechanical Engineer,Architect
74,78,55,70,54,43,37,31,0,0,0,0,0,1,1,0,1,0,UX/UI Designer,Teacher,Lawyer
38,80,29,72,84,81,20,83,1,1,1,1,1,1,0,1,1,1,Teacher,Lawyer,Architect
58,86,93,31,75,87,78,82,1,0,1,1,1,1,1,1,0,0,Content Writer,Data Scientist,Marketing Manager
99,57,59,63,40,56,90,78,0,0,1,0,1,1,0,0,1,1,Mechanical Engineer,Marketing Manager,Financial Analyst
82,48,82,89,22,41,80,48,0,1,1,0,0,1,0,0,0,1,Graphic Designer,Software Developer,Marketing Manager
91,61,58,85,70,47,54,62,1,1,1,1,1,0,0,1,0,1,Financial Analyst,Architect,Doctor
94,40,62,69,62,28,83,52,1,0,1,1,1,0,0,0,1,0,Lawyer,Marketing Manager,Doctor
80,78,73,34,71,52,58,90,1,0,1,1,1,0,1,1,0,0,Content Writer,Marketing Manager,Software Developer
40,20,39,30,56,57,71,94,0,0,0,1,1,1,1,1,1,1,Digital Marketer,UX/UI Designer,Financial Analyst
70,32,41,36,23,46,66,26,0,0,1,0,1,1,0,0,1,1,Lawyer,Architect,Psychologist
85,84,63,43,90,32,28,94,1,0,1,0,1,0,0,1,0,0,Marketing Manager,Teacher,Mechanical Engineer
42,46,83,30,44,56,76,32,1,1,1,1,0,0,0,0,0,0,Psychologist,Doctor,Digital Marketer
55,62,42,41,38,40,59,63,1,0,0,0,0,0,1,0,0,0,Graphic Designer,Architect,UX/UI Designer
69,84,88,40,57,29,39,68,0,1,1,1,1,1,1,0,0,0,Marketing Manager,Lawyer,Software Developer
40,67,32,69,58,46,25,79,0,0,0,1,0,0,0,1,1,1,Financial Analyst,UX/UI Designer,Marketing Manager
58,53,27,23,56,80,96,75,0,0,1,1,0,1,1,0,1,1,UX/UI Designer,Lawyer,Teacher
54,67,88,58,52,80,88,100,0,0,1,0,1,1,1,1,0,1,Mechanical Engineer,UX/UI Designer,Civil Engineer
28,65,53,26,87,70,78,81,0,1,0,0,1,0,0,1,0,0,Digital Marketer,Content Writer,Civil Engineer
80,50,92,23,20,83,20,84,1,0,0,0,0,1,0,1,1,1,Marketing Manager,Financial Analyst,Software Developer
37,76,41,65,93,22,61,23,0,1,1,1,1,1,0,0,1,1,Lawyer,Software Developer,Doctor
27,48,87,81,79,55,84,90,1,1,1,1,1,0,0,0,1,0,Digital Marketer,Teacher,Lawyer
66,61,84,61,78,47,71,39,1,0,0,1,1,1,1,0,0,0,Teacher,Psychologist,Civil Engineer
40,27,83,69,22,50,23,51,0,0,1,0,0,0,1,1,0,1,Architect,Mechanical Engineer,Teacher
35,62,43,46,71,65,84,30,0,1,1,0,1,0,1,0,1,1,Civil Engineer,Financial Analyst,Marketing Manager
47,45,33,33,93,70,23,46,0,0,0,1,1,1,0,0,0,1,Civil Engineer,Mechanical Engineer,Architect
43,80,77,76,48,39,50,86,1,1,1,0,1,0,0,1,1,0,Psychologist,Architect,Civil Engineer
51,44,90,91,75,79,88,75,1,0,1,0,0,1,1,0,0,1,Architect,UX/UI Designer,Content Writer
32,20,84,46,51,39,41,85,0,0,1,0,1,0,0,0,1,1,Civil Engineer,Graphic Designer,Psychologist
37,98,50,86,59,71,36,55,0,1,0,0,1,0,1,1,1,0,Mechanical Engineer,Software Developer,Psychologist
57,32,75,22,28,45,26,45,0,0,0,0,1,0,0,0,1,0,Graphic Designer,Digital Marketer,Civil Engineer
83,84,69,52,24,57,90,40,0,0,1,1,1,0,0,0,1,1,Lawyer,Civil Engineer,UX/UI Designer
76,90,46,73,21,81,68,43,1,1,0,1,1,0,0,1,0,0,Doctor,Civil Engineer,Psychologist
71,74,70,23,58,67,92,32,1,1,0,1,1,1,0,0,1,1,Software Developer,Content Writer,Teacher
78,56,44,23,30,47,83,71,0,1,0,1,1,0,0,0,0,0,Graphic Designer,Teacher,Data Scientist
71,28,21,70,65,32,46,74,0,1,0,0,0,1,1,0,1,1,UX/UI Designer,Content Writer,Architect
39,64,75,24,66,21,77,78,1,1,1,0,0,1,0,0,0,0,Psychologist,Digital Marketer,Teacher
51,87,61,87,83,28,26,77,0,0,1,0,1,0,1,1,1,0,Graphic Designer,Software Developer,Doctor
22,41,45,50,32,37,76,38,1,0,0,1,1,1,1,1,1,0,Lawyer,Mechanical Engineer,UX/UI Designer
51,86,40,23,27,83,55,82,1,1,0,1,0,0,0,1,1,0,UX/UI Designer,Digital Marketer,Content Writer
23,42,26,78,97,58,43,29,0,0,0,0,1,0,1,0,0,1,Teacher,Architect,Digital Marketer
64,94,57,88,45,30,66,59,1,1,1,1,1,1,0,1,0,0,Teacher,Graphic Designer,Architect
72,43,56,63,61,46,82,37,1,1,1,0,0,0,0,0,1,0,UX/UI Designer,Doctor,Marketing Manager
88,81,57,77,64,84,72,73,0,1,0,1,1,0,1,0,1,1,Content Writer,Teacher,Data Scientist
38,27,28,37,83,88,94,64,0,0,0,0,1,0,0,1,1,0,Software Developer,Lawyer,Civil Engineer
73,20,22,69,53,57,48,65,1,1,1,0,1,1,1,1,0,0,Graphic Designer,Teacher,Lawyer
64,40,94,53,97,88,57,100,1,0,0,0,0,0,0,1,1,1,Content Writer,UX/UI Designer,Psychologist
49,70,100,64,63,64,44,29,1,0,0,1,0,1,0,0,1,0,Financial Analyst,Marketing Manager,Civil Engineer
70,45,65,60,49,37,57,28,1,1,1,1,1,1,1,0,0,1,Lawyer,UX/UI Designer,Marketing Manager
84,42,50,45,51,36,63,25,1,1,0,1,0,0,0,0,0,1,Marketing Manager,Financial Analyst,UX/UI Designer
25,82,36,46,36,68,56,57,1,0,0,1,0,1,0,0,0,1,Data Scientist,Financial Analyst,Lawyer
43,79,21,97,68,43,97,39,0,1,0,0,1,1,1,0,1,0,Psychologist,Content Writer,Graphic Designer
98,73,99,25,42,90,31,43,1,1,0,1,0,0,1,1,0,1,Financial Analyst,Data Scientist,Content Writer
24,87,34,54,88,38,80,99,0,1,1,1,1,0,1,1,0,1,Architect,Content Writer,Graphic Designer
50,73,80,68,26,91,56,57,1,0,0,0,0,1,1,1,1,0,Lawyer,Psychologist,Digital Marketer
89,92,71,96,79,83,72,51,1,0,1,1,1,1,1,0,1,0,Data Scientist,Mechanical Engineer,Doctor
32,69,77,51,27,61,70,89,0,1,0,0,0,1,0,1,0,0,Data Scientist,Content Writer,Digital Marketer
80,47,41,43,67,89,22,67,1,0,0,0,0,1,0,1,0,1,Civil Engineer,Doctor,Financial Analyst
30,25,67,94,29,84,39,31,0,1,0,0,1,1,0,0,0,1,Content Writer,Mechanical Engineer,Civil Engineer
40,56,66,51,68,27,94,26,1,1,0,0,1,1,0,0,1,1,Psychologist,Content Writer,Graphic Designer
25,92,30,88,85,68,94,88,1,0,1,0,1,1,1,0,0,0,Content Writer,Lawyer,Doctor
47,33,42,90,61,60,64,25,0,0,1,1,1,0,0,0,0,0,Graphic Designer,Data Scientist,Software Developer
32,88,40,57,55,27,81,78,0,0,1,1,1,1,1,1,1,1,Software Developer,UX/UI Designer,Digital Marketer
97,97,35,58,65,93,59,100,1,0,0,0,0,1,1,0,0,0,Civil Engineer,Data Scientist,Marketing Manager
37,27,64,65,90,63,53,28,0,0,0,0,1,1,0,0,0,1,Mechanical Engineer,Data Scientist,UX/UI Designer
54,28,52,23,75,87,69,64,1,1,0,0,0,0,1,0,1,0,Teacher,UX/UI Designer,Psychologist
23,20,36,79,32,52,26,26,1,1,1,1,1,0,0,0,0,1,Architect,Graphic Designer,Financial Analyst
53,28,53,71,20,26,46,90,0,1,0,1,1,1,0,1,0,1,UX/UI Designer,Doctor,Content Writer
79,61,84,76,72,25,32,71,1,0,1,0,1,0,1,1,0,0,Teacher,Lawyer,Doctor
50,48,37,70,83,32,35,45,1,0,0,0,1,1,1,0,0,0,Lawyer,Content Writer,Financial Analyst
77,90,48,56,66,61,84,66,1,1,1,0,0,0,1,0,1,1,UX/UI Designer,Digital Marketer,Teacher
91,88,53,40,70,33,52,34,1,0,0,1,0,1,1,0,1,0,Teacher,Psychologist,Digital Marketer
63,21,26,41,31,50,39,84,1,1,0,0,1,0,1,0,0,1,UX/UI Designer,Marketing Manager,Financial Analyst
20,76,84,67,47,34,35,74,0,1,0,0,0,0,0,1,0,1,Data Scientist,Civil Engineer,Lawyer
86,59,76,43,24,76,93,98,0,0,1,1,0,0,0,0,0,1,Digital Marketer,Teacher,Financial Analyst
79,29,31,84,93,36,98,24,0,0,0,0,0,1,1,1,1,1,Marketing Manager,Content Writer,Software Developer
46,96,64,30,63,97,35,37,1,0,0,1,0,0,1,1,1,1,Mechanical Engineer,Graphic Designer,Digital Marketer
20,51,61,84,87,88,56,94,1,1,1,0,0,0,1,0,1,0,Doctor,Civil Engineer,Content Writer
96,53,62,65,42,67,85,61,0,1,0,1,0,0,0,1,0,0,Doctor,Financial Analyst,Mechanical Engineer
34,43,56,89,91,34,82,75,1,0,1,0,1,0,1,0,0,1,Lawyer,UX/UI Designer,Civil Engineer
55,82,76,75,58,61,84,25,0,0,0,0,0,1,1,0,0,1,Financial Analyst,Psychologist,Marketing Manager
59,47,72,28,26,44,86,45,1,0,1,0,1,0,1,0,0,0,Data Scientist,Digital Marketer,Graphic Designer
75,41,48,76,70,74,85,31,1,1,1,0,1,1,0,0,0,0,Doctor,Digital Marketer,Content Writer
33,65,68,91,100,79,60,81,0,1,1,1,0,1,0,0,1,1,Marketing Manager,Architect,Data Scientist
91,56,51,67,93,55,94,45,0,1,0,1,1,1,1,1,0,1,Content Writer,Data Scientist,Doctor
49,43,21,96,26,36,95,77,1,0,0,1,0,1,1,0,1,0,Mechanical Engineer,Lawyer,Digital Marketer
81,80,74,92,25,96,43,92,1,0,0,0,1,1,0,0,0,0,Teacher,Software Developer,Civil Engineer
96,80,36,45,54,88,63,87,0,1,0,1,1,1,1,0,1,1,Graphic Designer,Psychologist,Civil Engineer
72,68,99,59,96,45,68,70,1,1,0,0,1,0,1,0,0,1,Mechanical Engineer,Financial Analyst,Content Writer
38,88,25,32,87,40,25,84,1,0,0,0,0,1,1,0,1,0,Marketing Manager,Architect,Content Writer
49,60,95,35,71,55,35,32,1,1,0,1,0,0,0,0,0,0,Civil Engineer,Marketing Manager,Data Scientist
95,57,31,29,79,64,32,44,1,1,0,0,1,0,0,1,1,1,Civil Engineer,UX/UI Designer,Architect
37,87,59,83,60,81,90,49,1,0,0,1,1,0,0,0,0,0,Marketing Manager,Lawyer,Psychologist
57,43,51,65,100,78,53,40,1,0,0,1,1,1,0,0,0,1,Lawyer,Digital Marketer,Civil Engineer
34,56,90,59,39,87,45,20,1,0,0,1,0,1,1,0,0,1,Digital Marketer,Content Writer,Lawyer
38,30,50,87,78,26,42,75,0,1,1,1,1,1,0,1,0,0,Graphic Designer,Psychologist,Marketing Manager
41,83,28,83,30,22,35,78,0,0,0,0,0,1,1,1,0,0,Marketing Manager,UX/UI Designer,Digital Marketer
48,40,100,56,90,56,78,52,0,0,1,1,1,1,1,1,0,0,Financial Analyst,Psychologist,Lawyer
51,83,80,64,56,34,47,77,0,1,1,1,0,0,1,1,1,1,UX/UI Designer,Graphic Designer,Civil Engineer
91,83,83,92,37,96,68,66,1,0,0,1,0,0,1,1,1,1,Content Writer,UX/UI Designer,Mechanical Engineer
46,47,92,88,35,80,78,32,1,0,0,1,1,0,1,1,0,1,Teacher,Doctor,Digital Marketer
92,22,72,96,39,34,96,25,0,0,0,0,0,1,1,0,1,1,Graphic Designer,Content Writer,Digital Marketer
30,81,53,66,74,86,98,38,0,0,0,0,0,1,0,0,0,1,Lawyer,Digital Marketer,Content Writer
42,34,58,78,72,22,71,55,0,1,0,0,0,0,0,1,1,1,Software Developer,Data Scientist,Content Writer
42,41,50,33,27,42,29,50,0,1,0,0,0,1,0,0,0,0,Teacher,Digital Marketer,Marketing Manager
70,68,52,54,100,21,93,49,0,0,0,0,0,0,0,0,0,1,Mechanical Engineer,Graphic Designer,Marketing Manager
71,90,61,85,95,30,75,81,0,0,1,1,1,0,0,1,0,0,Software Developer,Doctor,Content Writer
41,52,67,47,69,33,35,22,1,1,1,0,1,0,0,1,1,1,Software Developer,Data Scientist,Psychologist
83,61,57,22,100,28,100,42,0,1,1,0,0,1,0,0,1,0,Graphic Designer,Teacher,UX/UI Designer
58,54,32,55,93,50,93,85,1,1,1,1,1,1,0,1,0,0,Psychologist,Digital Marketer,Doctor
64,29,85,83,45,36,75,59,1,0,0,1,1,1,1,1,1,0,Psychologist,Software Developer,Digital Marketer
98,23,86,76,69,29,31,92,1,1,1,0,1,1,0,1,1,1,Psychologist,Marketing Manager,Civil Engineer
22,64,58,90,46,70,30,88,1,0,1,1,0,0,1,1,0,0,Marketing Manager,Doctor,Architect
92,67,60,38,23,20,24,59,0,1,0,1,1,0,0,1,0,1,Mechanical Engineer,Architect,Doctor
69,80,59,76,34,26,42,83,0,0,0,0,1,1,0,0,0,1,Software Developer,Architect,Teacher
76,88,29,59,93,37,25,60,0,1,1,1,0,0,0,1,0,1,Data Scientist,Mechanical Engineer,Doctor
58,49,47,51,69,36,55,22,1,0,1,1,0,0,1,0,0,0,Psychologist,Software Developer,Content Writer
99,62,94,36,62,31,44,44,1,0,1,0,1,0,1,0,1,0,Civil Engineer,Software Developer,Financial Analyst
98,39,98,84,85,76,46,21,1,0,0,0,1,0,0,0,0,1,Digital Marketer,Mechanical Engineer,Psychologist
82,41,91,98,83,25,75,36,0,1,1,1,0,0,0,0,0,1,Data Scientist,Graphic Designer,Civil Engineer
75,36,81,36,92,69,93,33,0,1,0,0,1,1,0,0,1,0,Doctor,Lawyer,Psychologist
77,37,21,87,67,94,81,33,0,1,0,0,0,0,1,1,0,0,Civil Engineer,Lawyer,Software Developer
28,59,28,90,54,99,54,57,1,0,0,0,1,0,1,1,0,1,Marketing Manager,Data Scientist,Software Developer
79,79,42,40,78,93,100,52,1,0,0,1,0,0,1,0,1,1,Financial Analyst,Marketing Manager,Psychologist
27,47,94,56,20,100,40,58,0,1,1,0,0,0,0,0,0,1,Digital Marketer,Data Scientist,Software Developer
99,47,63,32,88,86,82,92,1,0,0,1,1,1,1,1,0,1,Software Developer,Digital Marketer,Graphic Designer
24,29,60,78,92,21,91,59,0,0,1,0,0,0,0,0,0,0,Lawyer,Psychologist,Marketing Manager
58,73,42,75,68,63,60,100,1,0,0,0,1,0,0,1,0,1,Data Scientist,Lawyer,Graphic Designer
95,96,54,54,42,42,51,97,0,1,0,1,0,1,0,1,1,1,Marketing Manager,Digital Marketer,Lawyer
42,27,38,25,66,82,65,93,0,1,1,1,0,0,1,0,1,0,Digital Marketer,Doctor,Financial Analyst
85,50,77,66,96,44,55,94,0,1,0,0,1,1,0,0,0,1,Civil Engineer,Content Writer,Architect
94,61,37,51,21,31,55,74,1,0,0,0,1,0,0,0,0,0,UX/UI Designer,Content Writer,Software Developer
62,92,50,30,53,73,85,55,0,0,1,1,0,1,1,1,1,0,Doctor,Financial Analyst,Marketing Manager
90,92,34,92,32,37,85,37,1,0,1,1,0,0,1,0,1,0,Graphic Designer,UX/UI Designer,Architect
99,68,76,28,23,81,69,84,0,1,0,0,0,0,1,0,1,0,Doctor,Digital Marketer,Content Writer
75,78,100,81,100,25,34,84,1,1,0,0,0,1,0,1,1,1,Digital Marketer,Data Scientist,Content Writer
47,77,77,68,71,31,66,71,1,1,0,0,0,0,0,0,0,0,Financial Analyst,Digital Marketer,UX/UI Designer
33,100,61,29,22,94,47,71,1,0,1,1,0,1,0,0,1,1,Civil Engineer,Doctor,Digital Marketer
33,79,25,64,92,56,64,79,0,0,0,0,1,1,1,1,1,0,Digital Marketer,Civil Engineer,Marketing Manager
22,88,79,44,67,79,29,65,0,1,0,1,1,1,0,0,1,1,Lawyer,Digital Marketer,Financial Analyst
37,94,54,98,21,48,33,68,1,1,0,1,0,1,1,1,1,1,Marketing Manager,Lawyer,Mechanical Engineer
23,61,80,47,74,29,54,43,1,0,1,0,0,0,0,1,1,1,Psychologist,Mechanical Engineer,Content Writer
88,26,44,82,43,71,32,71,0,1,1,1,0,0,1,0,0,1,Software Developer,UX/UI Designer,Architect
93,57,92,45,80,44,53,60,0,1,1,1,1,0,0,1,1,1,Architect,Civil Engineer,Software Developer
55,27,46,100,70,44,52,89,0,1,1,0,0,0,0,0,1,1,Data Scientist,Financial Analyst,Lawyer
33,100,71,48,23,22,46,40,0,1,1,0,0,0,1,1,0,0,UX/UI Designer,Psychologist,Lawyer
63,90,74,84,68,95,68,88,0,0,0,1,0,0,1,0,0,0,Architect,Marketing Manager,UX/UI Designer
36,37,71,78,39,63,74,86,0,1,1,0,1,1,0,0,0,1,Content Writer,Civil Engineer,Teacher
96,32,51,29,22,59,39,56,0,1,0,0,1,0,1,0,0,1,Financial Analyst,Civil Engineer,Architect
84,93,37,63,36,29,54,29,1,1,1,0,0,1,0,1,1,1,Graphic Designer,Doctor,Content Writer
35,23,93,65,44,100,37,58,1,0,1,0,0,0,1,1,1,0,Software Developer,Architect,Teacher
69,44,91,40,36,31,89,71,0,0,1,0,0,0,0,0,0,0,Software Developer,Marketing Manager,Psychologist
56,73,74,57,89,68,51,51,0,1,0,0,0,1,1,1,0,1,UX/UI Designer,Software Developer,Doctor
84,34,46,97,80,51,94,49,0,0,1,0,1,0,0,0,0,1,Graphic Designer,Civil Engineer,Data Scientist
